specimen_id,collection_date,age_group,sex,department,specimen_type,test_requested,collection_shift,collector_role,rejection_status,rejection_reason,turnaround_time_min,flag_dept_sex_mismatch,flag_dept_age_mismatch
SP101561,2025-01-22,0-9,Male,Emergency,Blood,Urea,Afternoon,Clinical Officer,Accepted,Not rejected,76.0,False,False
SP102836,2025-03-19,0-9,Female,Pediatrics,Blood,LFT,Morning,Phlebotomist,Accepted,Not rejected,38.0,False,False
SP104071,2025-09-23,50-59,Male,Pediatrics,Urine,Urine Culture,Morning,Phlebotomist,Accepted,Not rejected,111.0,False,True
SP101627,2025-06-17,0-9,Male,Maternity,Blood,Urea,Afternoon,Laboratory Technologist,Accepted,Not rejected,85.0,True,False
SP103306,2025-10-09,20-29,Female,Inpatient,Blood,Urea,Afternoon,Nurse,Rejected,Hemolysis,108.0,False,False
SP100019,2025-08-29,0-9,Male,Emergency,Blood,Glucose,Morning,Clinical Officer,Accepted,Not rejected,78.0,False,False
SP102631,2025-10-21,50-59,Female,Inpatient,Blood,Glucose,Morning,Nurse,Accepted,Not rejected,104.0,False,False
SP100362,2025-03-03,50-59,Female,ICU,Blood,CBC,Night,Nurse,Accepted,Not rejected,52.0,False,False
SP101910,2025-04-07,0-9,Female,Emergency,CSF,CSF Analysis,Morning,Laboratory Technologist,Accepted,Not rejected,69.0,False,False
SP102481,2025-01-02,40-49,Female,Outpatient,Stool,Stool O&P,Morning,Clinical Officer,Accepted,Not rejected,72.0,False,False
SP104772,2025-12-08,50-59,Male,Emergency,Stool,Culture,Morning,Nurse,Accepted,Not rejected,60.0,False,False
SP104962,2025-09-10,60+,Female,Inpatient,Blood,Urea,Afternoon,Nurse,Accepted,Not rejected,72.0,False,False
SP102239,2025-12-30,0-9,Female,Outpatient,Blood,LFT,Morning,Phlebotomist,Accepted,Not rejected,35.0,False,False
SP102410,2025-02-26,60+,Male,Emergency,Sputum,AFB,Afternoon,Nurse,Rejected,Delayed transport,55.0,False,False
SP102406,2025-08-21,50-59,Female,Emergency,Urine,Urinalysis,Night,Clinical Officer,Accepted,Not rejected,99.0,False,False
SP100192,2025-02-17,10-19,Male,Outpatient,Blood,Glucose,Afternoon,Nurse,Accepted,Not rejected,97.0,False,False
SP101536,2025-05-20,20-29,Female,Inpatient,Stool,Culture,Afternoon,Nurse,Accepted,Not rejected,55.0,False,False
SP103191,2025-02-06,50-59,Male,Inpatient,Urine,Urine Culture,Afternoon,Nurse,Accepted,Not rejected,60.0,False,False
SP101672,2025-04-07,30-39,Male,ICU,Urine,Urine Culture,Night,Nurse,Accepted,Not rejected,77.0,False,False
SP100106,2025-11-17,60+,Female,Pediatrics,CSF,Culture,Morning,Phlebotomist,Accepted,Not rejected,72.0,False,True
SP102879,2025-08-19,50-59,Female,Outpatient,Blood,LFT,Morning,Nurse,Accepted,Not rejected,99.0,False,False
SP104256,2025-09-26,60+,Female,ICU,Blood,Glucose,Afternoon,Laboratory Technologist,Accepted,Not rejected,89.0,False,False
SP101308,2025-07-14,10-19,Female,Pediatrics,Blood,Urea,Afternoon,Nurse,Accepted,Not rejected,64.0,False,False
SP101205,2025-02-01,10-19,Male,Maternity,CSF,Culture,Morning,Phlebotomist,Accepted,Not rejected,68.0,True,False
SP100949,2025-12-29,40-49,Male,Outpatient,Stool,Stool O&P,Afternoon,Nurse,Accepted,Not rejected,94.0,False,False
SP100018,2025-01-08,50-59,Male,Outpatient,Urine,Urinalysis,Morning,Phlebotomist,Accepted,Not rejected,78.0,False,False
SP102701,2025-12-28,50-59,Female,Pediatrics,CSF,Culture,Afternoon,Phlebotomist,Accepted,Not rejected,95.0,False,True
SP100564,2025-02-26,10-19,Male,Outpatient,Sputum,AFB,Morning,Clinical Officer,Accepted,Not rejected,75.0,False,False
SP104564,2025-11-18,40-49,Female,Outpatient,CSF,Culture,Morning,Nurse,Accepted,Not rejected,90.0,False,False
SP102111,2025-10-19,20-29,Male,Inpatient,Urine,Urinalysis,Afternoon,Nurse,Accepted,Not rejected,71.0,False,False
SP102500,2025-05-21,40-49,Female,Maternity,Urine,Urinalysis,Morning,Nurse,Accepted,Not rejected,63.0,False,False
SP101642,2025-02-11,10-19,Male,Outpatient,Sputum,Gram Stain,Morning,Clinical Officer,Accepted,Not rejected,45.0,False,False
SP102915,2025-06-08,30-39,Male,Outpatient,Blood,Glucose,Morning,Nurse,Accepted,Not rejected,119.0,False,False
SP100259,2025-11-08,40-49,Male,Inpatient,Blood,CBC,Afternoon,Phlebotomist,Accepted,Not rejected,87.0,False,False
SP103835,2025-12-12,20-29,Female,Emergency,Urine,Urine Culture,Afternoon,Laboratory Technologist,Accepted,Not rejected,70.0,False,False
SP102395,2025-08-09,60+,Male,Inpatient,Urine,Urine Culture,Morning,Phlebotomist,Accepted,Not rejected,51.0,False,False
SP101286,2025-02-10,50-59,Male,Inpatient,Urine,Urine Culture,Night,Nurse,Accepted,Not rejected,28.0,False,False
SP101323,2025-11-17,10-19,Female,Outpatient,Urine,Urinalysis,Morning,Nurse,Accepted,Not rejected,49.0,False,False
SP104429,2025-11-09,10-19,Male,ICU,Blood,Creatinine,Morning,Clinical Officer,Rejected,Wrong container,54.0,False,False
SP100571,2025-12-22,50-59,Male,Inpatient,Sputum,AFB,Night,Nurse,Accepted,Not rejected,93.0,False,False
SP101279,2025-05-26,0-9,Male,Emergency,Urine,Urine Culture,Night,Clinical Officer,Accepted,Not rejected,78.0,False,False
SP102135,2025-10-28,40-49,Male,Pediatrics,Urine,Urinalysis,Morning,Phlebotomist,Accepted,Not rejected,115.0,False,True
SP101523,2025-12-13,50-59,Male,Emergency,Swab,Throat Culture,Afternoon,Clinical Officer,Accepted,Not rejected,67.0,False,False
SP103966,2025-12-30,20-29,Female,Outpatient,Urine,Urine Culture,Night,Nurse,Accepted,Not rejected,29.0,False,False
SP102477,2025-07-06,20-29,Female,Inpatient,Sputum,AFB,Afternoon,Nurse,Accepted,Not rejected,55.0,False,False
SP102903,2025-01-04,10-19,Male,Emergency,Blood,Creatinine,Morning,Clinical Officer,Accepted,Not rejected,74.0,False,False
SP102009,2025-08-14,30-39,Female,Emergency,Urine,Urinalysis,Morning,Nurse,Accepted,Not rejected,67.0,False,False
SP103816,2025-10-03,40-49,Male,Outpatient,Blood,LFT,Afternoon,Phlebotomist,Accepted,Not rejected,85.0,False,False
SP104452,2025-02-23,20-29,Male,Inpatient,Swab,Wound Culture,Morning,Nurse,Accepted,Not rejected,72.0,False,False
SP101247,2025-06-22,0-9,Female,Inpatient,Sputum,AFB,Night,Nurse,Accepted,Not rejected,151.0,False,False
SP100038,2025-06-24,0-9,Male,Inpatient,Urine,Urinalysis,Afternoon,Nurse,Accepted,Not rejected,118.0,False,False
SP101071,2025-06-24,30-39,Male,Inpatient,Urine,Urinalysis,Morning,Clinical Officer,Accepted,Not rejected,80.0,False,False
SP102123,2025-05-07,40-49,Female,Inpatient,Stool,Culture,Morning,Laboratory Technologist,Accepted,Not rejected,115.0,False,False
SP104542,2025-10-06,60+,Female,Pediatrics,Stool,Stool O&P,Night,Laboratory Technologist,Accepted,Not rejected,72.0,False,True
SP103716,2025-03-10,0-9,Female,Outpatient,Urine,Urine Culture,Morning,Phlebotomist,Accepted,Not rejected,36.0,False,False
SP104662,2025-09-04,40-49,Male,Outpatient,Blood,Urea,Afternoon,Nurse,Accepted,Not rejected,88.0,False,False
SP102345,2025-10-05,0-9,Female,Outpatient,Urine,Urinalysis,Morning,Laboratory Technologist,Accepted,Not rejected,35.0,False,False
SP102145,2025-02-17,60+,Male,Outpatient,Blood,Glucose,Night,Nurse,Accepted,Not rejected,63.0,False,False
SP104901,2025-01-04,50-59,Male,Outpatient,Blood,CBC,Afternoon,Clinical Officer,Accepted,Not rejected,78.0,False,False
SP102376,2025-02-08,60+,Male,Inpatient,Blood,Creatinine,Afternoon,Clinical Officer,Accepted,Not rejected,103.0,False,False
SP103729,2025-06-05,0-9,Female,Outpatient,Blood,CBC,Afternoon,Laboratory Technologist,Accepted,Not rejected,54.0,False,False
SP104160,2025-12-06,40-49,Male,Maternity,Urine,Urine Culture,Morning,Clinical Officer,Accepted,Not rejected,103.0,True,False
SP100254,2025-02-07,50-59,Male,Inpatient,Blood,CBC,Afternoon,Nurse,Rejected,Delayed transport,47.0,False,False
SP103616,2025-03-03,60+,Female,Inpatient,Swab,Throat Culture,Night,Clinical Officer,Rejected,Insufficient volume,40.0,False,False
SP100419,2025-12-03,0-9,Female,Inpatient,Swab,Wound Culture,Night,Nurse,Accepted,Not rejected,92.0,False,False
SP104121,2025-03-22,0-9,Male,Pediatrics,Urine,Urine Culture,Morning,Clinical Officer,Accepted,Not rejected,61.0,False,False
SP104521,2025-03-08,40-49,Female,Inpatient,Blood,Creatinine,Afternoon,Unknown,Accepted,Not rejected,66.0,False,False
SP102567,2025-04-03,60+,Female,Pediatrics,Urine,Urine Culture,Morning,Phlebotomist,Accepted,Not rejected,94.0,False,True
SP102083,2025-12-15,30-39,Male,ICU,Urine,Urinalysis,Afternoon,Phlebotomist,Accepted,Not rejected,104.0,False,False
SP104333,2025-08-30,40-49,Female,Maternity,Urine,Urinalysis,Morning,Nurse,Accepted,Not rejected,117.0,False,False
SP103182,2025-11-05,0-9,Female,Pediatrics,CSF,CSF Analysis,Afternoon,Clinical Officer,Accepted,Not rejected,104.0,False,False
SP101678,2025-12-27,60+,Female,ICU,Blood,CBC,Morning,Phlebotomist,Rejected,Leaking container,96.0,False,False
SP100924,2025-06-02,40-49,Male,Inpatient,Blood,Glucose,Afternoon,Nurse,Accepted,Not rejected,38.0,False,False
SP102585,2025-04-27,40-49,Female,Inpatient,Sputum,AFB,Morning,Nurse,Rejected,Delayed transport,88.0,False,False
SP101393,2025-09-24,0-9,Male,Outpatient,Swab,Throat Culture,Night,Clinical Officer,Accepted,Not rejected,76.0,False,False
SP103941,2025-08-30,50-59,Male,Emergency,Urine,Urinalysis,Morning,Phlebotomist,Accepted,Not rejected,95.0,False,False
SP102110,2025-10-07,20-29,Male,Outpatient,Blood,LFT,Night,Phlebotomist,Rejected,Leaking container,16.0,False,False
SP100216,2025-09-17,20-29,Female,Outpatient,Stool,Stool O&P,Morning,Nurse,Accepted,Not rejected,16.0,False,False
SP101641,2025-07-21,50-59,Male,Emergency,Urine,Urine Culture,Morning,Clinical Officer,Accepted,Not rejected,63.0,False,False
SP104747,2025-06-06,20-29,Male,Pediatrics,Urine,Urinalysis,Afternoon,Phlebotomist,Rejected,Leaking container,58.0,False,True
SP101098,2025-08-09,40-49,Male,Pediatrics,Stool,Stool O&P,Morning,Nurse,Accepted,Not rejected,63.0,False,True
SP101565,2025-04-11,50-59,Male,Outpatient,Sputum,Gram Stain,Afternoon,Phlebotomist,Accepted,Not rejected,92.0,False,False
SP100629,2025-02-08,20-29,Female,Inpatient,Blood,Glucose,Afternoon,Laboratory Technologist,Accepted,Not rejected,77.0,False,False
SP104023,2025-10-04,10-19,Female,Inpatient,Blood,CBC,Afternoon,Nurse,Accepted,Not rejected,116.0,False,False
SP101969,2025-12-11,60+,Female,Pediatrics,Blood,LFT,Morning,Clinical Officer,Accepted,Not rejected,83.0,False,True
SP104553,2025-08-26,40-49,Male,Outpatient,Swab,Wound Culture,Afternoon,Clinical Officer,Accepted,Not rejected,104.0,False,False
SP103922,2025-12-17,0-9,Male,Inpatient,Blood,LFT,Morning,Phlebotomist,Accepted,Not rejected,75.0,False,False
SP101299,2025-11-22,40-49,Male,Maternity,Sputum,Gram Stain,Morning,Nurse,Accepted,Not rejected,54.0,True,False
SP103371,2025-10-15,10-19,Female,ICU,CSF,CSF Analysis,Afternoon,Nurse,Accepted,Not rejected,49.0,False,False
SP102116,2025-07-27,0-9,Female,Inpatient,Blood,LFT,Night,Nurse,Accepted,Not rejected,66.0,False,False
SP103751,2025-02-03,50-59,Female,Emergency,Blood,LFT,Morning,Laboratory Technologist,Accepted,Not rejected,78.0,False,False
SP102404,2025-09-04,40-49,Male,Inpatient,Urine,Urinalysis,Morning,Nurse,Accepted,Not rejected,94.0,False,False
SP100215,2025-11-20,10-19,Female,ICU,Blood,Creatinine,Morning,Clinical Officer,Accepted,Not rejected,85.0,False,False
SP101278,2025-01-22,40-49,Male,Pediatrics,Urine,Urinalysis,Afternoon,Phlebotomist,Accepted,Not rejected,78.0,False,True
SP100166,2025-08-21,10-19,Male,Pediatrics,Urine,Urine Culture,Morning,Nurse,Accepted,Not rejected,68.0,False,False
SP101802,2025-08-23,20-29,Female,Maternity,Blood,LFT,Night,Phlebotomist,Accepted,Not rejected,98.0,False,False
SP103445,2025-11-23,50-59,Female,Emergency,Blood,Urea,Morning,Clinical Officer,Accepted,Not rejected,85.0,False,False
SP102786,2025-11-25,40-49,Male,Emergency,Urine,Urine Culture,Afternoon,Nurse,Accepted,Not rejected,77.0,False,False
SP102869,2025-09-24,30-39,Female,Outpatient,Stool,Culture,Morning,Clinical Officer,Accepted,Not rejected,97.0,False,False
SP101412,2025-06-01,30-39,Female,Outpatient,Blood,CBC,Morning,Clinical Officer,Accepted,Not rejected,55.0,False,False
SP102497,2025-10-14,30-39,Female,Outpatient,Blood,CBC,Afternoon,Clinical Officer,Accepted,Not rejected,71.0,False,False
SP103026,2025-08-19,60+,Female,Pediatrics,CSF,Culture,Afternoon,Nurse,Accepted,Not rejected,72.0,False,True
SP103377,2025-07-19,20-29,Male,Inpatient,Urine,Urine Culture,Afternoon,Phlebotomist,Accepted,Not rejected,124.0,False,False
SP104787,2025-03-02,50-59,Female,Inpatient,Stool,Culture,Night,Clinical Officer,Rejected,Clotted specimen,38.0,False,False
SP104227,2025-01-31,30-39,Female,Outpatient,Urine,Urinalysis,Morning,Laboratory Technologist,Accepted,Not rejected,41.0,False,False
SP101268,2025-02-07,30-39,Female,Emergency,Sputum,Culture,Afternoon,Clinical Officer,Rejected,Leaking container,59.0,False,False
SP104413,2025-02-07,50-59,Female,ICU,Swab,Wound Culture,Night,Phlebotomist,Accepted,Not rejected,96.0,False,False
SP103732,2025-09-19,50-59,Female,Inpatient,Urine,Urinalysis,Morning,Clinical Officer,Accepted,Not rejected,75.0,False,False
SP103650,2025-05-15,60+,Female,Pediatrics,Urine,Urinalysis,Afternoon,Phlebotomist,Accepted,Not rejected,81.0,False,True
SP104232,2025-03-27,30-39,Male,Emergency,Urine,Urinalysis,Afternoon,Nurse,Rejected,Leaking container,99.0,False,False
SP104821,2025-11-27,20-29,Male,Outpatient,Blood,Urea,Night,Clinical Officer,Accepted,Not rejected,93.0,False,False
SP103851,2025-11-21,40-49,Male,ICU,Blood,Glucose,Morning,Nurse,Accepted,Not rejected,62.0,False,False
SP100754,2025-09-08,10-19,Male,Outpatient,Blood,CBC,Night,Nurse,Rejected,Mislabeling,37.0,False,False
SP101728,2025-06-10,20-29,Male,Emergency,Sputum,Gram Stain,Night,Phlebotomist,Accepted,Not rejected,72.0,False,False
SP101544,2025-07-03,30-39,Female,Emergency,Blood,Urea,Afternoon,Clinical Officer,Accepted,Not rejected,60.0,False,False
SP101469,2025-03-20,60+,Female,Emergency,CSF,CSF Analysis,Afternoon,Phlebotomist,Accepted,Not rejected,80.0,False,False
SP102992,2025-07-29,0-9,Female,Inpatient,Stool,Stool O&P,Morning,Clinical Officer,Accepted,Not rejected,75.0,False,False
SP100721,2025-05-02,30-39,Female,Emergency,Blood,Creatinine,Afternoon,Phlebotomist,Accepted,Not rejected,61.0,False,False
SP102612,2025-07-15,0-9,Female,Maternity,CSF,CSF Analysis,Morning,Nurse,Accepted,Not rejected,70.0,False,False
SP103206,2025-06-26,0-9,Male,Emergency,Blood,Creatinine,Morning,Clinical Officer,Accepted,Not rejected,40.0,False,False
SP100685,2025-02-20,30-39,Male,Outpatient,Urine,Urinalysis,Morning,Clinical Officer,Accepted,Not rejected,85.0,False,False
SP103197,2025-11-06,10-19,Female,Pediatrics,Urine,Urine Culture,Morning,Clinical Officer,Accepted,Not rejected,22.0,False,False
SP102129,2025-07-02,0-9,Male,ICU,Sputum,Culture,Morning,Nurse,Accepted,Not rejected,43.0,False,False
SP104412,2025-10-02,60+,Male,Maternity,Stool,Stool O&P,Morning,Phlebotomist,Accepted,Not rejected,73.0,True,False
SP104757,2025-10-20,0-9,Male,Emergency,Sputum,Culture,Afternoon,Nurse,Accepted,Not rejected,43.0,False,False
SP100615,2025-03-30,0-9,Male,ICU,Blood,Urea,Morning,Nurse,Accepted,Not rejected,73.0,False,False
SP102281,2025-08-30,10-19,Male,Pediatrics,Blood,Urea,Morning,Clinical Officer,Accepted,Not rejected,71.0,False,False
SP103090,2025-01-04,20-29,Female,Emergency,Blood,CBC,Morning,Clinical Officer,Accepted,Not rejected,79.0,False,False
SP104251,2025-03-05,50-59,Female,Emergency,Blood,CBC,Night,Nurse,Accepted,Not rejected,67.0,False,False
SP100342,2025-04-26,60+,Female,Emergency,Sputum,Culture,Afternoon,Clinical Officer,Rejected,Mislabeling,95.0,False,False
SP101369,2025-07-23,30-39,Male,Pediatrics,Urine,Urine Culture,Night,Nurse,Accepted,Not rejected,121.0,False,True
SP104511,2025-02-10,50-59,Male,Inpatient,Urine,Urinalysis,Afternoon,Laboratory Technologist,Accepted,Not rejected,74.0,False,False
SP104187,2025-09-15,50-59,Male,Emergency,Swab,Wound Culture,Afternoon,Nurse,Accepted,Not rejected,113.0,False,False
SP102890,2025-02-20,50-59,Female,Emergency,Blood,Glucose,Night,Phlebotomist,Accepted,Not rejected,74.0,False,False
SP102174,2025-10-03,50-59,Female,Pediatrics,Swab,Wound Culture,Morning,Nurse,Accepted,Not rejected,113.0,False,True
SP102562,2025-08-07,60+,Male,Inpatient,Swab,Wound Culture,Morning,Clinical Officer,Accepted,Not rejected,73.0,False,False
SP102132,2025-04-08,60+,Female,Outpatient,Blood,Glucose,Afternoon,Phlebotomist,Accepted,Not rejected,62.0,False,False
SP100270,2025-12-20,60+,Male,Emergency,Blood,Creatinine,Morning,Clinical Officer,Accepted,Not rejected,83.0,False,False
SP104013,2025-06-10,0-9,Female,Outpatient,Stool,Stool O&P,Morning,Nurse,Accepted,Not rejected,106.0,False,False
SP102247,2025-03-21,0-9,Female,ICU,Blood,CBC,Afternoon,Nurse,Accepted,Not rejected,77.0,False,False
SP104359,2025-06-11,10-19,Female,Pediatrics,Blood,Urea,Afternoon,Nurse,Accepted,Not rejected,77.0,False,False
SP102632,2025-01-30,20-29,Male,Inpatient,Blood,Urea,Afternoon,Nurse,Accepted,Not rejected,90.0,False,False
SP104825,2025-05-16,0-9,Female,Emergency,Swab,Throat Culture,Night,Clinical Officer,Rejected,Clotted specimen,44.0,False,False
SP104883,2025-09-12,50-59,Female,Outpatient,Blood,CBC,Afternoon,Nurse,Accepted,Not rejected,68.0,False,False
SP104057,2025-06-06,10-19,Male,Emergency,Sputum,AFB,Morning,Nurse,Accepted,Not rejected,57.0,False,False
SP104259,2025-02-24,20-29,Male,Inpatient,Sputum,Culture,Afternoon,Laboratory Technologist,Accepted,Not rejected,47.0,False,False
SP104095,2025-10-10,10-19,Male,Unknown,Sputum,AFB,Night,Nurse,Accepted,Not rejected,26.0,False,False
SP102961,2025-05-11,0-9,Female,Inpatient,Blood,LFT,Night,Phlebotomist,Accepted,Not rejected,66.0,False,False
SP102796,2025-10-03,10-19,Female,Emergency,Blood,Creatinine,Night,Nurse,Accepted,Not rejected,86.0,False,False
SP102758,2025-12-12,20-29,Male,ICU,Swab,Throat Culture,Afternoon,Clinical Officer,Accepted,Not rejected,64.0,False,False
SP102535,2025-05-12,10-19,Female,Pediatrics,Blood,Urea,Morning,Clinical Officer,Rejected,Mislabeling,84.0,False,False
SP101618,2025-08-16,10-19,Female,Outpatient,Urine,Urinalysis,Afternoon,Laboratory Technologist,Accepted,Not rejected,110.0,False,False
SP103174,2025-05-08,60+,Female,Pediatrics,CSF,CSF Analysis,Morning,Clinical Officer,Accepted,Not rejected,52.0,False,True
SP100387,2025-04-11,10-19,Female,Outpatient,Blood,Urea,Morning,Nurse,Accepted,Not rejected,51.0,False,False
SP104978,2025-12-07,50-59,Female,Outpatient,Blood,LFT,Afternoon,Clinical Officer,Accepted,Not rejected,55.0,False,False
SP100293,2025-09-08,0-9,Female,Outpatient,CSF,Culture,Afternoon,Laboratory Technologist,Accepted,Not rejected,85.0,False,False
SP103665,2025-06-09,20-29,Male,Inpatient,Swab,Wound Culture,Afternoon,Laboratory Technologist,Accepted,Not rejected,108.0,False,False
SP100580,2025-01-17,50-59,Female,Outpatient,Blood,LFT,Morning,Clinical Officer,Accepted,Not rejected,116.0,False,False
SP101863,2025-01-12,20-29,Female,Inpatient,Stool,Stool O&P,Night,Nurse,Accepted,Not rejected,109.0,False,False
SP104619,2025-11-02,40-49,Female,Pediatrics,Blood,Urea,Morning,Nurse,Accepted,Not rejected,106.0,False,True
SP104053,2025-03-15,40-49,Female,Maternity,Blood,Creatinine,Morning,Phlebotomist,Accepted,Not rejected,101.0,False,False
SP104172,2025-10-04,30-39,Female,Outpatient,Swab,Wound Culture,Morning,Nurse,Accepted,Not rejected,83.0,False,False
SP103967,2025-09-24,Unknown,Female,Pediatrics,Swab,Wound Culture,Morning,Phlebotomist,Accepted,Not rejected,39.0,False,True
SP101952,2025-10-19,60+,Female,Emergency,Blood,LFT,Morning,Clinical Officer,Accepted,Not rejected,61.0,False,False
SP103244,2025-11-08,50-59,Female,Emergency,Swab,Wound Culture,Night,Laboratory Technologist,Accepted,Not rejected,10.0,False,False
SP102418,2025-07-11,0-9,Female,Outpatient,Swab,Wound Culture,Afternoon,Laboratory Technologist,Accepted,Not rejected,142.0,False,False
SP104943,2025-04-06,10-19,Female,Emergency,Urine,Urine Culture,Morning,Laboratory Technologist,Accepted,Not rejected,35.0,False,False
SP103688,2025-07-24,30-39,Male,Emergency,Urine,Urinalysis,Night,Nurse,Rejected,Delayed transport,55.0,False,False
SP103421,2025-12-13,0-9,Female,ICU,Blood,Glucose,Afternoon,Nurse,Accepted,Not rejected,88.0,False,False
SP104440,2025-10-29,20-29,Female,Inpatient,Sputum,Culture,Morning,Laboratory Technologist,Accepted,Not rejected,58.0,False,False
SP104399,2025-07-29,10-19,Male,Outpatient,Urine,Urine Culture,Morning,Laboratory Technologist,Accepted,Not rejected,50.0,False,False
SP100275,2025-09-27,60+,Male,Outpatient,Blood,Glucose,Night,Laboratory Technologist,Accepted,Not rejected,48.0,False,False
SP100542,2025-03-03,60+,Female,Outpatient,Blood,Glucose,Afternoon,Nurse,Accepted,Not rejected,84.0,False,False
SP104580,2025-10-29,0-9,Female,Outpatient,Blood,CBC,Afternoon,Phlebotomist,Rejected,Hemolysis,64.0,False,False
SP104111,2025-01-25,10-19,Female,Inpatient,Blood,Urea,Morning,Nurse,Accepted,Not rejected,64.0,False,False
SP102041,2025-05-04,10-19,Female,ICU,Blood,Creatinine,Afternoon,Laboratory Technologist,Accepted,Not rejected,87.0,False,False
SP101211,2025-05-25,60+,Male,ICU,Blood,Urea,Morning,Unknown,Accepted,Not rejected,59.0,False,False
SP102018,2025-08-29,40-49,Male,Maternity,Blood,LFT,Night,Laboratory Technologist,Rejected,Insufficient volume,64.0,True,False
SP101609,2025-01-26,0-9,Female,Outpatient,Blood,LFT,Morning,Clinical Officer,Rejected,Delayed transport,63.0,False,False
SP100397,2025-03-27,60+,Female,Unknown,Sputum,Culture,Night,Clinical Officer,Accepted,Not rejected,76.0,False,False
SP100546,2025-05-18,30-39,Female,Outpatient,Blood,Urea,Afternoon,Phlebotomist,Accepted,Not rejected,81.0,False,False
SP100610,2025-11-18,50-59,Male,Inpatient,Swab,Throat Culture,Morning,Nurse,Accepted,Not rejected,63.0,False,False
SP102818,2025-09-22,0-9,Male,Inpatient,Blood,CBC,Night,Phlebotomist,Rejected,Hemolysis,65.0,False,False
SP103179,2025-06-15,0-9,Female,Emergency,Urine,Urinalysis,Afternoon,Nurse,Accepted,Not rejected,62.0,False,False
SP104552,2025-12-20,10-19,Female,Pediatrics,Urine,Urinalysis,Morning,Nurse,Accepted,Not rejected,80.0,False,False
SP101782,2025-11-16,30-39,Female,Pediatrics,Blood,CBC,Afternoon,Nurse,Accepted,Not rejected,87.0,False,True
SP104795,2025-11-04,10-19,Female,Outpatient,Urine,Urine Culture,Afternoon,Nurse,Accepted,Not rejected,27.0,False,False
SP104164,2025-05-22,30-39,Female,Inpatient,Blood,Urea,Morning,Laboratory Technologist,Accepted,Not rejected,42.0,False,False
SP101746,2025-05-21,40-49,Female,Emergency,Urine,Urinalysis,Afternoon,Nurse,Accepted,Not rejected,63.0,False,False
SP100984,2025-01-16,20-29,Male,Outpatient,Urine,Urinalysis,Morning,Phlebotomist,Accepted,Not rejected,90.0,False,False
SP101092,2025-01-10,20-29,Male,Outpatient,Blood,Creatinine,Morning,Nurse,Accepted,Not rejected,85.0,False,False
SP102528,2025-07-24,0-9,Female,Maternity,Urine,Urine Culture,Morning,Phlebotomist,Rejected,Delayed transport,89.0,False,False
SP103195,2025-07-21,10-19,Male,ICU,Blood,Glucose,Night,Nurse,Accepted,Not rejected,,False,False
SP101568,2025-04-29,40-49,Female,Emergency,Stool,Culture,Afternoon,Phlebotomist,Accepted,Not rejected,63.0,False,False
SP104157,2025-08-04,0-9,Male,Emergency,Blood,Urea,Night,Clinical Officer,Rejected,Insufficient volume,90.0,False,False
SP100002,2025-05-10,10-19,Female,Outpatient,Urine,Urine Culture,Night,Clinical Officer,Accepted,Not rejected,0.0,False,False
SP100035,2025-01-18,60+,Male,Outpatient,Blood,Glucose,Morning,Phlebotomist,Accepted,Not rejected,81.0,False,False
SP101257,2025-12-15,0-9,Male,Pediatrics,Urine,Urine Culture,Afternoon,Nurse,Accepted,Not rejected,144.0,False,False
SP104955,2025-07-31,60+,Female,Inpatient,Swab,Wound Culture,Morning,Laboratory Technologist,Accepted,Not rejected,82.0,False,False
SP101520,2025-01-02,50-59,Female,Outpatient,Sputum,Culture,Morning,Laboratory Technologist,Accepted,Not rejected,71.0,False,False
SP103283,2025-07-14,30-39,Male,Maternity,Urine,Urinalysis,Afternoon,Laboratory Technologist,Accepted,Not rejected,61.0,True,False
SP104093,2025-12-01,50-59,Female,Outpatient,Blood,Creatinine,Morning,Nurse,Accepted,Not rejected,94.0,False,False
SP100689,2025-04-17,0-9,Female,Outpatient,Blood,Glucose,Afternoon,Clinical Officer,Accepted,Not rejected,57.0,False,False
SP102664,2025-08-08,60+,Male,Pediatrics,Urine,Urine Culture,Night,Nurse,Accepted,Not rejected,104.0,False,True
SP103787,2025-05-10,50-59,Male,Inpatient,Urine,Urine Culture,Afternoon,Phlebotomist,Accepted,Not rejected,22.0,False,False
SP101258,2025-02-01,0-9,Female,Maternity,Blood,Urea,Morning,Nurse,Accepted,Not rejected,81.0,False,False
SP103092,2025-12-14,0-9,Female,ICU,Stool,Culture,Afternoon,Clinical Officer,Rejected,Clotted specimen,47.0,False,False
SP104594,2025-11-10,0-9,Female,Outpatient,Blood,Urea,Night,Phlebotomist,Accepted,Not rejected,123.0,False,False
SP102862,2025-01-22,40-49,Male,Maternity,Sputum,Culture,Morning,Clinical Officer,Accepted,Not rejected,77.0,True,False
SP100915,2025-05-08,20-29,Male,Outpatient,Urine,Urinalysis,Morning,Laboratory Technologist,Accepted,Not rejected,76.0,False,False
SP102391,2025-09-09,50-59,Female,ICU,Urine,Urinalysis,Morning,Nurse,Accepted,Not rejected,84.0,False,False
SP102668,2025-10-06,30-39,Female,Maternity,Swab,Wound Culture,Afternoon,Phlebotomist,Accepted,Not rejected,123.0,False,False
SP103414,2025-01-09,40-49,Male,ICU,Blood,Glucose,Morning,Clinical Officer,Accepted,Not rejected,74.0,False,False
SP101763,2025-07-24,0-9,Female,Maternity,Blood,Glucose,Afternoon,Nurse,Accepted,Not rejected,87.0,False,False
SP104694,2025-04-23,50-59,Male,Outpatient,Blood,Urea,Afternoon,Phlebotomist,Accepted,Not rejected,76.0,False,False
SP103690,2025-05-14,0-9,Male,Pediatrics,CSF,Culture,Morning,Nurse,Accepted,Not rejected,74.0,False,False
SP100328,2025-08-31,60+,Female,Outpatient,CSF,CSF Analysis,Night,Clinical Officer,Accepted,Not rejected,128.0,False,False
SP100669,2025-02-05,20-29,Male,Inpatient,Swab,Wound Culture,Morning,Nurse,Accepted,Not rejected,59.0,False,False
SP101128,2025-02-12,20-29,Male,Emergency,Urine,Urinalysis,Morning,Nurse,Accepted,Not rejected,119.0,False,False
SP104854,2025-12-23,20-29,Female,Emergency,Urine,Urinalysis,Afternoon,Clinical Officer,Accepted,Not rejected,69.0,False,False
SP101381,2025-03-04,20-29,Male,Pediatrics,Stool,Stool O&P,Night,Laboratory Technologist,Accepted,Not rejected,92.0,False,True
SP101294,2025-03-26,30-39,Female,Outpatient,Urine,Urinalysis,Afternoon,Nurse,Accepted,Not rejected,88.0,False,False
SP104526,2025-07-01,60+,Female,Inpatient,Blood,Urea,Afternoon,Clinical Officer,Accepted,Not rejected,65.0,False,False
SP101271,2025-11-24,50-59,Male,Inpatient,Blood,Creatinine,Morning,Laboratory Technologist,Accepted,Not rejected,79.0,False,False
SP103232,2025-03-05,10-19,Female,Maternity,Blood,Creatinine,Morning,Clinical Officer,Rejected,Mislabeling,64.0,False,False
SP101210,2025-07-04,60+,Female,Outpatient,Blood,CBC,Afternoon,Phlebotomist,Rejected,Insufficient volume,115.0,False,False
SP101872,2025-09-01,50-59,Male,Maternity,Blood,Glucose,Morning,Phlebotomist,Accepted,Not rejected,111.0,True,False
SP103048,2025-07-14,30-39,Female,Outpatient,Swab,Wound Culture,Morning,Nurse,Accepted,Not rejected,101.0,False,False
SP101297,2025-07-19,50-59,Female,Outpatient,Urine,Urine Culture,Morning,Phlebotomist,Accepted,Not rejected,79.0,False,False
SP102167,2025-08-28,50-59,Male,Outpatient,Swab,Throat Culture,Afternoon,Phlebotomist,Accepted,Not rejected,10.0,False,False
SP100705,2025-01-06,50-59,Male,Inpatient,CSF,Culture,Morning,Phlebotomist,Accepted,Not rejected,59.0,False,False
SP102518,2025-08-17,10-19,Female,Outpatient,Blood,LFT,Afternoon,Nurse,Accepted,Not rejected,68.0,False,False
SP101774,2025-05-16,0-9,Female,Outpatient,Blood,Creatinine,Afternoon,Laboratory Technologist,Accepted,Not rejected,68.0,False,False
SP104960,2025-09-07,20-29,Female,Maternity,Urine,Urine Culture,Morning,Clinical Officer,Accepted,Not rejected,87.0,False,False
SP104419,2025-05-09,40-49,Female,Inpatient,Urine,Urine Culture,Morning,Laboratory Technologist,Accepted,Not rejected,88.0,False,False
SP101634,2025-02-13,30-39,Male,Outpatient,Swab,Wound Culture,Night,Phlebotomist,Accepted,Not rejected,122.0,False,False
SP103083,2025-10-18,20-29,Female,Inpatient,Urine,Urinalysis,Morning,Nurse,Accepted,Not rejected,53.0,False,False
SP102384,2025-09-18,40-49,Female,Emergency,Blood,Creatinine,Morning,Nurse,Rejected,Delayed transport,72.0,False,False
SP101158,2025-07-20,20-29,Male,Emergency,Blood,LFT,Afternoon,Clinical Officer,Accepted,Not rejected,85.0,False,False
SP103149,2025-08-13,20-29,Female,Inpatient,Urine,Urinalysis,Night,Nurse,Accepted,Not rejected,95.0,False,False
SP101726,2025-01-01,0-9,Female,Outpatient,Swab,Wound Culture,Night,Phlebotomist,Accepted,Not rejected,55.0,False,False
SP100851,2025-09-12,0-9,Male,Pediatrics,Blood,Urea,Morning,Nurse,Accepted,Not rejected,67.0,False,False
SP102684,2025-08-10,30-39,Female,Pediatrics,Blood,CBC,Morning,Nurse,Accepted,Not rejected,74.0,False,True
SP101380,2025-04-14,60+,Male,Outpatient,Blood,Glucose,Morning,Clinical Officer,Accepted,Not rejected,28.0,False,False
SP104907,2025-09-30,60+,Female,ICU,Sputum,Culture,Afternoon,Clinical Officer,Accepted,Not rejected,49.0,False,False
SP101131,2025-03-30,30-39,Female,Pediatrics,Urine,Urine Culture,Morning,Phlebotomist,Accepted,Not rejected,28.0,False,True
SP104774,2025-06-07,20-29,Male,Pediatrics,Blood,Glucose,Night,Clinical Officer,Accepted,Not rejected,58.0,False,True
SP102765,2025-08-26,60+,Female,Inpatient,Stool,Stool O&P,Morning,Laboratory Technologist,Accepted,Not rejected,90.0,False,False
SP104651,2025-08-01,60+,Male,Maternity,Blood,Urea,Afternoon,Laboratory Technologist,Accepted,Not rejected,55.0,True,False
SP101016,2025-12-04,0-9,Male,Maternity,Urine,Urine Culture,Afternoon,Clinical Officer,Accepted,Not rejected,83.0,True,False
SP103615,2025-11-24,50-59,Female,ICU,Swab,Wound Culture,Morning,Nurse,Rejected,Insufficient volume,85.0,False,False
SP100645,2025-12-25,50-59,Male,Outpatient,Urine,Urinalysis,Morning,Nurse,Accepted,Not rejected,77.0,False,False
SP102270,2025-06-01,10-19,Male,ICU,Urine,Urine Culture,Afternoon,Phlebotomist,Accepted,Not rejected,80.0,False,False
SP100346,2025-11-06,10-19,Female,Maternity,Blood,LFT,Morning,Clinical Officer,Accepted,Not rejected,74.0,False,False
SP104072,2025-02-10,50-59,Male,Inpatient,Sputum,Gram Stain,Morning,Clinical Officer,Accepted,Not rejected,47.0,False,False
SP104035,2025-07-13,60+,Female,Outpatient,CSF,CSF Analysis,Night,Phlebotomist,Accepted,Not rejected,83.0,False,False
SP101596,2025-09-27,40-49,Male,Outpatient,Swab,Wound Culture,Afternoon,Nurse,Accepted,Not rejected,44.0,False,False
SP103988,2025-05-25,20-29,Female,Inpatient,Urine,Urinalysis,Morning,Phlebotomist,Accepted,Not rejected,76.0,False,False
SP102699,2025-06-15,50-59,Male,Outpatient,Blood,Urea,Morning,Nurse,Accepted,Not rejected,56.0,False,False
SP102519,2025-05-04,40-49,Female,Outpatient,Urine,Urine Culture,Morning,Clinical Officer,Accepted,Not rejected,90.0,False,False
SP103482,2025-07-22,30-39,Female,Pediatrics,CSF,CSF Analysis,Morning,Clinical Officer,Accepted,Not rejected,72.0,False,True
SP103505,2025-03-20,10-19,Female,Outpatient,Sputum,AFB,Afternoon,Nurse,Accepted,Not rejected,109.0,False,False
SP102098,2025-01-01,50-59,Male,ICU,Sputum,Gram Stain,Morning,Nurse,Accepted,Not rejected,81.0,False,False
SP101373,2025-11-05,20-29,Female,Outpatient,Swab,Throat Culture,Night,Nurse,Accepted,Not rejected,65.0,False,False
SP101397,2025-03-09,30-39,Female,Outpatient,Blood,Creatinine,Morning,Phlebotomist,Rejected,Wrong container,82.0,False,False
SP102874,2025-10-03,60+,Female,Outpatient,Sputum,Gram Stain,Morning,Clinical Officer,Accepted,Not rejected,67.0,False,False
SP101815,2025-01-17,40-49,Male,Emergency,Sputum,Culture,Afternoon,Phlebotomist,Accepted,Not rejected,44.0,False,False
SP103580,2025-01-05,0-9,Male,Maternity,Blood,Glucose,Morning,Clinical Officer,Accepted,Not rejected,95.0,True,False
SP101518,2025-03-23,30-39,Female,Outpatient,Sputum,Gram Stain,Night,Clinical Officer,Accepted,Not rejected,60.0,False,False
SP104217,2025-08-18,10-19,Male,Inpatient,Blood,Urea,Morning,Laboratory Technologist,Accepted,Not rejected,60.0,False,False
SP101068,2025-09-24,10-19,Male,ICU,Blood,CBC,Morning,Nurse,Accepted,Not rejected,33.0,False,False
SP104604,2025-12-05,0-9,Female,Pediatrics,Urine,Urinalysis,Morning,Nurse,Rejected,Hemolysis,29.0,False,False
SP103887,2025-02-21,40-49,Male,ICU,Blood,Creatinine,Night,Nurse,Accepted,Not rejected,52.0,False,False
SP100187,2025-02-17,40-49,Female,ICU,Urine,Urinalysis,Afternoon,Nurse,Accepted,Not rejected,74.0,False,False
SP102206,2025-10-21,20-29,Male,Maternity,Blood,CBC,Morning,Clinical Officer,Accepted,Not rejected,71.0,True,False
SP101954,2025-08-23,30-39,Male,Inpatient,Sputum,Culture,Morning,Nurse,Accepted,Not rejected,78.0,False,False
SP103564,2025-02-01,50-59,Male,Emergency,Blood,Glucose,Morning,Nurse,Accepted,Not rejected,69.0,False,False
SP103536,2025-10-19,30-39,Female,Emergency,Urine,Urine Culture,Night,Clinical Officer,Accepted,Not rejected,43.0,False,False
SP104210,2025-05-31,40-49,Male,Emergency,Swab,Wound Culture,Afternoon,Nurse,Accepted,Not rejected,78.0,False,False
SP101162,2025-10-09,60+,Female,Outpatient,Sputum,AFB,Afternoon,Clinical Officer,Accepted,Not rejected,116.0,False,False
SP104199,2025-05-07,30-39,Male,Outpatient,Blood,Urea,Afternoon,Nurse,Accepted,Not rejected,57.0,False,False
SP102084,2025-07-11,30-39,Female,Outpatient,Urine,Urine Culture,Afternoon,Nurse,Accepted,Not rejected,89.0,False,False
SP101840,2025-03-26,40-49,Female,Pediatrics,Urine,Urinalysis,Morning,Phlebotomist,Accepted,Not rejected,71.0,False,True
SP101703,2025-05-21,30-39,Male,Outpatient,Sputum,Gram Stain,Night,Phlebotomist,Accepted,Not rejected,73.0,False,False
SP102125,2025-12-31,10-19,Male,Outpatient,Swab,Throat Culture,Morning,Laboratory Technologist,Accepted,Not rejected,99.0,False,False
SP104919,2025-10-17,0-9,Female,Maternity,Blood,Glucose,Afternoon,Laboratory Technologist,Accepted,Not rejected,17.0,False,False
SP104368,2025-04-29,10-19,Female,Inpatient,Blood,Creatinine,Night,Laboratory Technologist,Accepted,Not rejected,65.0,False,False
SP100983,2025-10-17,10-19,Male,Emergency,Stool,Culture,Night,Nurse,Rejected,Insufficient volume,89.0,False,False
SP104957,2025-03-16,10-19,Female,Outpatient,Blood,Glucose,Afternoon,Laboratory Technologist,Accepted,Not rejected,42.0,False,False
SP102815,2025-05-22,10-19,Male,Outpatient,Blood,Urea,Afternoon,Laboratory Technologist,Accepted,Not rejected,44.0,False,False
SP100072,2025-05-26,30-39,Male,Inpatient,CSF,CSF Analysis,Afternoon,Phlebotomist,Accepted,Not rejected,76.0,False,False
SP103465,2025-10-19,20-29,Male,Outpatient,Blood,Creatinine,Morning,Laboratory Technologist,Accepted,Not rejected,50.0,False,False
SP102363,2025-05-04,0-9,Male,Outpatient,Sputum,Culture,Afternoon,Phlebotomist,Accepted,Not rejected,50.0,False,False
SP100042,2025-10-20,60+,Female,Outpatient,Sputum,AFB,Night,Nurse,Accepted,Not rejected,90.0,False,False
SP100558,2025-10-17,50-59,Female,Outpatient,Stool,Stool O&P,Afternoon,Phlebotomist,Accepted,Not rejected,63.0,False,False
SP103736,2025-06-30,30-39,Male,Emergency,Sputum,Culture,Morning,Nurse,Accepted,Not rejected,129.0,False,False
SP104888,2025-07-04,40-49,Male,Inpatient,Blood,LFT,Morning,Phlebotomist,Accepted,Not rejected,74.0,False,False
SP100818,2025-11-05,50-59,Male,Inpatient,Swab,Wound Culture,Morning,Nurse,Accepted,Not rejected,69.0,False,False
SP101484,2025-09-21,20-29,Male,ICU,Blood,LFT,Morning,Nurse,Accepted,Not rejected,82.0,False,False
SP101850,2025-03-23,20-29,Male,Outpatient,Urine,Urinalysis,Morning,Phlebotomist,Rejected,Delayed transport,67.0,False,False
SP103060,2025-10-25,40-49,Female,Inpatient,Stool,Culture,Afternoon,Phlebotomist,Accepted,Not rejected,89.0,False,False
SP100469,2025-09-09,0-9,Male,Pediatrics,Sputum,Culture,Morning,Clinical Officer,Accepted,Not rejected,70.0,False,False
SP101122,2025-08-30,0-9,Male,Emergency,Blood,Glucose,Morning,Nurse,Accepted,Not rejected,37.0,False,False
SP102670,2025-08-11,50-59,Male,ICU,Blood,CBC,Morning,Nurse,Rejected,Clotted specimen,113.0,False,False
SP101386,2025-08-07,10-19,Female,Inpatient,Urine,Urine Culture,Morning,Clinical Officer,Accepted,Not rejected,66.0,False,False
SP102265,2025-03-01,50-59,Male,Inpatient,Urine,Urinalysis,Afternoon,Nurse,Accepted,Not rejected,54.0,False,False
SP100319,2025-12-06,0-9,Male,ICU,Urine,Urine Culture,Night,Phlebotomist,Accepted,Not rejected,119.0,False,False
SP102653,2025-12-20,50-59,Female,Inpatient,Urine,Urine Culture,Morning,Nurse,Accepted,Not rejected,52.0,False,False
SP100662,2025-09-16,10-19,Male,ICU,Stool,Culture,Afternoon,Clinical Officer,Rejected,Wrong container,104.0,False,False
SP102071,2025-02-06,20-29,Female,Outpatient,Blood,Glucose,Afternoon,Laboratory Technologist,Rejected,Delayed transport,67.0,False,False
SP102858,2025-05-23,40-49,Female,Inpatient,Urine,Urinalysis,Afternoon,Nurse,Accepted,Not rejected,103.0,False,False
SP102780,2025-07-13,50-59,Male,Emergency,Swab,Throat Culture,Night,Nurse,Accepted,Not rejected,88.0,False,False
SP104313,2025-12-11,10-19,Female,Outpatient,Urine,Urine Culture,Afternoon,Nurse,Accepted,Not rejected,71.0,False,False
SP100533,2025-12-31,10-19,Female,Emergency,Urine,Urinalysis,Afternoon,Phlebotomist,Accepted,Not rejected,68.0,False,False
SP104966,2025-10-09,40-49,Male,Inpatient,Blood,CBC,Night,Phlebotomist,Accepted,Not rejected,60.0,False,False
SP104269,2025-06-10,20-29,Male,Pediatrics,Blood,Glucose,Afternoon,Phlebotomist,Accepted,Not rejected,78.0,False,True
SP103425,2025-03-02,20-29,Female,ICU,Urine,Urinalysis,Morning,Nurse,Accepted,Not rejected,128.0,False,False
SP102455,2025-11-26,10-19,Male,Outpatient,Urine,Urine Culture,Afternoon,Phlebotomist,Accepted,Not rejected,119.0,False,False
SP104360,2025-10-28,30-39,Female,Outpatient,Blood,CBC,Morning,Phlebotomist,Accepted,Not rejected,87.0,False,False
SP104612,2025-02-20,50-59,Male,Inpatient,Blood,Glucose,Morning,Nurse,Accepted,Not rejected,71.0,False,False
SP100430,2025-06-10,50-59,Female,Emergency,Stool,Culture,Morning,Nurse,Accepted,Not rejected,89.0,False,False
SP101545,2025-02-03,40-49,Female,Emergency,Sputum,Gram Stain,Night,Nurse,Accepted,Not rejected,72.0,False,False
SP104166,2025-08-07,40-49,Male,Maternity,Urine,Urinalysis,Night,Phlebotomist,Accepted,Not rejected,85.0,True,False
SP103825,2025-08-28,50-59,Female,Pediatrics,Blood,Creatinine,Morning,Nurse,Accepted,Not rejected,48.0,False,True
SP104340,2025-06-16,60+,Male,Outpatient,Swab,Wound Culture,Afternoon,Nurse,Accepted,Not rejected,43.0,False,False
SP100732,2025-06-19,50-59,Female,Maternity,Blood,LFT,Morning,Nurse,Accepted,Not rejected,78.0,False,False
SP103500,2025-10-16,40-49,Female,Outpatient,Urine,Urinalysis,Afternoon,Laboratory Technologist,Accepted,Not rejected,85.0,False,False
SP100073,2025-06-13,40-49,Female,Inpatient,Blood,Creatinine,Morning,Nurse,Accepted,Not rejected,38.0,False,False
SP101058,2025-01-14,40-49,Female,ICU,Stool,Stool O&P,Afternoon,Nurse,Accepted,Not rejected,96.0,False,False
SP101837,2025-12-05,0-9,Female,ICU,Urine,Urine Culture,Afternoon,Nurse,Rejected,Leaking container,73.0,False,False
SP101199,2025-11-14,20-29,Female,ICU,Blood,LFT,Night,Laboratory Technologist,Accepted,Not rejected,54.0,False,False
SP100786,2025-05-31,20-29,Female,Outpatient,Blood,LFT,Afternoon,Clinical Officer,Accepted,Not rejected,117.0,False,False
SP101612,2025-11-03,10-19,Male,Maternity,Blood,Urea,Morning,Laboratory Technologist,Accepted,Not rejected,78.0,True,False
SP101730,2025-03-09,10-19,Female,Maternity,Blood,LFT,Night,Nurse,Accepted,Not rejected,59.0,False,False
SP100242,2025-03-11,0-9,Female,Pediatrics,Swab,Throat Culture,Morning,Clinical Officer,Accepted,Not rejected,55.0,False,False
SP104523,2025-12-20,20-29,Female,Outpatient,Urine,Urinalysis,Night,Laboratory Technologist,Accepted,Not rejected,88.0,False,False
SP104544,2025-09-21,60+,Male,Inpatient,Blood,Urea,Afternoon,Nurse,Accepted,Not rejected,93.0,False,False
SP103407,2025-05-07,0-9,Male,ICU,Urine,Urine Culture,Morning,Phlebotomist,Accepted,Not rejected,81.0,False,False
SP100512,2025-09-24,30-39,Female,Inpatient,Blood,Creatinine,Afternoon,Clinical Officer,Accepted,Not rejected,57.0,False,False
SP103044,2025-07-16,60+,Female,Pediatrics,Blood,CBC,Night,Nurse,Accepted,Not rejected,73.0,False,True
SP102424,2025-03-17,40-49,Male,ICU,Blood,CBC,Morning,Phlebotomist,Accepted,Not rejected,71.0,False,False
SP104226,2025-10-27,20-29,Female,Pediatrics,Sputum,Culture,Morning,Nurse,Accepted,Not rejected,61.0,False,True
SP100760,2025-04-18,20-29,Male,Outpatient,Blood,Glucose,Afternoon,Nurse,Accepted,Not rejected,62.0,False,False
SP104490,2025-07-05,40-49,Female,Emergency,Urine,Urinalysis,Afternoon,Nurse,Accepted,Not rejected,115.0,False,False
SP101354,2025-10-09,20-29,Female,Maternity,Urine,Urine Culture,Morning,Phlebotomist,Accepted,Not rejected,102.0,False,False
SP103753,2025-07-15,10-19,Male,Emergency,Sputum,Culture,Morning,Clinical Officer,Accepted,Not rejected,67.0,False,False
SP100835,2025-08-06,50-59,Female,Pediatrics,Urine,Urine Culture,Afternoon,Nurse,Rejected,Delayed transport,57.0,False,True
SP103510,2025-11-01,20-29,Female,Emergency,Blood,Creatinine,Afternoon,Laboratory Technologist,Rejected,Wrong container,88.0,False,False
SP104229,2025-03-10,10-19,Female,Emergency,Blood,LFT,Morning,Clinical Officer,Accepted,Not rejected,104.0,False,False
SP104394,2025-05-19,60+,Female,Inpatient,Sputum,AFB,Morning,Nurse,Accepted,Not rejected,28.0,False,False
SP102272,2025-05-10,40-49,Male,Pediatrics,Blood,Glucose,Afternoon,Clinical Officer,Accepted,Not rejected,87.0,False,True
SP104240,2025-03-03,40-49,Female,Outpatient,Blood,LFT,Afternoon,Nurse,Accepted,Not rejected,78.0,False,False
SP100609,2025-04-29,60+,Female,Outpatient,Blood,LFT,Afternoon,Nurse,Accepted,Not rejected,96.0,False,False
SP104563,2025-12-29,60+,Male,Outpatient,Stool,Culture,Afternoon,Phlebotomist,Accepted,Not rejected,62.0,False,False
SP104461,2025-11-29,40-49,Male,Inpatient,Swab,Wound Culture,Morning,Nurse,Accepted,Not rejected,63.0,False,False
SP104836,2025-06-27,40-49,Male,Unknown,Stool,Culture,Morning,Nurse,Rejected,Insufficient volume,91.0,False,False
SP102151,2025-06-10,30-39,Female,Outpatient,Blood,Glucose,Afternoon,Nurse,Accepted,Not rejected,60.0,False,False
SP103632,2025-09-14,40-49,Female,Inpatient,Blood,LFT,Afternoon,Nurse,Accepted,Not rejected,88.0,False,False
SP103959,2025-04-24,0-9,Male,Outpatient,Urine,Urine Culture,Afternoon,Phlebotomist,Accepted,Not rejected,67.0,False,False
SP103392,2025-11-30,30-39,Male,Inpatient,Sputum,AFB,Afternoon,Clinical Officer,Accepted,Not rejected,113.0,False,False
SP102794,2025-04-18,20-29,Male,Outpatient,Swab,Throat Culture,Afternoon,Phlebotomist,Accepted,Not rejected,61.0,False,False
SP100568,2025-10-08,40-49,Female,Maternity,Sputum,Gram Stain,Night,Laboratory Technologist,Accepted,Not rejected,85.0,False,False
SP100658,2025-05-19,50-59,Female,Outpatient,Blood,Glucose,Afternoon,Laboratory Technologist,Accepted,Not rejected,80.0,False,False
SP104455,2025-10-07,50-59,Female,Emergency,Sputum,Gram Stain,Morning,Clinical Officer,Accepted,Not rejected,75.0,False,False
SP102164,2025-12-13,20-29,Female,Outpatient,Blood,Glucose,Afternoon,Nurse,Rejected,Leaking container,54.0,False,False
SP101882,2025-06-26,10-19,Male,Emergency,Blood,Urea,Morning,Clinical Officer,Accepted,Not rejected,73.0,False,False
SP100890,2025-11-03,40-49,Female,Outpatient,Blood,LFT,Morning,Laboratory Technologist,Accepted,Not rejected,69.0,False,False
SP102952,2025-01-11,20-29,Female,Maternity,Blood,Glucose,Morning,Unknown,Accepted,Not rejected,68.0,False,False
SP100219,2025-02-18,0-9,Male,Outpatient,Blood,CBC,Morning,Laboratory Technologist,Accepted,Not rejected,61.0,False,False
SP101076,2025-09-24,20-29,Male,Inpatient,Blood,Urea,Night,Nurse,Accepted,Not rejected,62.0,False,False
SP100181,2025-03-08,0-9,Female,Pediatrics,Urine,Urinalysis,Morning,Clinical Officer,Accepted,Not rejected,79.0,False,False
SP102598,2025-01-29,20-29,Female,Inpatient,Swab,Wound Culture,Morning,Phlebotomist,Accepted,Not rejected,103.0,False,False
SP102849,2025-03-11,0-9,Male,Emergency,Stool,Stool O&P,Night,Laboratory Technologist,Accepted,Not rejected,36.0,False,False
SP104728,2025-01-25,0-9,Female,Pediatrics,Blood,CBC,Night,Nurse,Accepted,Not rejected,76.0,False,False
SP103443,2025-01-16,30-39,Male,Outpatient,Urine,Urine Culture,Afternoon,Nurse,Rejected,Insufficient volume,122.0,False,False
SP104337,2025-06-09,50-59,Female,Outpatient,Swab,Throat Culture,Night,Clinical Officer,Accepted,Not rejected,89.0,False,False
SP103343,2025-08-13,10-19,Male,Maternity,CSF,Culture,Afternoon,Nurse,Accepted,Not rejected,63.0,True,False
SP103612,2025-12-03,20-29,Male,Pediatrics,Urine,Urine Culture,Night,Nurse,Accepted,Not rejected,52.0,False,True
SP102059,2025-08-17,40-49,Male,Inpatient,Sputum,Culture,Morning,Nurse,Accepted,Not rejected,96.0,False,False
SP103332,2025-10-01,30-39,Female,Emergency,Blood,CBC,Afternoon,Phlebotomist,Accepted,Not rejected,100.0,False,False
SP101899,2025-10-15,10-19,Female,Emergency,Blood,Creatinine,Morning,Clinical Officer,Accepted,Not rejected,98.0,False,False
SP102805,2025-12-19,30-39,Male,Outpatient,Urine,Urinalysis,Afternoon,Clinical Officer,Accepted,Not rejected,71.0,False,False
SP100365,2025-10-19,0-9,Male,Outpatient,Stool,Culture,Morning,Nurse,Accepted,Not rejected,74.0,False,False
SP103626,2025-05-23,30-39,Male,Pediatrics,Blood,LFT,Morning,Nurse,Accepted,Not rejected,57.0,False,True
SP101602,2025-12-19,20-29,Female,Outpatient,Swab,Throat Culture,Night,Phlebotomist,Accepted,Not rejected,79.0,False,False
SP101755,2025-10-21,50-59,Female,Maternity,Urine,Urinalysis,Morning,Laboratory Technologist,Accepted,Not rejected,102.0,False,False
SP100213,2025-03-22,20-29,Female,Inpatient,Stool,Culture,Afternoon,Clinical Officer,Rejected,Insufficient volume,49.0,False,False
SP104041,2025-03-20,40-49,Female,Pediatrics,Sputum,AFB,Night,Nurse,Accepted,Not rejected,67.0,False,True
SP103588,2025-03-01,10-19,Female,Pediatrics,Urine,Urine Culture,Afternoon,Nurse,Accepted,Not rejected,85.0,False,False
SP102127,2025-01-02,20-29,Female,Outpatient,Blood,Creatinine,Night,Nurse,Accepted,Not rejected,137.0,False,False
SP103340,2025-09-23,0-9,Female,ICU,Blood,Creatinine,Afternoon,Clinical Officer,Accepted,Not rejected,55.0,False,False
SP102996,2025-05-25,10-19,Male,ICU,Swab,Wound Culture,Morning,Phlebotomist,Accepted,Not rejected,85.0,False,False
SP100642,2025-08-03,10-19,Female,Outpatient,Blood,Urea,Morning,Unknown,Accepted,Not rejected,76.0,False,False
SP102946,2025-04-11,0-9,Male,Outpatient,Urine,Urine Culture,Morning,Clinical Officer,Accepted,Not rejected,84.0,False,False
SP103267,2025-11-14,60+,Male,Outpatient,Blood,Creatinine,Morning,Nurse,Accepted,Not rejected,37.0,False,False
SP102525,2025-02-16,40-49,Female,Outpatient,Blood,Glucose,Night,Nurse,Accepted,Not rejected,112.0,False,False
SP101499,2025-08-13,20-29,Female,Pediatrics,Sputum,AFB,Afternoon,Phlebotomist,Rejected,Mislabeling,75.0,False,True
SP100475,2025-08-15,40-49,Male,Inpatient,Blood,Urea,Night,Phlebotomist,Accepted,Not rejected,33.0,False,False
SP104099,2025-11-03,0-9,Female,Outpatient,Swab,Throat Culture,Night,Nurse,Rejected,Leaking container,49.0,False,False
SP101984,2025-12-16,60+,Female,Outpatient,Swab,Throat Culture,Afternoon,Phlebotomist,Accepted,Not rejected,64.0,False,False
SP102792,2025-01-23,50-59,Female,Maternity,Blood,Creatinine,Afternoon,Clinical Officer,Accepted,Not rejected,69.0,False,False
SP103707,2025-06-27,20-29,Female,Inpatient,Blood,Creatinine,Afternoon,Clinical Officer,Accepted,Not rejected,48.0,False,False
SP104763,2025-08-20,60+,Female,Inpatient,Blood,LFT,Morning,Clinical Officer,Rejected,Wrong container,84.0,False,False
SP101267,2025-01-22,30-39,Male,ICU,Urine,Urinalysis,Afternoon,Clinical Officer,Accepted,Not rejected,94.0,False,False
SP104242,2025-06-16,20-29,Female,Pediatrics,Blood,Glucose,Morning,Laboratory Technologist,Accepted,Not rejected,59.0,False,True
SP103434,2025-11-15,50-59,Male,Emergency,Swab,Throat Culture,Night,Nurse,Accepted,Not rejected,113.0,False,False
SP100186,2025-05-16,60+,Female,Inpatient,Urine,Urine Culture,Afternoon,Clinical Officer,Accepted,Not rejected,99.0,False,False
SP101127,2025-09-27,20-29,Female,Outpatient,Blood,Glucose,Morning,Nurse,Accepted,Not rejected,63.0,False,False
SP103895,2025-12-30,0-9,Female,Inpatient,Swab,Wound Culture,Afternoon,Nurse,Accepted,Not rejected,77.0,False,False
SP101333,2025-04-25,20-29,Male,Inpatient,Urine,Urinalysis,Night,Nurse,Accepted,Not rejected,91.0,False,False
SP103056,2025-03-14,30-39,Male,Pediatrics,Swab,Wound Culture,Afternoon,Nurse,Accepted,Not rejected,78.0,False,True
SP102623,2025-06-05,60+,Male,Inpatient,Blood,CBC,Morning,Nurse,Accepted,Not rejected,88.0,False,False
SP102234,2025-08-26,20-29,Male,Outpatient,Blood,Urea,Afternoon,Laboratory Technologist,Accepted,Not rejected,70.0,False,False
SP103199,2025-11-06,10-19,Male,Pediatrics,Urine,Urinalysis,Night,Phlebotomist,Accepted,Not rejected,88.0,False,False
SP103862,2025-06-17,10-19,Female,Outpatient,Blood,CBC,Morning,Nurse,Accepted,Not rejected,97.0,False,False
SP103845,2025-05-17,40-49,Male,Outpatient,Blood,LFT,Afternoon,Nurse,Accepted,Not rejected,87.0,False,False
SP103240,2025-04-29,0-9,Male,Maternity,Swab,Wound Culture,Afternoon,Phlebotomist,Accepted,Not rejected,89.0,True,False
SP102543,2025-09-08,30-39,Female,Outpatient,CSF,Culture,Morning,Laboratory Technologist,Accepted,Not rejected,69.0,False,False
SP104379,2025-03-11,60+,Male,Outpatient,Urine,Urine Culture,Morning,Phlebotomist,Accepted,Not rejected,91.0,False,False
SP101017,2025-12-25,20-29,Male,Outpatient,Urine,Urinalysis,Morning,Nurse,Accepted,Not rejected,55.0,False,False
SP104635,2025-12-23,30-39,Female,Pediatrics,Blood,Creatinine,Afternoon,Nurse,Accepted,Not rejected,76.0,False,True
SP101040,2025-12-22,20-29,Male,Outpatient,Urine,Urinalysis,Morning,Nurse,Accepted,Not rejected,48.0,False,False
SP103481,2025-05-26,30-39,Female,Emergency,Swab,Wound Culture,Afternoon,Nurse,Accepted,Not rejected,119.0,False,False
SP100258,2025-03-08,50-59,Female,Outpatient,Blood,Urea,Morning,Nurse,Accepted,Not rejected,82.0,False,False
SP101820,2025-08-04,0-9,Female,Outpatient,Stool,Stool O&P,Morning,Phlebotomist,Accepted,Not rejected,62.0,False,False
SP102769,2025-02-20,40-49,Male,Inpatient,Blood,Glucose,Morning,Phlebotomist,Rejected,Delayed transport,39.0,False,False
SP103610,2025-08-12,10-19,Female,Inpatient,Swab,Throat Culture,Night,Nurse,Accepted,Not rejected,83.0,False,False
SP103946,2025-12-01,20-29,Female,Outpatient,Blood,Urea,Night,Phlebotomist,Accepted,Not rejected,25.0,False,False
SP104266,2025-08-07,40-49,Male,Outpatient,CSF,Culture,Morning,Phlebotomist,Accepted,Not rejected,100.0,False,False
SP104442,2025-03-22,20-29,Female,Inpatient,Swab,Throat Culture,Afternoon,Clinical Officer,Accepted,Not rejected,71.0,False,False
SP101345,2025-01-20,40-49,Female,Maternity,Blood,Glucose,Morning,Laboratory Technologist,Accepted,Not rejected,71.0,False,False
SP101493,2025-07-21,40-49,Female,Pediatrics,Blood,LFT,Afternoon,Phlebotomist,Rejected,Mislabeling,99.0,False,True
SP104601,2025-05-27,0-9,Male,Outpatient,Blood,Creatinine,Night,Phlebotomist,Accepted,Not rejected,86.0,False,False
SP100864,2025-09-14,0-9,Female,Emergency,Urine,Urine Culture,Morning,Phlebotomist,Accepted,Not rejected,35.0,False,False
SP100267,2025-11-09,50-59,Female,Outpatient,Urine,Urine Culture,Afternoon,Clinical Officer,Accepted,Not rejected,80.0,False,False
SP103054,2025-09-24,30-39,Female,Inpatient,CSF,CSF Analysis,Morning,Nurse,Accepted,Not rejected,56.0,False,False
SP101061,2025-02-23,10-19,Female,Emergency,Urine,Urine Culture,Afternoon,Clinical Officer,Accepted,Not rejected,43.0,False,False
SP103451,2025-07-01,50-59,Female,Emergency,Swab,Wound Culture,Night,Clinical Officer,Accepted,Not rejected,60.0,False,False
SP102131,2025-09-22,0-9,Female,Inpatient,Sputum,Gram Stain,Night,Nurse,Accepted,Not rejected,99.0,False,False
SP103978,2025-02-17,50-59,Female,Inpatient,Stool,Stool O&P,Morning,Phlebotomist,Accepted,Not rejected,80.0,False,False
SP103161,2025-12-26,40-49,Female,Outpatient,Blood,Creatinine,Night,Phlebotomist,Accepted,Not rejected,65.0,False,False
SP104519,2025-09-13,20-29,Female,Emergency,CSF,CSF Analysis,Afternoon,Nurse,Accepted,Not rejected,73.0,False,False
SP104510,2025-10-09,40-49,Female,Emergency,Swab,Wound Culture,Night,Nurse,Accepted,Not rejected,70.0,False,False
SP100509,2025-09-17,40-49,Male,Emergency,Urine,Urine Culture,Morning,Laboratory Technologist,Accepted,Not rejected,79.0,False,False
SP104175,2025-06-07,20-29,Female,Pediatrics,Urine,Urinalysis,Morning,Clinical Officer,Rejected,Delayed transport,88.0,False,True
SP102499,2025-06-01,50-59,Male,Maternity,Blood,Glucose,Morning,Clinical Officer,Rejected,Hemolysis,77.0,True,False
SP101631,2025-03-25,0-9,Male,Outpatient,Swab,Throat Culture,Afternoon,Nurse,Accepted,Not rejected,79.0,False,False
SP103568,2025-02-18,20-29,Female,Pediatrics,Swab,Wound Culture,Afternoon,Phlebotomist,Accepted,Not rejected,81.0,False,True
SP103307,2025-10-16,60+,Female,Emergency,Blood,CBC,Afternoon,Laboratory Technologist,Accepted,Not rejected,73.0,False,False
SP100103,2025-09-05,30-39,Male,Outpatient,Swab,Throat Culture,Afternoon,Phlebotomist,Accepted,Not rejected,102.0,False,False
SP100221,2025-03-31,20-29,Male,Outpatient,Urine,Urine Culture,Afternoon,Nurse,Accepted,Not rejected,42.0,False,False
SP104938,2025-01-23,60+,Female,Outpatient,Swab,Wound Culture,Morning,Clinical Officer,Accepted,Not rejected,28.0,False,False
SP100115,2025-09-26,20-29,Female,Outpatient,Blood,Urea,Morning,Clinical Officer,Accepted,Not rejected,36.0,False,False
SP102909,2025-08-02,20-29,Female,Maternity,Blood,Urea,Afternoon,Clinical Officer,Accepted,Not rejected,70.0,False,False
SP102980,2025-05-11,30-39,Male,Maternity,Blood,Glucose,Night,Nurse,Accepted,Not rejected,86.0,True,False
SP104343,2025-09-03,0-9,Male,Maternity,Blood,LFT,Afternoon,Clinical Officer,Accepted,Not rejected,116.0,True,False
SP102361,2025-09-20,20-29,Male,Emergency,Blood,Urea,Afternoon,Phlebotomist,Accepted,Not rejected,64.0,False,False
SP102389,2025-01-28,0-9,Female,Pediatrics,Swab,Wound Culture,Morning,Phlebotomist,Rejected,Mislabeling,126.0,False,False
SP100451,2025-10-21,0-9,Male,Emergency,Blood,Glucose,Morning,Clinical Officer,Accepted,Not rejected,69.0,False,False
SP102090,2025-01-01,10-19,Male,Maternity,Blood,Creatinine,Afternoon,Nurse,Accepted,Not rejected,70.0,True,False
SP100574,2025-04-10,40-49,Male,Outpatient,Blood,Urea,Morning,Phlebotomist,Accepted,Not rejected,57.0,False,False
SP104424,2025-01-05,40-49,Female,Outpatient,Urine,Urine Culture,Afternoon,Nurse,Accepted,Not rejected,121.0,False,False
SP101007,2025-07-31,20-29,Male,Inpatient,Urine,Urine Culture,Morning,Clinical Officer,Accepted,Not rejected,118.0,False,False
SP102704,2025-10-20,0-9,Male,Emergency,Stool,Stool O&P,Afternoon,Clinical Officer,Accepted,Not rejected,12.0,False,False
SP104748,2025-10-15,40-49,Female,Maternity,CSF,CSF Analysis,Morning,Nurse,Accepted,Not rejected,79.0,False,False
SP104263,2025-09-19,20-29,Male,Emergency,Blood,CBC,Night,Nurse,Accepted,Not rejected,92.0,False,False
SP104847,2025-11-07,60+,Male,Emergency,Swab,Wound Culture,Night,Laboratory Technologist,Accepted,Not rejected,81.0,False,False
SP101957,2025-12-28,60+,Male,Emergency,Blood,LFT,Morning,Phlebotomist,Rejected,Clotted specimen,61.0,False,False
SP102522,2025-12-25,50-59,Female,Outpatient,Swab,Wound Culture,Night,Laboratory Technologist,Accepted,Not rejected,63.0,False,False
SP103387,2025-07-13,60+,Male,Outpatient,Swab,Throat Culture,Afternoon,Laboratory Technologist,Accepted,Not rejected,109.0,False,False
SP101869,2025-12-19,60+,Female,Outpatient,Urine,Urine Culture,Afternoon,Clinical Officer,Accepted,Not rejected,80.0,False,False
SP103089,2025-05-08,50-59,Male,Inpatient,Urine,Urine Culture,Afternoon,Unknown,Accepted,Not rejected,73.0,False,False
SP101274,2025-02-16,10-19,Male,Pediatrics,Sputum,AFB,Afternoon,Nurse,Accepted,Not rejected,106.0,False,False
SP103670,2025-03-10,40-49,Female,Pediatrics,CSF,CSF Analysis,Morning,Clinical Officer,Accepted,Not rejected,65.0,False,True
SP102972,2025-02-11,0-9,Female,Inpatient,Swab,Throat Culture,Afternoon,Phlebotomist,Accepted,Not rejected,74.0,False,False
SP101824,2025-10-20,30-39,Male,Pediatrics,Urine,Urinalysis,Afternoon,Phlebotomist,Accepted,Not rejected,62.0,False,True
SP103380,2025-07-06,50-59,Male,ICU,Blood,LFT,Night,Clinical Officer,Accepted,Not rejected,145.0,False,False
SP100934,2025-09-24,50-59,Male,Inpatient,Stool,Stool O&P,Morning,Nurse,Rejected,Wrong container,90.0,False,False
SP104625,2025-03-15,30-39,Male,Emergency,Blood,Urea,Afternoon,Phlebotomist,Accepted,Not rejected,84.0,False,False
SP104206,2025-10-06,20-29,Male,Inpatient,Blood,Creatinine,Afternoon,Nurse,Accepted,Not rejected,49.0,False,False
SP104198,2025-03-11,10-19,Male,Outpatient,Urine,Urinalysis,Night,Phlebotomist,Accepted,Not rejected,43.0,False,False
SP103819,2025-01-12,0-9,Female,Inpatient,Urine,Urine Culture,Afternoon,Phlebotomist,Accepted,Not rejected,67.0,False,False
SP102249,2025-04-27,40-49,Male,Outpatient,Swab,Wound Culture,Morning,Laboratory Technologist,Accepted,Not rejected,43.0,False,False
SP103923,2025-04-01,20-29,Female,Emergency,Blood,Urea,Night,Nurse,Accepted,Not rejected,100.0,False,False
SP101522,2025-02-20,60+,Male,Outpatient,Blood,CBC,Night,Nurse,Accepted,Not rejected,94.0,False,False
SP102736,2025-08-23,20-29,Female,ICU,Blood,Urea,Afternoon,Clinical Officer,Accepted,Not rejected,108.0,False,False
SP100812,2025-01-31,10-19,Female,Outpatient,CSF,CSF Analysis,Afternoon,Clinical Officer,Accepted,Not rejected,112.0,False,False
SP103682,2025-01-01,0-9,Male,Outpatient,Blood,Creatinine,Afternoon,Nurse,Accepted,Not rejected,17.0,False,False
SP104090,2025-10-04,10-19,Male,Maternity,Urine,Urinalysis,Afternoon,Nurse,Accepted,Not rejected,127.0,True,False
SP100333,2025-04-04,50-59,Female,Outpatient,Urine,Urinalysis,Afternoon,Nurse,Accepted,Not rejected,50.0,False,False
SP101555,2025-11-08,0-9,Female,Inpatient,Urine,Urinalysis,Night,Nurse,Accepted,Not rejected,91.0,False,False
SP100295,2025-03-28,60+,Female,Emergency,Swab,Wound Culture,Morning,Clinical Officer,Accepted,Not rejected,74.0,False,False
SP103827,2025-11-05,20-29,Female,Outpatient,Urine,Urinalysis,Afternoon,Nurse,Accepted,Not rejected,74.0,False,False
SP104645,2025-11-25,10-19,Female,Emergency,Blood,Glucose,Morning,Nurse,Accepted,Not rejected,77.0,False,False
SP102575,2025-03-05,60+,Female,Pediatrics,Sputum,Gram Stain,Afternoon,Clinical Officer,Accepted,Not rejected,52.0,False,True
SP104716,2025-11-14,10-19,Female,Pediatrics,Stool,Culture,Morning,Nurse,Accepted,Not rejected,15.0,False,False
SP100262,2025-12-05,20-29,Male,Emergency,Urine,Urinalysis,Morning,Phlebotomist,Accepted,Not rejected,66.0,False,False
SP103323,2025-01-04,0-9,Female,Pediatrics,Blood,CBC,Night,Nurse,Accepted,Not rejected,92.0,False,False
SP100960,2025-09-12,30-39,Female,Inpatient,Blood,LFT,Afternoon,Phlebotomist,Accepted,Not rejected,69.0,False,False
SP104746,2025-08-26,40-49,Female,Outpatient,Sputum,AFB,Afternoon,Nurse,Accepted,Not rejected,77.0,False,False
SP103943,2025-10-20,20-29,Female,Outpatient,CSF,CSF Analysis,Afternoon,Nurse,Accepted,Not rejected,14.0,False,False
SP101005,2025-04-05,60+,Male,Outpatient,Blood,Creatinine,Afternoon,Clinical Officer,Rejected,Leaking container,32.0,False,False
SP102712,2025-12-22,40-49,Female,ICU,Blood,Glucose,Afternoon,Clinical Officer,Accepted,Not rejected,98.0,False,False
SP103964,2025-11-13,50-59,Female,Outpatient,Sputum,Gram Stain,Morning,Clinical Officer,Accepted,Not rejected,112.0,False,False
SP104438,2025-09-20,10-19,Female,Outpatient,Swab,Wound Culture,Night,Nurse,Rejected,Delayed transport,53.0,False,False
SP100637,2025-07-24,60+,Male,Outpatient,Urine,Urine Culture,Morning,Nurse,Accepted,Not rejected,97.0,False,False
SP100595,2025-01-17,10-19,Male,Pediatrics,Urine,Urinalysis,Afternoon,Phlebotomist,Accepted,Not rejected,42.0,False,False
SP102741,2025-11-18,30-39,Male,Outpatient,Sputum,AFB,Morning,Clinical Officer,Accepted,Not rejected,88.0,False,False
SP101629,2025-05-17,0-9,Male,Maternity,Urine,Urinalysis,Morning,Phlebotomist,Accepted,Not rejected,28.0,True,False
SP100769,2025-11-04,10-19,Male,Pediatrics,Urine,Urine Culture,Afternoon,Phlebotomist,Accepted,Not rejected,61.0,False,False
SP103648,2025-05-24,20-29,Male,Maternity,Stool,Stool O&P,Morning,Clinical Officer,Accepted,Not rejected,93.0,True,False
SP104361,2025-12-03,40-49,Male,ICU,Blood,Creatinine,Morning,Nurse,Accepted,Not rejected,95.0,False,False
SP100978,2025-03-22,50-59,Male,ICU,Blood,Glucose,Morning,Nurse,Accepted,Not rejected,91.0,False,False
SP103539,2025-01-14,60+,Female,Outpatient,Blood,LFT,Morning,Nurse,Accepted,Not rejected,70.0,False,False
SP103120,2025-05-31,50-59,Male,Emergency,Sputum,Gram Stain,Morning,Nurse,Accepted,Not rejected,48.0,False,False
SP102652,2025-01-21,30-39,Female,Outpatient,Blood,Creatinine,Morning,Nurse,Accepted,Not rejected,105.0,False,False
SP102176,2025-10-12,30-39,Male,Inpatient,Blood,CBC,Afternoon,Nurse,Accepted,Not rejected,81.0,False,False
SP103145,2025-03-21,60+,Female,Inpatient,Sputum,AFB,Night,Clinical Officer,Rejected,Clotted specimen,58.0,False,False
SP101041,2025-01-23,0-9,Female,Emergency,Urine,Urinalysis,Morning,Phlebotomist,Accepted,Not rejected,59.0,False,False
SP104942,2025-08-08,60+,Female,Inpatient,Urine,Urinalysis,Afternoon,Nurse,Accepted,Not rejected,100.0,False,False
SP104487,2025-11-04,20-29,Male,Outpatient,Sputum,Culture,Morning,Laboratory Technologist,Accepted,Not rejected,81.0,False,False
SP101528,2025-06-01,30-39,Male,Emergency,CSF,CSF Analysis,Afternoon,Clinical Officer,Accepted,Not rejected,24.0,False,False
SP104265,2025-04-18,30-39,Male,Outpatient,Blood,Creatinine,Morning,Laboratory Technologist,Accepted,Not rejected,69.0,False,False
SP101621,2025-08-30,10-19,Female,Maternity,Blood,CBC,Night,Nurse,Accepted,Not rejected,86.0,False,False
SP103622,2025-03-03,20-29,Male,Emergency,Sputum,AFB,Morning,Clinical Officer,Accepted,Not rejected,92.0,False,False
SP104291,2025-06-24,40-49,Male,Emergency,Stool,Culture,Afternoon,Nurse,Rejected,Delayed transport,54.0,False,False
SP100703,2025-10-31,20-29,Female,ICU,Blood,Creatinine,Morning,Laboratory Technologist,Accepted,Not rejected,19.0,False,False
SP102306,2025-05-14,50-59,Male,Outpatient,Blood,Creatinine,Morning,Nurse,Accepted,Not rejected,72.0,False,False
SP100375,2025-06-21,30-39,Female,Inpatient,Urine,Urine Culture,Morning,Nurse,Accepted,Not rejected,74.0,False,False
SP104782,2025-08-29,50-59,Female,Emergency,Stool,Stool O&P,Night,Clinical Officer,Rejected,Insufficient volume,26.0,False,False
SP104944,2025-01-01,40-49,Female,Emergency,Sputum,Gram Stain,Afternoon,Nurse,Accepted,Not rejected,79.0,False,False
SP102938,2025-06-29,50-59,Male,Inpatient,Urine,Urine Culture,Morning,Nurse,Accepted,Not rejected,119.0,False,False
SP101887,2025-01-13,40-49,Male,Pediatrics,Urine,Urine Culture,Morning,Clinical Officer,Accepted,Not rejected,132.0,False,True
SP100395,2025-08-10,10-19,Male,Outpatient,Blood,CBC,Afternoon,Clinical Officer,Accepted,Not rejected,58.0,False,False
SP104425,2025-11-20,20-29,Female,Unknown,Urine,Urinalysis,Night,Nurse,Accepted,Not rejected,55.0,False,False
SP101077,2025-11-12,40-49,Female,ICU,Stool,Stool O&P,Morning,Phlebotomist,Accepted,Not rejected,75.0,False,False
SP104488,2025-04-18,60+,Female,Emergency,Blood,CBC,Morning,Clinical Officer,Accepted,Not rejected,40.0,False,False
SP100028,2025-02-08,10-19,Female,Pediatrics,Blood,LFT,Morning,Phlebotomist,Accepted,Not rejected,80.0,False,False
SP103763,2025-06-27,40-49,Male,Outpatient,Blood,Glucose,Afternoon,Clinical Officer,Accepted,Not rejected,64.0,False,False
SP101778,2025-01-24,40-49,Male,Outpatient,Blood,LFT,Afternoon,Nurse,Accepted,Not rejected,63.0,False,False
SP104863,2025-05-27,10-19,Male,Pediatrics,Urine,Urinalysis,Night,Nurse,Rejected,Wrong container,66.0,False,False
SP104489,2025-04-04,30-39,Female,Outpatient,Stool,Culture,Night,Nurse,Accepted,Not rejected,49.0,False,False
SP100719,2025-05-25,30-39,Female,Emergency,Stool,Culture,Afternoon,Laboratory Technologist,Accepted,Not rejected,100.0,False,False
SP103720,2025-02-10,10-19,Male,Inpatient,Blood,Glucose,Morning,Laboratory Technologist,Accepted,Not rejected,88.0,False,False
SP102691,2025-07-08,50-59,Male,Maternity,Blood,Urea,Afternoon,Clinical Officer,Accepted,Not rejected,86.0,True,False
SP103537,2025-07-22,20-29,Male,Inpatient,Blood,CBC,Morning,Clinical Officer,Accepted,Not rejected,88.0,False,False
SP101846,2025-10-07,10-19,Male,Inpatient,Swab,Wound Culture,Morning,Clinical Officer,Accepted,Not rejected,103.0,False,False
SP104935,2025-09-18,50-59,Male,Emergency,Blood,LFT,Night,Nurse,Rejected,Hemolysis,74.0,False,False
SP104934,2025-10-23,60+,Male,Outpatient,Blood,LFT,Afternoon,Phlebotomist,Accepted,Not rejected,104.0,False,False
SP100303,2025-11-07,20-29,Male,Unknown,Swab,Throat Culture,Morning,Phlebotomist,Rejected,Mislabeling,70.0,False,False
SP100467,2025-04-17,20-29,Female,Outpatient,Blood,Urea,Morning,Clinical Officer,Accepted,Not rejected,89.0,False,False
SP102178,2025-08-14,0-9,Female,Emergency,Blood,Urea,Morning,Clinical Officer,Accepted,Not rejected,129.0,False,False
SP101579,2025-12-08,60+,Female,Pediatrics,Blood,Glucose,Afternoon,Phlebotomist,Accepted,Not rejected,113.0,False,True
SP101873,2025-03-30,50-59,Female,Pediatrics,Urine,Urine Culture,Afternoon,Phlebotomist,Accepted,Not rejected,72.0,False,True
SP101242,2025-02-07,20-29,Female,Inpatient,Sputum,Culture,Morning,Nurse,Accepted,Not rejected,80.0,False,False
SP102633,2025-11-07,0-9,Female,Outpatient,Urine,Urine Culture,Morning,Phlebotomist,Accepted,Not rejected,102.0,False,False
SP103608,2025-05-04,10-19,Male,Outpatient,Sputum,Culture,Morning,Nurse,Accepted,Not rejected,18.0,False,False
SP103131,2025-01-30,10-19,Female,Outpatient,Blood,CBC,Morning,Nurse,Rejected,Wrong container,48.0,False,False
SP100455,2025-05-12,0-9,Female,Outpatient,Blood,LFT,Morning,Nurse,Accepted,Not rejected,80.0,False,False
SP103317,2025-04-24,0-9,Female,Maternity,Stool,Stool O&P,Afternoon,Nurse,Accepted,Not rejected,105.0,False,False
SP103782,2025-07-30,40-49,Male,Inpatient,Blood,CBC,Morning,Nurse,Accepted,Not rejected,60.0,False,False
SP103874,2025-01-08,20-29,Female,Inpatient,Urine,Urinalysis,Morning,Nurse,Accepted,Not rejected,92.0,False,False
SP104531,2025-09-15,20-29,Male,Inpatient,Urine,Urinalysis,Afternoon,Phlebotomist,Accepted,Not rejected,70.0,False,False
SP103725,2025-11-15,50-59,Female,Emergency,Sputum,AFB,Morning,Nurse,Accepted,Not rejected,74.0,False,False
SP100950,2025-08-10,50-59,Female,Emergency,Blood,Creatinine,Morning,Laboratory Technologist,Accepted,Not rejected,79.0,False,False
SP100172,2025-11-29,60+,Male,ICU,Blood,CBC,Morning,Laboratory Technologist,Accepted,Not rejected,42.0,False,False
SP101556,2025-11-06,20-29,Female,Outpatient,Urine,Urinalysis,Afternoon,Phlebotomist,Accepted,Not rejected,122.0,False,False
SP103921,2025-11-11,0-9,Male,ICU,Sputum,Culture,Night,Nurse,Accepted,Not rejected,108.0,False,False
SP100695,2025-06-23,30-39,Female,Outpatient,Urine,Urine Culture,Night,Laboratory Technologist,Accepted,Not rejected,81.0,False,False
SP101991,2025-06-14,50-59,Female,Inpatient,Sputum,Gram Stain,Night,Clinical Officer,Accepted,Not rejected,89.0,False,False
SP103296,2025-03-28,60+,Female,Outpatient,Urine,Urine Culture,Morning,Nurse,Accepted,Not rejected,70.0,False,False
SP100659,2025-12-02,20-29,Male,Inpatient,Blood,Glucose,Afternoon,Nurse,Rejected,Hemolysis,89.0,False,False
SP101343,2025-04-25,40-49,Male,Emergency,Sputum,Culture,Afternoon,Phlebotomist,Rejected,Hemolysis,94.0,False,False
SP103861,2025-06-05,10-19,Male,Emergency,Blood,CBC,Morning,Clinical Officer,Accepted,Not rejected,90.0,False,False
SP104744,2025-07-24,20-29,Male,Outpatient,Sputum,AFB,Afternoon,Nurse,Accepted,Not rejected,53.0,False,False
SP101375,2025-12-17,60+,Female,Emergency,Sputum,Gram Stain,Night,Phlebotomist,Accepted,Not rejected,69.0,False,False
SP103907,2025-09-19,10-19,Female,Outpatient,Urine,Urinalysis,Morning,Nurse,Accepted,Not rejected,65.0,False,False
SP100622,2025-07-15,10-19,Female,Inpatient,Blood,Urea,Afternoon,Phlebotomist,Accepted,Not rejected,22.0,False,False
SP101023,2025-01-20,30-39,Male,Outpatient,Swab,Wound Culture,Morning,Nurse,Accepted,Not rejected,77.0,False,False
SP100912,2025-05-21,0-9,Male,Outpatient,Blood,LFT,Night,Phlebotomist,Accepted,Not rejected,76.0,False,False
SP103015,2025-10-06,40-49,Male,Outpatient,Blood,CBC,Afternoon,Clinical Officer,Accepted,Not rejected,59.0,False,False
SP101684,2025-04-13,60+,Female,Maternity,Urine,Urinalysis,Morning,Laboratory Technologist,Accepted,Not rejected,61.0,False,False
SP103490,2025-10-16,40-49,Male,Outpatient,Blood,Urea,Afternoon,Phlebotomist,Accepted,Not rejected,81.0,False,False
SP101204,2025-08-12,40-49,Female,Outpatient,Blood,Urea,Afternoon,Laboratory Technologist,Accepted,Not rejected,84.0,False,False
SP104188,2025-06-06,20-29,Male,Inpatient,Blood,Glucose,Morning,Clinical Officer,Accepted,Not rejected,75.0,False,False
SP103439,2025-11-29,0-9,Male,Pediatrics,Blood,LFT,Afternoon,Phlebotomist,Accepted,Not rejected,82.0,False,False
SP101243,2025-12-30,50-59,Male,ICU,Blood,CBC,Morning,Nurse,Accepted,Not rejected,73.0,False,False
SP104679,2025-07-20,0-9,Female,Maternity,Sputum,AFB,Morning,Nurse,Accepted,Not rejected,98.0,False,False
SP100149,2025-07-13,40-49,Male,ICU,Blood,LFT,Afternoon,Phlebotomist,Accepted,Not rejected,64.0,False,False
SP101771,2025-12-14,60+,Female,Inpatient,Swab,Wound Culture,Afternoon,Clinical Officer,Accepted,Not rejected,113.0,False,False
SP100673,2025-01-05,0-9,Female,Emergency,Swab,Throat Culture,Night,Clinical Officer,Accepted,Not rejected,112.0,False,False
SP103011,2025-12-31,20-29,Female,Pediatrics,Urine,Urinalysis,Morning,Phlebotomist,Accepted,Not rejected,52.0,False,True
SP104840,2025-09-27,10-19,Female,Inpatient,Sputum,AFB,Night,Phlebotomist,Accepted,Not rejected,108.0,False,False
SP102150,2025-05-09,10-19,Male,Outpatient,CSF,Culture,Night,Laboratory Technologist,Accepted,Not rejected,68.0,False,False
SP104507,2025-03-13,40-49,Female,Outpatient,Sputum,Gram Stain,Morning,Nurse,Accepted,Not rejected,121.0,False,False
SP101826,2025-03-29,40-49,Female,Emergency,Blood,Glucose,Afternoon,Nurse,Accepted,Not rejected,47.0,False,False
SP102279,2025-01-26,30-39,Female,Emergency,Urine,Urine Culture,Afternoon,Laboratory Technologist,Rejected,Hemolysis,87.0,False,False
SP103585,2025-02-01,50-59,Male,Outpatient,Blood,LFT,Morning,Nurse,Accepted,Not rejected,63.0,False,False
SP100592,2025-01-30,30-39,Male,Inpatient,Blood,Urea,Morning,Nurse,Accepted,Not rejected,89.0,False,False
SP100099,2025-02-23,20-29,Male,Outpatient,Blood,Creatinine,Afternoon,Clinical Officer,Accepted,Not rejected,81.0,False,False
SP101742,2025-09-25,20-29,Female,Maternity,Urine,Urine Culture,Afternoon,Clinical Officer,Accepted,Not rejected,123.0,False,False
SP100182,2025-12-08,60+,Male,Inpatient,Sputum,Culture,Morning,Clinical Officer,Accepted,Not rejected,53.0,False,False
SP104660,2025-02-23,0-9,Female,Pediatrics,Blood,CBC,Night,Nurse,Accepted,Not rejected,85.0,False,False
SP102625,2025-03-09,0-9,Male,Outpatient,Stool,Stool O&P,Night,Phlebotomist,Accepted,Not rejected,55.0,False,False
SP102275,2025-02-12,20-29,Female,ICU,Urine,Urine Culture,Morning,Clinical Officer,Accepted,Not rejected,85.0,False,False
SP102484,2025-03-01,30-39,Male,Outpatient,Sputum,Gram Stain,Afternoon,Phlebotomist,Accepted,Not rejected,69.0,False,False
SP103808,2025-04-23,40-49,Male,Outpatient,Urine,Urine Culture,Morning,Clinical Officer,Accepted,Not rejected,67.0,False,False
SP102733,2025-11-17,20-29,Male,ICU,Blood,Glucose,Night,Clinical Officer,Accepted,Not rejected,14.0,False,False
SP102308,2025-12-21,10-19,Female,ICU,Urine,Urine Culture,Morning,Laboratory Technologist,Rejected,Wrong container,37.0,False,False
SP102381,2025-08-18,30-39,Male,Inpatient,Sputum,AFB,Afternoon,Phlebotomist,Accepted,Not rejected,59.0,False,False
SP103762,2025-10-16,20-29,Male,Inpatient,Urine,Urinalysis,Morning,Clinical Officer,Accepted,Not rejected,57.0,False,False
SP101021,2025-08-10,40-49,Female,Emergency,Swab,Wound Culture,Morning,Nurse,Accepted,Not rejected,116.0,False,False
SP102382,2025-03-29,50-59,Female,Maternity,Blood,CBC,Morning,Laboratory Technologist,Accepted,Not rejected,44.0,False,False
SP103892,2025-01-23,50-59,Male,Inpatient,Urine,Urine Culture,Afternoon,Nurse,Accepted,Not rejected,41.0,False,False
SP104881,2025-10-08,40-49,Male,Outpatient,Urine,Urine Culture,Night,Phlebotomist,Accepted,Not rejected,81.0,False,False
SP103114,2025-08-20,40-49,Female,Outpatient,Blood,LFT,Morning,Clinical Officer,Accepted,Not rejected,103.0,False,False
SP102480,2025-01-24,0-9,Female,Pediatrics,Sputum,Gram Stain,Morning,Nurse,Accepted,Not rejected,78.0,False,False
SP103620,2025-01-28,0-9,Male,ICU,Sputum,Gram Stain,Night,Clinical Officer,Accepted,Not rejected,102.0,False,False
SP104327,2025-08-13,30-39,Female,Unknown,Blood,Urea,Morning,Clinical Officer,Accepted,Not rejected,96.0,False,False
SP101451,2025-01-16,50-59,Female,Maternity,Urine,Urine Culture,Night,Nurse,Accepted,Not rejected,73.0,False,False
SP101450,2025-12-27,40-49,Female,Outpatient,Urine,Urinalysis,Afternoon,Nurse,Accepted,Not rejected,52.0,False,False
SP103410,2025-10-20,40-49,Male,Inpatient,Sputum,AFB,Afternoon,Nurse,Accepted,Not rejected,81.0,False,False
SP100986,2025-08-08,60+,Female,Outpatient,Blood,Creatinine,Night,Clinical Officer,Accepted,Not rejected,51.0,False,False
SP104260,2025-06-26,30-39,Female,Pediatrics,Blood,Urea,Morning,Clinical Officer,Accepted,Not rejected,101.0,False,True
SP102896,2025-10-30,40-49,Female,Pediatrics,Blood,Urea,Afternoon,Laboratory Technologist,Accepted,Not rejected,88.0,False,True
SP102026,2025-11-22,50-59,Male,Maternity,Swab,Wound Culture,Afternoon,Nurse,Accepted,Not rejected,13.0,True,False
SP103017,2025-07-04,40-49,Female,Outpatient,Stool,Culture,Afternoon,Clinical Officer,Accepted,Not rejected,81.0,False,False
SP104055,2025-09-15,40-49,Male,Inpatient,Blood,CBC,Night,Nurse,Accepted,Not rejected,105.0,False,False
SP100169,2025-07-29,40-49,Female,Emergency,Blood,Urea,Morning,Phlebotomist,Accepted,Not rejected,71.0,False,False
SP103710,2025-10-22,10-19,Female,Outpatient,Urine,Urine Culture,Afternoon,Phlebotomist,Accepted,Not rejected,63.0,False,False
SP101316,2025-03-24,60+,Male,Outpatient,Sputum,AFB,Morning,Clinical Officer,Accepted,Not rejected,74.0,False,False
SP101454,2025-06-23,0-9,Female,Emergency,Urine,Urinalysis,Morning,Nurse,Accepted,Not rejected,89.0,False,False
SP104817,2025-09-23,20-29,Male,Maternity,Blood,CBC,Morning,Laboratory Technologist,Accepted,Not rejected,102.0,True,False
SP100968,2025-12-21,50-59,Female,Inpatient,Blood,Creatinine,Morning,Clinical Officer,Accepted,Not rejected,93.0,False,False
SP102926,2025-06-01,10-19,Male,Emergency,Urine,Urinalysis,Morning,Phlebotomist,Accepted,Not rejected,52.0,False,False
SP100001,2025-10-28,50-59,Female,Inpatient,Blood,Urea,Morning,Laboratory Technologist,Accepted,Not rejected,53.0,False,False
SP103178,2025-07-08,10-19,Female,Inpatient,CSF,CSF Analysis,Night,Clinical Officer,Accepted,Not rejected,84.0,False,False
SP100304,2025-01-10,40-49,Male,Emergency,Urine,Urine Culture,Afternoon,Clinical Officer,Accepted,Not rejected,89.0,False,False
SP101422,2025-10-04,10-19,Female,ICU,Swab,Wound Culture,Morning,Nurse,Accepted,Not rejected,39.0,False,False
SP104770,2025-07-26,10-19,Female,Outpatient,Blood,Creatinine,Night,Laboratory Technologist,Accepted,Not rejected,115.0,False,False
SP103963,2025-12-08,50-59,Female,Pediatrics,Sputum,AFB,Morning,Clinical Officer,Rejected,Leaking container,28.0,False,True
SP104486,2025-04-22,40-49,Female,Pediatrics,Sputum,Gram Stain,Afternoon,Clinical Officer,Accepted,Not rejected,49.0,False,True
SP102667,2025-11-22,0-9,Female,Maternity,Urine,Urinalysis,Afternoon,Nurse,Accepted,Not rejected,51.0,False,False
SP100824,2025-09-28,10-19,Male,Emergency,Blood,CBC,Morning,Nurse,Accepted,Not rejected,58.0,False,False
SP101037,2025-06-26,40-49,Female,Pediatrics,Blood,Urea,Morning,Nurse,Accepted,Not rejected,92.0,False,True
SP100920,2025-02-16,40-49,Male,Outpatient,CSF,CSF Analysis,Night,Phlebotomist,Accepted,Not rejected,51.0,False,False
SP104983,2025-05-19,10-19,Female,Inpatient,Blood,CBC,Morning,Phlebotomist,Accepted,Not rejected,107.0,False,False
SP101638,2025-11-22,60+,Male,Outpatient,Urine,Urine Culture,Morning,Nurse,Accepted,Not rejected,63.0,False,False
SP100581,2025-09-23,20-29,Female,Inpatient,Swab,Throat Culture,Morning,Phlebotomist,Accepted,Not rejected,14.0,False,False
SP100921,2025-12-07,10-19,Female,ICU,Urine,Urinalysis,Morning,Laboratory Technologist,Accepted,Not rejected,62.0,False,False
SP104834,2025-10-21,30-39,Male,Unknown,Urine,Urine Culture,Afternoon,Phlebotomist,Accepted,Not rejected,56.0,False,False
SP103018,2025-10-05,60+,Female,Outpatient,Swab,Throat Culture,Morning,Phlebotomist,Accepted,Not rejected,97.0,False,False
SP100576,2025-06-19,50-59,Male,Pediatrics,Blood,LFT,Night,Nurse,Accepted,Not rejected,89.0,False,True
SP102069,2025-01-23,20-29,Male,Emergency,Blood,Urea,Morning,Phlebotomist,Accepted,Not rejected,96.0,False,False
SP101811,2025-09-28,40-49,Female,Emergency,Blood,Urea,Morning,Nurse,Accepted,Not rejected,111.0,False,False
SP101362,2025-05-26,20-29,Female,Outpatient,Blood,Glucose,Morning,Clinical Officer,Accepted,Not rejected,10.0,False,False
SP101739,2025-11-22,20-29,Female,Outpatient,Blood,Creatinine,Morning,Clinical Officer,Accepted,Not rejected,85.0,False,False
SP101082,2025-09-04,0-9,Female,Inpatient,Stool,Culture,Afternoon,Clinical Officer,Accepted,Not rejected,61.0,False,False
SP104527,2025-02-20,20-29,Female,ICU,Urine,Urinalysis,Afternoon,Phlebotomist,Accepted,Not rejected,101.0,False,False
SP104745,2025-01-12,10-19,Male,Pediatrics,Urine,Urine Culture,Night,Laboratory Technologist,Accepted,Not rejected,74.0,False,False
SP103455,2025-01-18,10-19,Female,Emergency,Urine,Urinalysis,Morning,Nurse,Accepted,Not rejected,100.0,False,False
SP101647,2025-07-25,0-9,Male,Pediatrics,Urine,Urinalysis,Afternoon,Laboratory Technologist,Accepted,Not rejected,74.0,False,False
SP104549,2025-06-16,50-59,Male,Pediatrics,Urine,Urinalysis,Morning,Phlebotomist,Accepted,Not rejected,117.0,False,True
SP104598,2025-09-24,20-29,Female,Outpatient,Blood,LFT,Night,Nurse,Rejected,Insufficient volume,68.0,False,False
SP100074,2025-08-15,40-49,Female,Outpatient,Blood,LFT,Afternoon,Clinical Officer,Accepted,Not rejected,68.0,False,False
SP101639,2025-03-10,10-19,Female,Inpatient,Sputum,AFB,Afternoon,Nurse,Accepted,Not rejected,52.0,False,False
SP101648,2025-12-20,10-19,Female,Outpatient,Swab,Wound Culture,Night,Clinical Officer,Accepted,Not rejected,80.0,False,False
SP104979,2025-06-21,40-49,Male,Emergency,Urine,Urine Culture,Morning,Clinical Officer,Accepted,Not rejected,59.0,False,False
SP104403,2025-09-07,60+,Male,Outpatient,Blood,Glucose,Night,Nurse,Accepted,Not rejected,94.0,False,False
SP103409,2025-05-17,40-49,Female,Outpatient,Stool,Stool O&P,Morning,Nurse,Accepted,Not rejected,68.0,False,False
SP101529,2025-07-24,30-39,Male,Outpatient,Blood,Creatinine,Afternoon,Nurse,Accepted,Not rejected,70.0,False,False
SP103463,2025-11-06,0-9,Female,Outpatient,Blood,Creatinine,Morning,Phlebotomist,Accepted,Not rejected,52.0,False,False
SP103712,2025-01-05,0-9,Male,Emergency,Sputum,AFB,Afternoon,Laboratory Technologist,Accepted,Not rejected,68.0,False,False
SP101156,2025-09-28,0-9,Male,Pediatrics,Swab,Wound Culture,Morning,Clinical Officer,Accepted,Not rejected,72.0,False,False
SP100896,2025-10-13,10-19,Female,Outpatient,Urine,Urinalysis,Afternoon,Nurse,Accepted,Not rejected,87.0,False,False
SP102606,2025-11-18,40-49,Male,Inpatient,Urine,Urine Culture,Afternoon,Phlebotomist,Accepted,Not rejected,50.0,False,False
SP104726,2025-11-13,20-29,Female,Pediatrics,Sputum,Culture,Morning,Clinical Officer,Accepted,Not rejected,117.0,False,True
SP102749,2025-01-11,0-9,Male,Outpatient,Stool,Culture,Morning,Phlebotomist,Accepted,Not rejected,36.0,False,False
SP103391,2025-01-26,50-59,Female,Inpatient,Swab,Throat Culture,Night,Laboratory Technologist,Accepted,Not rejected,83.0,False,False
SP103404,2025-11-14,0-9,Female,Emergency,Sputum,Gram Stain,Morning,Nurse,Accepted,Not rejected,117.0,False,False
SP101027,2025-08-05,30-39,Male,ICU,Urine,Urinalysis,Night,Nurse,Accepted,Not rejected,73.0,False,False
SP102474,2025-09-18,40-49,Female,Pediatrics,Urine,Urinalysis,Afternoon,Laboratory Technologist,Accepted,Not rejected,90.0,False,True
SP103198,2025-04-24,30-39,Female,Pediatrics,Blood,Glucose,Afternoon,Nurse,Accepted,Not rejected,13.0,False,True
SP101562,2025-08-19,50-59,Male,Emergency,Stool,Culture,Night,Clinical Officer,Accepted,Not rejected,44.0,False,False
SP100050,2025-04-14,0-9,Female,Maternity,Swab,Throat Culture,Morning,Laboratory Technologist,Accepted,Not rejected,92.0,False,False
SP103137,2025-01-16,40-49,Female,Outpatient,Blood,Creatinine,Afternoon,Clinical Officer,Accepted,Not rejected,60.0,False,False
SP103775,2025-12-03,10-19,Male,Inpatient,Swab,Wound Culture,Afternoon,Nurse,Accepted,Not rejected,41.0,False,False
SP102219,2025-03-06,0-9,Male,Pediatrics,Blood,LFT,Morning,Nurse,Accepted,Not rejected,64.0,False,False
SP101084,2025-09-24,10-19,Male,Inpatient,Urine,Urinalysis,Afternoon,Clinical Officer,Accepted,Not rejected,83.0,False,False
SP102077,2025-07-22,40-49,Female,Emergency,Blood,Urea,Morning,Laboratory Technologist,Accepted,Not rejected,68.0,False,False
SP102944,2025-03-11,60+,Female,Outpatient,Blood,CBC,Morning,Clinical Officer,Accepted,Not rejected,50.0,False,False
SP101830,2025-05-03,20-29,Male,Pediatrics,Urine,Urinalysis,Night,Nurse,Accepted,Not rejected,73.0,False,True
SP101491,2025-08-28,60+,Female,Outpatient,Urine,Urinalysis,Morning,Phlebotomist,Rejected,Mislabeling,29.0,False,False
SP101828,2025-10-11,50-59,Male,Outpatient,Blood,Glucose,Afternoon,Clinical Officer,Accepted,Not rejected,72.0,False,False
SP102637,2025-09-10,50-59,Female,Inpatient,Blood,Glucose,Night,Nurse,Accepted,Not rejected,52.0,False,False
SP102920,2025-01-23,40-49,Male,Emergency,Urine,Urinalysis,Night,Clinical Officer,Accepted,Not rejected,80.0,False,False
SP103304,2025-07-09,60+,Male,Outpatient,Sputum,AFB,Afternoon,Clinical Officer,Accepted,Not rejected,101.0,False,False
SP102747,2025-04-15,20-29,Female,Outpatient,Sputum,AFB,Afternoon,Nurse,Accepted,Not rejected,73.0,False,False
SP104387,2025-11-07,40-49,Male,Outpatient,Blood,Urea,Afternoon,Nurse,Accepted,Not rejected,85.0,False,False
SP104485,2025-04-02,0-9,Female,Outpatient,Sputum,Culture,Morning,Phlebotomist,Accepted,Not rejected,86.0,False,False
SP100833,2025-05-24,40-49,Male,ICU,CSF,CSF Analysis,Night,Phlebotomist,Accepted,Not rejected,71.0,False,False
SP100797,2025-04-26,0-9,Female,Outpatient,Blood,CBC,Morning,Phlebotomist,Accepted,Not rejected,84.0,False,False
SP104653,2025-05-27,40-49,Male,Outpatient,Swab,Throat Culture,Morning,Nurse,Accepted,Not rejected,87.0,False,False
SP102987,2025-06-29,40-49,Female,Inpatient,Urine,Urinalysis,Night,Laboratory Technologist,Accepted,Not rejected,91.0,False,False
SP104858,2025-05-04,0-9,Male,Maternity,Urine,Urine Culture,Night,Clinical Officer,Accepted,Not rejected,82.0,True,False
SP101804,2025-12-30,60+,Female,Maternity,Swab,Throat Culture,Afternoon,Laboratory Technologist,Accepted,Not rejected,91.0,False,False
SP102743,2025-12-11,0-9,Female,Emergency,Blood,Urea,Afternoon,Laboratory Technologist,Accepted,Not rejected,62.0,False,False
SP103285,2025-09-27,10-19,Male,Pediatrics,Stool,Culture,Afternoon,Clinical Officer,Accepted,Not rejected,93.0,False,False
SP102541,2025-07-26,50-59,Male,Outpatient,Blood,CBC,Night,Nurse,Accepted,Not rejected,72.0,False,False
SP101668,2025-05-31,20-29,Male,Pediatrics,Blood,CBC,Morning,Laboratory Technologist,Accepted,Not rejected,102.0,False,True
SP100582,2025-06-24,20-29,Male,Pediatrics,Sputum,AFB,Morning,Clinical Officer,Accepted,Not rejected,86.0,False,True
SP100713,2025-01-14,0-9,Female,Outpatient,Blood,Glucose,Night,Laboratory Technologist,Accepted,Not rejected,72.0,False,False
SP103771,2025-05-23,50-59,Male,Emergency,Blood,Glucose,Morning,Nurse,Accepted,Not rejected,58.0,False,False
SP101502,2025-09-26,10-19,Male,Inpatient,Blood,Creatinine,Morning,Phlebotomist,Accepted,Not rejected,72.0,False,False
SP104593,2025-07-24,10-19,Male,Outpatient,Blood,Creatinine,Morning,Phlebotomist,Accepted,Not rejected,58.0,False,False
SP101743,2025-03-08,60+,Male,Outpatient,Urine,Urine Culture,Morning,Clinical Officer,Accepted,Not rejected,80.0,False,False
SP104315,2025-01-07,60+,Male,Pediatrics,Stool,Stool O&P,Afternoon,Phlebotomist,Rejected,Wrong container,77.0,False,True
SP100563,2025-03-17,20-29,Male,Outpatient,Blood,Glucose,Night,Phlebotomist,Accepted,Not rejected,21.0,False,False
SP103636,2025-06-08,30-39,Female,Pediatrics,CSF,Culture,Morning,Nurse,Accepted,Not rejected,57.0,False,True
SP104956,2025-03-28,50-59,Female,Emergency,CSF,Culture,Morning,Phlebotomist,Accepted,Not rejected,56.0,False,False
SP100484,2025-07-13,50-59,Female,Outpatient,Blood,Glucose,Morning,Clinical Officer,Accepted,Not rejected,64.0,False,False
SP103511,2025-07-18,30-39,Male,Outpatient,Sputum,Culture,Afternoon,Laboratory Technologist,Accepted,Not rejected,59.0,False,False
SP100060,2025-05-09,10-19,Male,Inpatient,Urine,Urinalysis,Morning,Nurse,Accepted,Not rejected,50.0,False,False
SP103183,2025-12-13,30-39,Male,Outpatient,Swab,Wound Culture,Night,Nurse,Accepted,Not rejected,105.0,False,False
SP103962,2025-12-28,30-39,Female,Outpatient,Blood,Urea,Morning,Nurse,Accepted,Not rejected,85.0,False,False
SP101269,2025-01-27,20-29,Female,Maternity,Urine,Urine Culture,Morning,Nurse,Accepted,Not rejected,49.0,False,False
SP104972,2025-06-11,30-39,Female,Emergency,CSF,Culture,Afternoon,Clinical Officer,Accepted,Not rejected,95.0,False,False
SP101081,2025-12-29,40-49,Male,Maternity,Blood,Glucose,Afternoon,Nurse,Rejected,Clotted specimen,66.0,True,False
SP104130,2025-10-28,50-59,Male,Inpatient,Swab,Wound Culture,Night,Clinical Officer,Accepted,Not rejected,124.0,False,False
SP100424,2025-08-29,30-39,Male,Outpatient,Stool,Stool O&P,Night,Clinical Officer,Accepted,Not rejected,79.0,False,False
SP100076,2025-09-25,10-19,Male,Emergency,Urine,Urine Culture,Night,Laboratory Technologist,Accepted,Not rejected,64.0,False,False
SP101337,2025-04-05,50-59,Female,ICU,Urine,Urine Culture,Afternoon,Phlebotomist,Accepted,Not rejected,103.0,False,False
SP103294,2025-09-20,40-49,Male,Outpatient,Blood,Glucose,Night,Nurse,Accepted,Not rejected,85.0,False,False
SP102922,2025-01-18,60+,Female,Pediatrics,Blood,Creatinine,Night,Clinical Officer,Accepted,Not rejected,94.0,False,True
SP100288,2025-04-06,50-59,Male,Outpatient,Swab,Wound Culture,Morning,Nurse,Accepted,Not rejected,43.0,False,False
SP101785,2025-09-06,50-59,Male,Emergency,Urine,Urine Culture,Morning,Nurse,Accepted,Not rejected,83.0,False,False
SP101690,2025-04-22,60+,Female,Pediatrics,Stool,Culture,Morning,Phlebotomist,Accepted,Not rejected,94.0,False,True
SP103036,2025-05-20,30-39,Male,Outpatient,Swab,Throat Culture,Afternoon,Nurse,Accepted,Not rejected,112.0,False,False
SP100487,2025-10-30,10-19,Female,Pediatrics,Blood,Creatinine,Morning,Phlebotomist,Accepted,Not rejected,67.0,False,False
SP103711,2025-10-25,0-9,Male,Emergency,Sputum,AFB,Night,Phlebotomist,Accepted,Not rejected,107.0,False,False
SP100407,2025-02-19,0-9,Male,Outpatient,Urine,Urinalysis,Morning,Nurse,Accepted,Not rejected,73.0,False,False
SP102089,2025-10-10,20-29,Male,Outpatient,Blood,CBC,Afternoon,Clinical Officer,Accepted,Not rejected,57.0,False,False
SP101383,2025-01-13,50-59,Male,Outpatient,Blood,CBC,Morning,Clinical Officer,Accepted,Not rejected,75.0,False,False
SP102285,2025-08-20,20-29,Female,Pediatrics,Blood,LFT,Night,Phlebotomist,Accepted,Not rejected,83.0,False,True
SP102895,2025-08-01,60+,Female,Outpatient,Blood,LFT,Night,Nurse,Accepted,Not rejected,75.0,False,False
SP100553,2025-08-05,0-9,Male,Inpatient,Stool,Culture,Morning,Nurse,Accepted,Not rejected,83.0,False,False
SP101216,2025-04-30,10-19,Female,ICU,Urine,Urine Culture,Afternoon,Nurse,Rejected,Mislabeling,89.0,False,False
SP104562,2025-01-16,0-9,Female,Unknown,Sputum,Culture,Morning,Laboratory Technologist,Accepted,Not rejected,75.0,False,False
SP103063,2025-01-16,60+,Male,Outpatient,Blood,CBC,Morning,Phlebotomist,Accepted,Not rejected,95.0,False,False
SP100023,2025-04-06,50-59,Female,Emergency,Stool,Stool O&P,Morning,Nurse,Accepted,Not rejected,40.0,False,False
SP102259,2025-09-03,30-39,Male,Emergency,Swab,Throat Culture,Morning,Nurse,Accepted,Not rejected,78.0,False,False
SP101187,2025-02-13,0-9,Female,Outpatient,Urine,Urine Culture,Night,Nurse,Accepted,Not rejected,66.0,False,False
SP103776,2025-09-15,60+,Female,Pediatrics,Blood,Glucose,Afternoon,Nurse,Accepted,Not rejected,95.0,False,True
SP100188,2025-02-26,0-9,Female,Pediatrics,Sputum,Culture,Morning,Nurse,Accepted,Not rejected,86.0,False,False
SP100879,2025-06-25,60+,Male,ICU,Sputum,Gram Stain,Morning,Nurse,Accepted,Not rejected,53.0,False,False
SP104262,2025-01-24,50-59,Male,Emergency,Urine,Urine Culture,Morning,Nurse,Accepted,Not rejected,79.0,False,False
SP101389,2025-01-02,10-19,Female,ICU,Blood,CBC,Morning,Clinical Officer,Accepted,Not rejected,99.0,False,False
SP102627,2025-12-07,20-29,Female,Outpatient,Urine,Urine Culture,Afternoon,Nurse,Accepted,Not rejected,76.0,False,False
SP102727,2025-09-03,30-39,Male,Inpatient,Urine,Urinalysis,Afternoon,Nurse,Rejected,Wrong container,101.0,False,False
SP104865,2025-03-28,30-39,Female,Inpatient,Blood,Creatinine,Night,Clinical Officer,Accepted,Not rejected,114.0,False,False
SP100282,2025-07-23,0-9,Male,ICU,Urine,Urinalysis,Night,Clinical Officer,Accepted,Not rejected,129.0,False,False
SP100679,2025-08-29,0-9,Female,Outpatient,Swab,Wound Culture,Afternoon,Nurse,Accepted,Not rejected,99.0,False,False
SP104592,2025-04-19,20-29,Male,Outpatient,Swab,Wound Culture,Morning,Phlebotomist,Accepted,Not rejected,37.0,False,False
SP102237,2025-06-18,40-49,Female,Emergency,CSF,Culture,Morning,Laboratory Technologist,Accepted,Not rejected,70.0,False,False
SP104270,2025-09-01,60+,Female,Pediatrics,Urine,Urine Culture,Morning,Clinical Officer,Accepted,Not rejected,74.0,False,True
SP101662,2025-05-12,10-19,Male,Emergency,Blood,CBC,Morning,Nurse,Accepted,Not rejected,95.0,False,False
SP100687,2025-06-08,50-59,Male,Emergency,Blood,LFT,Morning,Nurse,Accepted,Not rejected,94.0,False,False
SP101213,2025-02-12,0-9,Female,ICU,Urine,Urine Culture,Night,Nurse,Accepted,Not rejected,10.0,False,False
SP103233,2025-03-18,50-59,Female,Outpatient,Blood,CBC,Morning,Nurse,Accepted,Not rejected,81.0,False,False
SP100142,2025-10-01,20-29,Male,Maternity,Stool,Stool O&P,Night,Nurse,Accepted,Not rejected,46.0,True,False
SP101121,2025-03-20,20-29,Female,Inpatient,Swab,Throat Culture,Morning,Laboratory Technologist,Rejected,Wrong container,33.0,False,False
SP103823,2025-08-09,50-59,Male,Emergency,Sputum,Culture,Morning,Clinical Officer,Accepted,Not rejected,77.0,False,False
SP102321,2025-12-09,10-19,Male,Inpatient,Swab,Wound Culture,Morning,Nurse,Accepted,Not rejected,88.0,False,False
SP104132,2025-07-05,20-29,Female,Outpatient,Blood,Urea,Night,Clinical Officer,Accepted,Not rejected,74.0,False,False
SP100087,2025-04-14,20-29,Female,Outpatient,Blood,CBC,Morning,Nurse,Accepted,Not rejected,84.0,False,False
SP102463,2025-05-27,60+,Male,Inpatient,CSF,Culture,Night,Nurse,Accepted,Not rejected,72.0,False,False
SP101459,2025-09-02,30-39,Female,Outpatient,Urine,Urinalysis,Morning,Laboratory Technologist,Accepted,Not rejected,73.0,False,False
SP104092,2025-03-16,50-59,Male,Pediatrics,Urine,Urine Culture,Morning,Clinical Officer,Accepted,Not rejected,19.0,False,True
SP104433,2025-04-29,40-49,Female,Inpatient,Blood,CBC,Afternoon,Phlebotomist,Accepted,Not rejected,81.0,False,False
SP101504,2025-01-31,10-19,Female,Pediatrics,Swab,Throat Culture,Night,Nurse,Accepted,Not rejected,81.0,False,False
SP103904,2025-12-31,20-29,Male,Pediatrics,Sputum,Culture,Afternoon,Clinical Officer,Accepted,Not rejected,93.0,False,True
SP103803,2025-08-31,50-59,Female,Inpatient,Blood,LFT,Afternoon,Clinical Officer,Accepted,Not rejected,41.0,False,False
SP104630,2025-08-10,20-29,Male,Inpatient,Sputum,AFB,Afternoon,Phlebotomist,Accepted,Not rejected,54.0,False,False
SP102925,2025-11-07,10-19,Male,Maternity,Urine,Urinalysis,Morning,Phlebotomist,Accepted,Not rejected,46.0,True,False
SP103493,2025-05-24,30-39,Male,Outpatient,Blood,Glucose,Morning,Nurse,Accepted,Not rejected,69.0,False,False
SP103104,2025-07-02,30-39,Female,Outpatient,CSF,CSF Analysis,Morning,Nurse,Accepted,Not rejected,20.0,False,False
SP103518,2025-04-25,60+,Male,Outpatient,Urine,Urinalysis,Afternoon,Clinical Officer,Accepted,Not rejected,111.0,False,False
SP104582,2025-07-27,0-9,Female,Inpatient,Blood,LFT,Afternoon,Clinical Officer,Accepted,Not rejected,58.0,False,False
SP100384,2025-01-20,30-39,Male,Outpatient,Blood,CBC,Morning,Nurse,Accepted,Not rejected,41.0,False,False
SP102690,2025-09-15,20-29,Female,Maternity,Blood,CBC,Afternoon,Phlebotomist,Accepted,Not rejected,41.0,False,False
SP100602,2025-01-09,40-49,Female,Outpatient,Blood,Creatinine,Night,Phlebotomist,Accepted,Not rejected,72.0,False,False
SP101655,2025-11-06,50-59,Male,Outpatient,Blood,LFT,Morning,Nurse,Accepted,Not rejected,81.0,False,False
SP101097,2025-03-23,40-49,Male,Outpatient,Blood,Creatinine,Morning,Phlebotomist,Accepted,Not rejected,97.0,False,False
SP101978,2025-03-14,10-19,Female,Outpatient,Sputum,AFB,Morning,Nurse,Accepted,Not rejected,76.0,False,False
SP104371,2025-02-21,20-29,Male,Outpatient,Blood,Urea,Night,Nurse,Accepted,Not rejected,90.0,False,False
SP103046,2025-04-07,10-19,Male,Emergency,Sputum,Gram Stain,Morning,Laboratory Technologist,Accepted,Not rejected,114.0,False,False
SP100887,2025-11-12,40-49,Female,ICU,Urine,Urine Culture,Night,Phlebotomist,Accepted,Not rejected,35.0,False,False
SP100590,2025-07-03,20-29,Female,Pediatrics,Blood,LFT,Morning,Laboratory Technologist,Accepted,Not rejected,73.0,False,True
SP101089,2025-02-18,10-19,Male,Maternity,Urine,Urine Culture,Night,Nurse,Accepted,Not rejected,29.0,True,False
SP104054,2025-08-10,40-49,Female,Outpatient,Sputum,Gram Stain,Morning,Phlebotomist,Accepted,Not rejected,51.0,False,False
SP100480,2025-03-16,0-9,Male,Outpatient,Urine,Urine Culture,Afternoon,Phlebotomist,Accepted,Not rejected,120.0,False,False
SP103495,2025-09-20,20-29,Male,Inpatient,Swab,Wound Culture,Morning,Phlebotomist,Accepted,Not rejected,64.0,False,False
SP102444,2025-02-15,10-19,Male,Inpatient,CSF,CSF Analysis,Morning,Phlebotomist,Accepted,Not rejected,37.0,False,False
SP102301,2025-10-03,10-19,Male,Maternity,CSF,CSF Analysis,Afternoon,Nurse,Accepted,Not rejected,109.0,True,False
SP103190,2025-04-01,30-39,Male,Pediatrics,Stool,Stool O&P,Morning,Clinical Officer,Rejected,Wrong container,62.0,False,True
SP104448,2025-10-13,Unknown,Female,ICU,Swab,Wound Culture,Afternoon,Unknown,Accepted,Not rejected,71.0,False,False
SP103460,2025-09-15,30-39,Male,Pediatrics,Urine,Urine Culture,Morning,Nurse,Accepted,Not rejected,71.0,False,True
SP102185,2025-01-26,0-9,Male,Pediatrics,Urine,Urinalysis,Morning,Laboratory Technologist,Accepted,Not rejected,102.0,False,False
SP101821,2025-07-28,60+,Female,Emergency,Blood,Creatinine,Afternoon,Nurse,Accepted,Not rejected,57.0,False,False
SP101062,2025-04-01,60+,Female,Pediatrics,Blood,CBC,Morning,Nurse,Accepted,Not rejected,54.0,False,True
SP100371,2025-06-22,60+,Female,Maternity,Stool,Stool O&P,Morning,Phlebotomist,Accepted,Not rejected,56.0,False,False
SP100086,2025-09-28,20-29,Female,Outpatient,Swab,Throat Culture,Morning,Laboratory Technologist,Accepted,Not rejected,81.0,False,False
SP100021,2025-12-08,60+,Male,Pediatrics,Blood,LFT,Morning,Phlebotomist,Accepted,Not rejected,63.0,False,True
SP101233,2025-07-29,40-49,Female,ICU,Sputum,AFB,Night,Nurse,Accepted,Not rejected,91.0,False,False
SP101790,2025-05-04,10-19,Female,Outpatient,Urine,Urine Culture,Morning,Nurse,Accepted,Not rejected,98.0,False,False
SP101580,2025-05-06,10-19,Female,Maternity,CSF,CSF Analysis,Night,Nurse,Accepted,Not rejected,78.0,False,False
SP102600,2025-09-22,60+,Male,Outpatient,Stool,Culture,Afternoon,Phlebotomist,Accepted,Not rejected,45.0,False,False
SP101479,2025-05-24,60+,Male,ICU,Sputum,Culture,Afternoon,Nurse,Accepted,Not rejected,88.0,False,False
SP102914,2025-11-18,0-9,Female,ICU,Stool,Stool O&P,Morning,Phlebotomist,Accepted,Not rejected,59.0,False,False
SP101371,2025-04-07,20-29,Female,ICU,Blood,LFT,Morning,Nurse,Accepted,Not rejected,60.0,False,False
SP100607,2025-11-21,60+,Female,ICU,Blood,Creatinine,Afternoon,Nurse,Accepted,Not rejected,105.0,False,False
SP102448,2025-08-23,0-9,Female,Outpatient,Stool,Stool O&P,Morning,Nurse,Accepted,Not rejected,91.0,False,False
SP104857,2025-05-15,30-39,Female,Maternity,Stool,Culture,Morning,Nurse,Accepted,Not rejected,45.0,False,False
SP102674,2025-03-04,20-29,Male,Outpatient,Sputum,Gram Stain,Afternoon,Nurse,Accepted,Not rejected,75.0,False,False
SP101586,2025-09-17,40-49,Male,Emergency,Sputum,Gram Stain,Afternoon,Phlebotomist,Accepted,Not rejected,60.0,False,False
SP103186,2025-09-07,40-49,Female,Pediatrics,Blood,Creatinine,Afternoon,Clinical Officer,Accepted,Not rejected,75.0,False,True
SP104131,2025-07-01,50-59,Male,Inpatient,CSF,Culture,Morning,Laboratory Technologist,Accepted,Not rejected,73.0,False,False
SP100492,2025-02-27,20-29,Male,Outpatient,Sputum,Gram Stain,Morning,Nurse,Accepted,Not rejected,82.0,False,False
SP103123,2025-07-17,10-19,Female,Outpatient,Blood,LFT,Morning,Clinical Officer,Accepted,Not rejected,91.0,False,False
SP102839,2025-08-16,0-9,Male,Outpatient,Blood,Urea,Night,Phlebotomist,Accepted,Not rejected,86.0,False,False
SP100347,2025-01-23,0-9,Male,Emergency,Blood,Creatinine,Afternoon,Laboratory Technologist,Accepted,Not rejected,54.0,False,False
SP102995,2025-10-22,10-19,Female,Maternity,Urine,Urinalysis,Morning,Nurse,Accepted,Not rejected,65.0,False,False
SP100522,2025-05-11,50-59,Female,Outpatient,Blood,Glucose,Morning,Nurse,Accepted,Not rejected,99.0,False,False
SP103041,2025-12-07,10-19,Male,Pediatrics,Blood,LFT,Afternoon,Nurse,Accepted,Not rejected,93.0,False,False
SP100809,2025-01-05,60+,Male,Outpatient,Urine,Urine Culture,Morning,Nurse,Accepted,Not rejected,68.0,False,False
SP103129,2025-05-07,20-29,Male,Pediatrics,Urine,Urine Culture,Night,Phlebotomist,Accepted,Not rejected,99.0,False,True
SP104766,2025-10-11,0-9,Male,Inpatient,Urine,Urinalysis,Morning,Laboratory Technologist,Accepted,Not rejected,65.0,False,False
SP104980,2025-09-09,0-9,Male,Inpatient,Blood,LFT,Morning,Phlebotomist,Accepted,Not rejected,73.0,False,False
SP101599,2025-06-12,60+,Male,ICU,Urine,Urinalysis,Night,Nurse,Accepted,Not rejected,99.0,False,False
SP104556,2025-08-06,40-49,Female,Inpatient,Urine,Urine Culture,Afternoon,Phlebotomist,Accepted,Not rejected,67.0,False,False
SP103442,2025-11-23,0-9,Male,Emergency,Swab,Wound Culture,Night,Nurse,Accepted,Not rejected,111.0,False,False
SP100297,2025-03-11,60+,Male,Outpatient,Blood,Glucose,Afternoon,Laboratory Technologist,Accepted,Not rejected,93.0,False,False
SP104826,2025-07-20,30-39,Female,Emergency,Blood,LFT,Morning,Nurse,Accepted,Not rejected,55.0,False,False
SP101671,2025-06-12,60+,Male,Emergency,Blood,Glucose,Afternoon,Nurse,Accepted,Not rejected,102.0,False,False
SP104483,2025-04-06,60+,Female,Pediatrics,Swab,Wound Culture,Afternoon,Laboratory Technologist,Accepted,Not rejected,27.0,False,True
SP102866,2025-12-13,10-19,Male,Inpatient,Swab,Throat Culture,Morning,Clinical Officer,Accepted,Not rejected,94.0,False,False
SP104578,2025-06-27,50-59,Female,Inpatient,Blood,Urea,Afternoon,Laboratory Technologist,Accepted,Not rejected,10.0,False,False
SP103345,2025-07-30,10-19,Male,Emergency,Blood,Urea,Night,Clinical Officer,Rejected,Mislabeling,72.0,False,False
SP101467,2025-11-18,40-49,Female,Inpatient,Blood,CBC,Morning,Nurse,Accepted,Not rejected,59.0,False,False
SP103730,2025-03-03,10-19,Male,Outpatient,Blood,Glucose,Afternoon,Clinical Officer,Rejected,Mislabeling,76.0,False,False
SP104459,2025-11-07,20-29,Male,Pediatrics,Blood,Creatinine,Night,Clinical Officer,Accepted,Not rejected,98.0,False,True
SP101661,2025-12-01,30-39,Female,Maternity,Swab,Wound Culture,Night,Clinical Officer,Rejected,Mislabeling,68.0,False,False
SP100065,2025-06-04,20-29,Female,Emergency,Blood,LFT,Morning,Nurse,Accepted,Not rejected,85.0,False,False
SP103080,2025-07-09,30-39,Male,Emergency,Blood,Urea,Afternoon,Clinical Officer,Accepted,Not rejected,61.0,False,False
SP102457,2025-07-08,Unknown,Male,Outpatient,Sputum,Culture,Morning,Nurse,Accepted,Not rejected,91.0,False,False
SP104902,2025-09-02,20-29,Male,Pediatrics,Blood,Urea,Morning,Nurse,Accepted,Not rejected,79.0,False,True
SP101786,2025-03-12,40-49,Male,ICU,Swab,Throat Culture,Morning,Clinical Officer,Accepted,Not rejected,75.0,False,False
SP102864,2025-02-10,20-29,Male,Outpatient,Stool,Culture,Afternoon,Nurse,Rejected,Hemolysis,64.0,False,False
SP102677,2025-04-08,20-29,Female,Inpatient,Urine,Urinalysis,Afternoon,Laboratory Technologist,Accepted,Not rejected,108.0,False,False
SP104472,2025-08-05,30-39,Female,Maternity,Swab,Throat Culture,Morning,Clinical Officer,Accepted,Not rejected,80.0,False,False
SP101585,2025-06-21,20-29,Male,Inpatient,Blood,Glucose,Morning,Nurse,Accepted,Not rejected,98.0,False,False
SP100676,2025-08-13,20-29,Female,Inpatient,Urine,Urine Culture,Morning,Phlebotomist,Accepted,Not rejected,88.0,False,False
SP100133,2025-11-09,0-9,Male,Pediatrics,Blood,LFT,Afternoon,Phlebotomist,Accepted,Not rejected,51.0,False,False
SP101806,2025-04-21,30-39,Male,Emergency,Urine,Urine Culture,Morning,Clinical Officer,Accepted,Not rejected,47.0,False,False
SP102968,2025-03-29,50-59,Male,Inpatient,Sputum,Culture,Afternoon,Clinical Officer,Accepted,Not rejected,96.0,False,False
SP104711,2025-06-09,50-59,Female,Inpatient,Swab,Throat Culture,Night,Nurse,Accepted,Not rejected,82.0,False,False
SP100909,2025-11-20,40-49,Male,Inpatient,Swab,Wound Culture,Morning,Nurse,Accepted,Not rejected,96.0,False,False
SP103453,2025-07-05,60+,Female,ICU,Urine,Urinalysis,Night,Clinical Officer,Accepted,Not rejected,86.0,False,False
SP104869,2025-11-18,30-39,Female,Maternity,Blood,CBC,Afternoon,Clinical Officer,Accepted,Not rejected,75.0,False,False
SP100420,2025-02-20,0-9,Male,Emergency,Sputum,Culture,Night,Phlebotomist,Accepted,Not rejected,96.0,False,False
SP101818,2025-02-10,60+,Male,Outpatient,Urine,Urinalysis,Morning,Phlebotomist,Accepted,Not rejected,97.0,False,False
SP103669,2025-08-31,10-19,Male,Inpatient,Urine,Urine Culture,Night,Phlebotomist,Accepted,Not rejected,80.0,False,False
SP104501,2025-04-29,0-9,Male,Pediatrics,Blood,Glucose,Night,Nurse,Accepted,Not rejected,57.0,False,False
SP101256,2025-10-09,0-9,Female,Inpatient,Blood,CBC,Morning,Laboratory Technologist,Accepted,Not rejected,73.0,False,False
SP103546,2025-08-31,50-59,Male,Emergency,Blood,Urea,Morning,Nurse,Accepted,Not rejected,69.0,False,False
SP101505,2025-06-25,10-19,Female,Inpatient,Blood,Creatinine,Night,Clinical Officer,Accepted,Not rejected,99.0,False,False
SP104827,2025-04-24,0-9,Male,Pediatrics,Swab,Throat Culture,Morning,Phlebotomist,Accepted,Not rejected,80.0,False,False
SP103138,2025-07-31,60+,Female,Inpatient,Urine,Urinalysis,Morning,Clinical Officer,Accepted,Not rejected,84.0,False,False
SP102829,2025-08-21,20-29,Male,Inpatient,Urine,Urine Culture,Night,Nurse,Accepted,Not rejected,93.0,False,False
SP104949,2025-02-23,60+,Male,ICU,Urine,Urine Culture,Afternoon,Clinical Officer,Accepted,Not rejected,78.0,False,False
SP104065,2025-05-17,40-49,Female,Inpatient,Blood,CBC,Afternoon,Clinical Officer,Rejected,Wrong container,80.0,False,False
SP104828,2025-08-09,10-19,Male,Emergency,Blood,Glucose,Morning,Phlebotomist,Accepted,Not rejected,94.0,False,False
SP100014,2025-09-20,0-9,Female,Emergency,Blood,Urea,Morning,Clinical Officer,Accepted,Not rejected,75.0,False,False
SP103318,2025-07-16,60+,Female,Outpatient,Stool,Culture,Afternoon,Laboratory Technologist,Accepted,Not rejected,91.0,False,False
SP100351,2025-09-07,10-19,Female,Outpatient,Sputum,Culture,Afternoon,Phlebotomist,Accepted,Not rejected,70.0,False,False
SP101643,2025-03-25,10-19,Female,Outpatient,Swab,Wound Culture,Morning,Laboratory Technologist,Accepted,Not rejected,68.0,False,False
SP103805,2025-12-11,20-29,Female,Inpatient,Swab,Wound Culture,Night,Nurse,Accepted,Not rejected,43.0,False,False
SP103973,2025-06-13,30-39,Male,Emergency,Stool,Culture,Morning,Nurse,Accepted,Not rejected,91.0,False,False
SP103398,2025-04-24,0-9,Male,ICU,Sputum,Gram Stain,Morning,Phlebotomist,Rejected,Wrong container,89.0,False,False
SP103335,2025-11-01,50-59,Female,Emergency,Swab,Wound Culture,Afternoon,Nurse,Accepted,Not rejected,30.0,False,False
SP104904,2025-12-04,20-29,Male,Outpatient,Blood,CBC,Afternoon,Nurse,Accepted,Not rejected,99.0,False,False
SP103479,2025-02-27,10-19,Female,Outpatient,Sputum,Gram Stain,Morning,Phlebotomist,Accepted,Not rejected,92.0,False,False
SP101143,2025-09-29,0-9,Male,Inpatient,Swab,Throat Culture,Morning,Nurse,Accepted,Not rejected,143.0,False,False
SP103196,2025-02-01,20-29,Male,Pediatrics,Blood,Creatinine,Night,Clinical Officer,Accepted,Not rejected,114.0,False,True
SP103902,2025-09-02,60+,Male,Pediatrics,Blood,Glucose,Morning,Nurse,Accepted,Not rejected,72.0,False,True
SP103289,2025-08-30,0-9,Male,Outpatient,Blood,Glucose,Afternoon,Clinical Officer,Accepted,Not rejected,60.0,False,False
SP104871,2025-12-01,50-59,Male,ICU,Sputum,Culture,Night,Laboratory Technologist,Accepted,Not rejected,43.0,False,False
SP100360,2025-05-24,40-49,Female,Outpatient,Swab,Wound Culture,Night,Nurse,Rejected,Delayed transport,93.0,False,False
SP101686,2025-06-20,30-39,Female,Emergency,Blood,LFT,Afternoon,Nurse,Accepted,Not rejected,67.0,False,False
SP102117,2025-07-03,Unknown,Female,Inpatient,Blood,Creatinine,Morning,Nurse,Rejected,Clotted specimen,86.0,False,False
SP102589,2025-03-06,0-9,Female,Inpatient,Urine,Urine Culture,Morning,Clinical Officer,Rejected,Clotted specimen,109.0,False,False
SP101679,2025-11-08,60+,Male,Inpatient,Urine,Urinalysis,Afternoon,Laboratory Technologist,Accepted,Not rejected,37.0,False,False
SP103298,2025-12-14,40-49,Male,Pediatrics,Blood,Creatinine,Afternoon,Clinical Officer,Accepted,Not rejected,76.0,False,True
SP100990,2025-10-08,20-29,Female,Inpatient,Urine,Urine Culture,Night,Laboratory Technologist,Accepted,Not rejected,104.0,False,False
SP104999,2025-08-18,40-49,Male,Inpatient,Blood,Urea,Afternoon,Nurse,Accepted,Not rejected,77.0,False,False
SP103364,2025-07-24,40-49,Female,Outpatient,Swab,Wound Culture,Night,Nurse,Accepted,Not rejected,114.0,False,False
SP101862,2025-02-25,20-29,Male,Inpatient,Blood,Creatinine,Night,Phlebotomist,Accepted,Not rejected,54.0,False,False
SP103719,2025-07-19,0-9,Female,Inpatient,Swab,Wound Culture,Morning,Laboratory Technologist,Accepted,Not rejected,47.0,False,False
SP102977,2025-03-25,60+,Female,Outpatient,Swab,Throat Culture,Afternoon,Laboratory Technologist,Accepted,Not rejected,72.0,False,False
SP100500,2025-08-22,10-19,Male,Inpatient,Urine,Urine Culture,Night,Phlebotomist,Accepted,Not rejected,54.0,False,False
SP100465,2025-02-27,50-59,Female,Pediatrics,Blood,CBC,Morning,Nurse,Accepted,Not rejected,35.0,False,True
SP103742,2025-12-18,20-29,Female,Outpatient,Blood,Creatinine,Morning,Nurse,Accepted,Not rejected,104.0,False,False
SP103210,2025-09-21,50-59,Male,Inpatient,Swab,Throat Culture,Night,Clinical Officer,Accepted,Not rejected,101.0,False,False
SP102973,2025-12-08,40-49,Male,Pediatrics,Blood,Urea,Morning,Phlebotomist,Accepted,Not rejected,49.0,False,True
SP103280,2025-07-14,30-39,Female,Outpatient,Blood,Creatinine,Morning,Nurse,Accepted,Not rejected,68.0,False,False
SP103831,2025-03-03,60+,Female,Inpatient,Blood,Creatinine,Afternoon,Laboratory Technologist,Accepted,Not rejected,74.0,False,False
SP102897,2025-06-09,10-19,Male,Outpatient,Swab,Wound Culture,Morning,Phlebotomist,Accepted,Not rejected,70.0,False,False
SP100889,2025-03-10,20-29,Male,Outpatient,Sputum,Gram Stain,Afternoon,Nurse,Accepted,Not rejected,102.0,False,False
SP101950,2025-09-03,0-9,Male,Inpatient,Urine,Urine Culture,Morning,Clinical Officer,Accepted,Not rejected,65.0,False,False
SP103613,2025-10-11,50-59,Male,Outpatient,Urine,Urinalysis,Morning,Laboratory Technologist,Accepted,Not rejected,101.0,False,False
SP101385,2025-09-16,40-49,Male,Pediatrics,Blood,Glucose,Afternoon,Clinical Officer,Accepted,Not rejected,103.0,False,True
SP102458,2025-04-09,10-19,Male,Maternity,Blood,LFT,Morning,Phlebotomist,Accepted,Not rejected,78.0,True,False
SP100155,2025-02-09,40-49,Male,Outpatient,Urine,Urine Culture,Night,Laboratory Technologist,Accepted,Not rejected,18.0,False,False
SP100868,2025-01-02,50-59,Male,Pediatrics,Blood,LFT,Afternoon,Clinical Officer,Accepted,Not rejected,69.0,False,True
SP103591,2025-07-25,30-39,Male,Emergency,Blood,Creatinine,Morning,Nurse,Accepted,Not rejected,47.0,False,False
SP101358,2025-02-04,30-39,Female,Inpatient,Blood,Creatinine,Night,Nurse,Accepted,Not rejected,120.0,False,False
SP101196,2025-02-06,60+,Female,Outpatient,Urine,Urine Culture,Afternoon,Nurse,Accepted,Not rejected,125.0,False,False
SP100209,2025-10-31,50-59,Female,Outpatient,Blood,Urea,Morning,Phlebotomist,Accepted,Not rejected,70.0,False,False
SP102073,2025-04-11,60+,Female,Emergency,Urine,Urine Culture,Morning,Nurse,Accepted,Not rejected,125.0,False,False
SP100748,2025-12-29,10-19,Male,Inpatient,Blood,LFT,Afternoon,Nurse,Accepted,Not rejected,69.0,False,False
SP103366,2025-08-19,30-39,Female,Inpatient,Swab,Throat Culture,Night,Phlebotomist,Accepted,Not rejected,57.0,False,False
SP100957,2025-07-27,10-19,Female,Outpatient,Blood,Creatinine,Afternoon,Clinical Officer,Accepted,Not rejected,37.0,False,False
SP101070,2025-11-27,50-59,Male,Emergency,Blood,Creatinine,Morning,Nurse,Accepted,Not rejected,104.0,False,False
SP104680,2025-04-04,40-49,Female,Maternity,CSF,Culture,Night,Clinical Officer,Accepted,Not rejected,56.0,False,False
SP102357,2025-02-03,50-59,Female,Pediatrics,Stool,Culture,Afternoon,Nurse,Accepted,Not rejected,115.0,False,True
SP100292,2025-07-02,60+,Male,Emergency,Blood,CBC,Morning,Clinical Officer,Accepted,Not rejected,81.0,False,False
SP103201,2025-08-08,20-29,Male,Outpatient,Sputum,Gram Stain,Afternoon,Clinical Officer,Accepted,Not rejected,109.0,False,False
SP100490,2025-12-17,0-9,Male,Outpatient,Blood,Glucose,Night,Nurse,Accepted,Not rejected,45.0,False,False
SP101087,2025-12-02,10-19,Female,Outpatient,Urine,Urinalysis,Morning,Clinical Officer,Accepted,Not rejected,100.0,False,False
SP104892,2025-11-25,10-19,Female,Emergency,Swab,Wound Culture,Morning,Nurse,Accepted,Not rejected,91.0,False,False
SP103415,2025-12-31,30-39,Female,Maternity,Blood,Creatinine,Morning,Phlebotomist,Rejected,Hemolysis,47.0,False,False
SP101049,2025-06-23,60+,Female,Outpatient,Blood,Creatinine,Night,Laboratory Technologist,Accepted,Not rejected,56.0,False,False
SP101587,2025-03-12,60+,Male,Emergency,Blood,LFT,Morning,Phlebotomist,Accepted,Not rejected,102.0,False,False
SP101139,2025-12-26,40-49,Male,Outpatient,Stool,Culture,Morning,Nurse,Accepted,Not rejected,45.0,False,False
SP102039,2025-10-30,10-19,Male,Inpatient,Urine,Urinalysis,Morning,Laboratory Technologist,Accepted,Not rejected,68.0,False,False
SP101683,2025-12-17,50-59,Male,Outpatient,Urine,Urinalysis,Morning,Clinical Officer,Rejected,Wrong container,86.0,False,False
SP102680,2025-12-18,20-29,Female,Outpatient,Stool,Culture,Morning,Laboratory Technologist,Accepted,Not rejected,88.0,False,False
SP101770,2025-07-23,40-49,Male,Maternity,Urine,Urine Culture,Night,Clinical Officer,Accepted,Not rejected,59.0,True,False
SP102964,2025-12-20,10-19,Female,Maternity,Sputum,AFB,Morning,Clinical Officer,Accepted,Not rejected,111.0,False,False
SP101147,2025-03-25,0-9,Female,Inpatient,Blood,Glucose,Afternoon,Phlebotomist,Accepted,Not rejected,39.0,False,False
SP102923,2025-05-03,40-49,Male,Inpatient,Blood,Glucose,Afternoon,Nurse,Accepted,Not rejected,74.0,False,False
SP100129,2025-04-22,20-29,Male,Inpatient,Blood,Creatinine,Morning,Nurse,Accepted,Not rejected,93.0,False,False
SP103717,2025-06-22,60+,Male,Outpatient,Blood,LFT,Afternoon,Nurse,Accepted,Not rejected,83.0,False,False
SP101636,2025-12-24,50-59,Male,Outpatient,Blood,Glucose,Morning,Clinical Officer,Accepted,Not rejected,57.0,False,False
SP104964,2025-07-10,10-19,Male,Inpatient,Blood,Glucose,Morning,Clinical Officer,Accepted,Not rejected,59.0,False,False
SP103542,2025-05-22,40-49,Female,Outpatient,Urine,Urine Culture,Morning,Phlebotomist,Accepted,Not rejected,62.0,False,False
SP101474,2025-12-23,60+,Male,Emergency,CSF,Culture,Night,Nurse,Accepted,Not rejected,85.0,False,False
SP103446,2025-09-04,30-39,Male,Inpatient,Swab,Wound Culture,Morning,Phlebotomist,Accepted,Not rejected,57.0,False,False
SP102364,2025-07-20,30-39,Female,Inpatient,Stool,Stool O&P,Night,Nurse,Accepted,Not rejected,79.0,False,False
SP100311,2025-11-15,10-19,Female,Pediatrics,Blood,Creatinine,Night,Phlebotomist,Accepted,Not rejected,59.0,False,False
SP103139,2025-09-20,60+,Male,Maternity,Blood,CBC,Night,Clinical Officer,Accepted,Not rejected,87.0,True,False
SP101857,2025-09-28,20-29,Female,Maternity,Sputum,AFB,Morning,Clinical Officer,Accepted,Not rejected,90.0,False,False
SP100156,2025-01-23,40-49,Female,Unknown,Blood,CBC,Afternoon,Clinical Officer,Rejected,Delayed transport,88.0,False,False
SP104624,2025-01-06,40-49,Female,Pediatrics,Urine,Urine Culture,Morning,Clinical Officer,Accepted,Not rejected,32.0,False,True
SP103813,2025-01-22,0-9,Female,Outpatient,Blood,LFT,Morning,Phlebotomist,Accepted,Not rejected,79.0,False,False
SP103888,2025-07-30,10-19,Female,ICU,Blood,LFT,Morning,Clinical Officer,Accepted,Not rejected,83.0,False,False
SP103035,2025-04-26,0-9,Male,Inpatient,Swab,Wound Culture,Morning,Nurse,Accepted,Not rejected,56.0,False,False
SP101315,2025-10-13,50-59,Female,Pediatrics,Sputum,AFB,Afternoon,Phlebotomist,Accepted,Not rejected,54.0,False,True
SP101814,2025-10-01,0-9,Female,Outpatient,Blood,Glucose,Afternoon,Phlebotomist,Accepted,Not rejected,88.0,False,False
SP103411,2025-08-29,60+,Female,Maternity,Sputum,Culture,Afternoon,Nurse,Accepted,Not rejected,85.0,False,False
SP104540,2025-01-30,60+,Female,Emergency,Swab,Throat Culture,Morning,Laboratory Technologist,Rejected,Insufficient volume,46.0,False,False
SP103627,2025-11-10,20-29,Male,Outpatient,Stool,Culture,Morning,Phlebotomist,Accepted,Not rejected,131.0,False,False
SP100148,2025-06-22,40-49,Female,Inpatient,Urine,Urine Culture,Night,Laboratory Technologist,Accepted,Not rejected,45.0,False,False
SP101120,2025-05-03,40-49,Male,Maternity,Urine,Urinalysis,Night,Nurse,Accepted,Not rejected,68.0,True,False
SP103538,2025-05-21,10-19,Female,Inpatient,Swab,Throat Culture,Morning,Unknown,Accepted,Not rejected,55.0,False,False
SP103127,2025-09-12,40-49,Male,Outpatient,Blood,Creatinine,Night,Laboratory Technologist,Accepted,Not rejected,67.0,False,False
SP102430,2025-12-30,40-49,Female,Emergency,Blood,Glucose,Afternoon,Nurse,Accepted,Not rejected,84.0,False,False
SP104177,2025-02-17,20-29,Female,Emergency,Stool,Stool O&P,Morning,Phlebotomist,Accepted,Not rejected,100.0,False,False
SP103832,2025-10-14,10-19,Male,Inpatient,Blood,Urea,Morning,Phlebotomist,Accepted,Not rejected,96.0,False,False
SP101431,2025-08-22,30-39,Female,Maternity,Blood,CBC,Night,Clinical Officer,Accepted,Not rejected,111.0,False,False
SP103284,2025-07-30,10-19,Male,Outpatient,Blood,Glucose,Afternoon,Clinical Officer,Rejected,Hemolysis,31.0,False,False
SP101946,2025-04-21,60+,Female,Maternity,Blood,LFT,Morning,Nurse,Accepted,Not rejected,58.0,False,False
SP103358,2025-10-18,20-29,Male,Inpatient,Blood,Glucose,Morning,Nurse,Accepted,Not rejected,65.0,False,False
SP104114,2025-01-31,10-19,Female,Outpatient,Blood,Urea,Morning,Phlebotomist,Rejected,Wrong container,117.0,False,False
SP101179,2025-08-17,60+,Female,Emergency,Sputum,Culture,Afternoon,Nurse,Accepted,Not rejected,79.0,False,False
SP102334,2025-03-01,10-19,Female,Pediatrics,Urine,Urine Culture,Afternoon,Nurse,Accepted,Not rejected,66.0,False,False
SP101317,2025-12-27,20-29,Female,Pediatrics,Sputum,Gram Stain,Afternoon,Phlebotomist,Accepted,Not rejected,50.0,False,True
SP100488,2025-04-07,40-49,Male,Emergency,Urine,Urinalysis,Afternoon,Nurse,Accepted,Not rejected,72.0,False,False
SP102506,2025-08-09,0-9,Female,ICU,Swab,Throat Culture,Morning,Laboratory Technologist,Accepted,Not rejected,56.0,False,False
SP103868,2025-09-29,0-9,Female,Maternity,Urine,Urine Culture,Morning,Laboratory Technologist,Rejected,Wrong container,103.0,False,False
SP103012,2025-09-17,40-49,Male,Emergency,Urine,Urine Culture,Night,Nurse,Accepted,Not rejected,61.0,False,False
SP101660,2025-12-21,10-19,Male,Outpatient,Urine,Urinalysis,Morning,Clinical Officer,Accepted,Not rejected,60.0,False,False
SP103220,2025-11-15,60+,Female,Outpatient,Blood,CBC,Morning,Phlebotomist,Accepted,Not rejected,45.0,False,False
SP104015,2025-05-08,0-9,Female,Outpatient,Swab,Wound Culture,Morning,Clinical Officer,Accepted,Not rejected,75.0,False,False
SP102328,2025-06-17,60+,Male,Emergency,Blood,LFT,Afternoon,Nurse,Rejected,Clotted specimen,95.0,False,False
SP102955,2025-01-01,0-9,Female,Inpatient,Urine,Urine Culture,Morning,Clinical Officer,Accepted,Not rejected,59.0,False,False
SP100032,2025-12-01,50-59,Male,Outpatient,Blood,LFT,Afternoon,Nurse,Accepted,Not rejected,68.0,False,False
SP101130,2025-10-17,50-59,Female,Inpatient,Blood,LFT,Night,Nurse,Accepted,Not rejected,36.0,False,False
SP101843,2025-03-19,50-59,Female,Outpatient,Sputum,AFB,Night,Phlebotomist,Accepted,Not rejected,81.0,False,False
SP102614,2025-03-02,10-19,Male,Inpatient,Swab,Throat Culture,Night,Laboratory Technologist,Accepted,Not rejected,101.0,False,False
SP100164,2025-01-22,30-39,Female,Outpatient,Urine,Urine Culture,Afternoon,Nurse,Accepted,Not rejected,95.0,False,False
SP102046,2025-04-03,0-9,Female,Outpatient,Blood,Urea,Afternoon,Clinical Officer,Accepted,Not rejected,87.0,False,False
SP102650,2025-04-04,40-49,Female,Inpatient,Blood,Creatinine,Night,Clinical Officer,Accepted,Not rejected,51.0,False,False
SP102504,2025-08-01,20-29,Male,Emergency,Blood,CBC,Afternoon,Nurse,Accepted,Not rejected,106.0,False,False
SP100481,2025-06-02,10-19,Male,Inpatient,Swab,Throat Culture,Morning,Laboratory Technologist,Accepted,Not rejected,65.0,False,False
SP101794,2025-08-28,50-59,Female,Emergency,Blood,LFT,Morning,Clinical Officer,Accepted,Not rejected,85.0,False,False
SP104803,2025-11-01,20-29,Male,Outpatient,Swab,Wound Culture,Afternoon,Clinical Officer,Rejected,Clotted specimen,65.0,False,False
SP100808,2025-01-24,10-19,Female,Outpatient,Sputum,Gram Stain,Afternoon,Clinical Officer,Accepted,Not rejected,70.0,False,False
SP100715,2025-10-31,60+,Female,Pediatrics,Sputum,Gram Stain,Afternoon,Nurse,Accepted,Not rejected,112.0,False,True
SP101932,2025-07-05,40-49,Female,Outpatient,Blood,Urea,Night,Nurse,Accepted,Not rejected,90.0,False,False
SP101073,2025-12-13,20-29,Male,Outpatient,Sputum,Gram Stain,Afternoon,Clinical Officer,Accepted,Not rejected,93.0,False,False
SP104506,2025-05-05,30-39,Male,Outpatient,Blood,Creatinine,Night,Laboratory Technologist,Accepted,Not rejected,110.0,False,False
SP100717,2025-11-13,10-19,Male,Outpatient,Sputum,AFB,Night,Laboratory Technologist,Accepted,Not rejected,35.0,False,False
SP101165,2025-03-19,10-19,Female,Outpatient,Blood,CBC,Afternoon,Clinical Officer,Accepted,Not rejected,63.0,False,False
SP103579,2025-12-19,60+,Female,Inpatient,Urine,Urinalysis,Night,Laboratory Technologist,Accepted,Not rejected,47.0,False,False
SP101737,2025-08-26,30-39,Male,ICU,Urine,Urinalysis,Afternoon,Nurse,Accepted,Not rejected,113.0,False,False
SP100200,2025-05-13,50-59,Female,Maternity,Blood,LFT,Afternoon,Nurse,Rejected,Clotted specimen,100.0,False,False
SP102412,2025-05-19,30-39,Female,ICU,Blood,Urea,Morning,Phlebotomist,Accepted,Not rejected,49.0,False,False
SP104810,2025-01-04,10-19,Female,ICU,Blood,Urea,Afternoon,Clinical Officer,Accepted,Not rejected,72.0,False,False
SP101569,2025-02-18,60+,Male,Outpatient,Swab,Wound Culture,Morning,Nurse,Accepted,Not rejected,14.0,False,False
SP102902,2025-05-24,60+,Female,Pediatrics,Urine,Urinalysis,Night,Phlebotomist,Accepted,Not rejected,92.0,False,True
SP100137,2025-06-14,0-9,Female,Maternity,Blood,Creatinine,Night,Nurse,Accepted,Not rejected,69.0,False,False
SP100700,2025-10-28,30-39,Male,Maternity,Blood,Creatinine,Afternoon,Nurse,Accepted,Not rejected,36.0,True,False
SP103932,2025-03-04,50-59,Female,Outpatient,Blood,Glucose,Morning,Phlebotomist,Accepted,Not rejected,110.0,False,False
SP100454,2025-11-21,60+,Female,Pediatrics,Blood,Urea,Morning,Nurse,Accepted,Not rejected,41.0,False,True
SP103860,2025-12-12,60+,Male,Outpatient,Urine,Urine Culture,Morning,Laboratory Technologist,Rejected,Mislabeling,36.0,False,False
SP104696,2025-01-13,20-29,Female,Outpatient,Sputum,Gram Stain,Morning,Phlebotomist,Accepted,Not rejected,62.0,False,False
SP102571,2025-12-17,30-39,Male,Outpatient,Swab,Throat Culture,Morning,Nurse,Accepted,Not rejected,77.0,False,False
SP102044,2025-03-21,20-29,Female,Inpatient,Sputum,Culture,Night,Clinical Officer,Accepted,Not rejected,100.0,False,False
SP103795,2025-12-02,30-39,Female,Outpatient,Sputum,Culture,Morning,Phlebotomist,Accepted,Not rejected,71.0,False,False
SP100504,2025-10-16,10-19,Male,ICU,Swab,Wound Culture,Morning,Phlebotomist,Accepted,Not rejected,117.0,False,False
SP100911,2025-06-24,0-9,Male,Outpatient,Swab,Throat Culture,Morning,Phlebotomist,Accepted,Not rejected,72.0,False,False
SP103521,2025-08-31,20-29,Male,Inpatient,Sputum,AFB,Afternoon,Phlebotomist,Accepted,Not rejected,67.0,False,False
SP102020,2025-01-16,20-29,Female,ICU,Urine,Urinalysis,Afternoon,Phlebotomist,Accepted,Not rejected,78.0,False,False
SP101851,2025-05-20,60+,Female,Maternity,Blood,CBC,Afternoon,Phlebotomist,Accepted,Not rejected,90.0,False,False
SP103132,2025-08-27,40-49,Female,Inpatient,Swab,Throat Culture,Afternoon,Laboratory Technologist,Accepted,Not rejected,89.0,False,False
SP103087,2025-10-25,0-9,Male,Emergency,Swab,Wound Culture,Afternoon,Nurse,Rejected,Insufficient volume,62.0,False,False
SP103312,2025-08-07,0-9,Female,Outpatient,Sputum,AFB,Night,Phlebotomist,Accepted,Not rejected,91.0,False,False
SP102919,2025-03-18,60+,Male,Outpatient,Sputum,Gram Stain,Afternoon,Phlebotomist,Accepted,Not rejected,86.0,False,False
SP104154,2025-06-27,10-19,Female,ICU,Urine,Urinalysis,Afternoon,Nurse,Accepted,Not rejected,41.0,False,False
SP103470,2025-11-25,30-39,Female,Pediatrics,Urine,Urine Culture,Afternoon,Laboratory Technologist,Accepted,Not rejected,60.0,False,True
SP103769,2025-09-18,60+,Male,Emergency,Blood,Glucose,Morning,Clinical Officer,Accepted,Not rejected,71.0,False,False
SP102658,2025-10-13,0-9,Female,ICU,Stool,Culture,Night,Nurse,Accepted,Not rejected,73.0,False,False
SP104492,2025-03-03,60+,Male,Inpatient,Urine,Urine Culture,Morning,Nurse,Accepted,Not rejected,63.0,False,False
SP103853,2025-10-08,30-39,Female,ICU,Sputum,Culture,Morning,Clinical Officer,Accepted,Not rejected,73.0,False,False
SP103085,2025-09-05,20-29,Female,Maternity,Swab,Wound Culture,Night,Clinical Officer,Accepted,Not rejected,86.0,False,False
SP102901,2025-05-14,40-49,Male,Pediatrics,Blood,Urea,Morning,Laboratory Technologist,Accepted,Not rejected,71.0,False,True
SP104422,2025-05-07,40-49,Male,Inpatient,Blood,CBC,Afternoon,Phlebotomist,Accepted,Not rejected,97.0,False,False
SP100606,2025-03-24,40-49,Female,Outpatient,CSF,CSF Analysis,Afternoon,Nurse,Accepted,Not rejected,91.0,False,False
SP104354,2025-08-05,60+,Male,Pediatrics,Blood,CBC,Afternoon,Nurse,Accepted,Not rejected,118.0,False,True
SP103899,2025-05-01,10-19,Female,ICU,Urine,Urine Culture,Afternoon,Phlebotomist,Accepted,Not rejected,114.0,False,False
SP101558,2025-09-30,30-39,Male,Emergency,Blood,LFT,Morning,Nurse,Accepted,Not rejected,52.0,False,False
SP100189,2025-05-11,50-59,Male,Pediatrics,Urine,Urine Culture,Afternoon,Clinical Officer,Accepted,Not rejected,83.0,False,True
SP100916,2025-11-29,20-29,Female,Outpatient,Swab,Throat Culture,Morning,Clinical Officer,Rejected,Hemolysis,46.0,False,False
SP100979,2025-08-28,60+,Male,Pediatrics,Urine,Urine Culture,Morning,Nurse,Accepted,Not rejected,45.0,False,True
SP100603,2025-04-18,60+,Male,Outpatient,Swab,Throat Culture,Afternoon,Clinical Officer,Accepted,Not rejected,96.0,False,False
SP102438,2025-12-08,40-49,Male,Inpatient,Swab,Wound Culture,Afternoon,Nurse,Accepted,Not rejected,45.0,False,False
SP103081,2025-02-24,60+,Female,Maternity,Blood,Glucose,Afternoon,Nurse,Accepted,Not rejected,101.0,False,False
SP104781,2025-04-07,40-49,Male,Emergency,Blood,Glucose,Morning,Nurse,Accepted,Not rejected,41.0,False,False
SP101246,2025-08-20,40-49,Female,Inpatient,Blood,LFT,Afternoon,Nurse,Accepted,Not rejected,74.0,False,False
SP102982,2025-01-09,20-29,Male,Outpatient,Urine,Urinalysis,Night,Nurse,Accepted,Not rejected,94.0,False,False
SP102572,2025-04-12,50-59,Female,Pediatrics,Urine,Urine Culture,Morning,Phlebotomist,Accepted,Not rejected,84.0,False,True
SP104502,2025-12-20,60+,Male,Outpatient,Sputum,Gram Stain,Afternoon,Clinical Officer,Accepted,Not rejected,58.0,False,False
SP101718,2025-01-05,10-19,Female,Outpatient,Swab,Wound Culture,Afternoon,Phlebotomist,Accepted,Not rejected,88.0,False,False
SP100363,2025-09-20,40-49,Female,Emergency,Sputum,Gram Stain,Morning,Clinical Officer,Accepted,Not rejected,113.0,False,False
SP102120,2025-07-04,0-9,Male,ICU,Swab,Throat Culture,Morning,Clinical Officer,Accepted,Not rejected,80.0,False,False
SP102722,2025-01-21,30-39,Female,Outpatient,Urine,Urine Culture,Afternoon,Nurse,Rejected,Clotted specimen,43.0,False,False
SP102645,2025-06-03,30-39,Female,Maternity,Urine,Urinalysis,Morning,Clinical Officer,Accepted,Not rejected,95.0,False,False
SP101922,2025-06-01,10-19,Female,Pediatrics,Blood,LFT,Afternoon,Nurse,Accepted,Not rejected,85.0,False,False
SP100324,2025-03-14,0-9,Male,Inpatient,Stool,Stool O&P,Afternoon,Nurse,Accepted,Not rejected,112.0,False,False
SP102128,2025-01-20,30-39,Female,Pediatrics,Urine,Urine Culture,Night,Phlebotomist,Accepted,Not rejected,86.0,False,True
SP104600,2025-12-04,40-49,Male,Outpatient,Sputum,Culture,Morning,Nurse,Accepted,Not rejected,100.0,False,False
SP100355,2025-05-30,50-59,Male,Inpatient,Urine,Urine Culture,Morning,Nurse,Accepted,Not rejected,53.0,False,False
SP100872,2025-03-02,30-39,Male,Outpatient,Swab,Throat Culture,Morning,Nurse,Accepted,Not rejected,42.0,False,False
SP103038,2025-06-25,10-19,Female,Unknown,Blood,CBC,Afternoon,Nurse,Accepted,Not rejected,52.0,False,False
SP104118,2025-05-24,50-59,Female,Inpatient,Blood,Urea,Afternoon,Nurse,Accepted,Not rejected,95.0,False,False
SP104086,2025-11-17,50-59,Male,Emergency,Blood,LFT,Morning,Nurse,Accepted,Not rejected,91.0,False,False
SP103693,2025-09-26,30-39,Female,Outpatient,CSF,Culture,Afternoon,Clinical Officer,Accepted,Not rejected,66.0,False,False
SP103777,2025-12-04,0-9,Female,Inpatient,Blood,LFT,Afternoon,Clinical Officer,Accepted,Not rejected,128.0,False,False
SP100224,2025-05-01,50-59,Male,Emergency,Sputum,AFB,Afternoon,Nurse,Rejected,Wrong container,96.0,False,False
SP102140,2025-04-29,0-9,Male,Outpatient,Swab,Wound Culture,Afternoon,Phlebotomist,Accepted,Not rejected,97.0,False,False
SP101777,2025-04-25,50-59,Female,Pediatrics,Sputum,AFB,Morning,Phlebotomist,Accepted,Not rejected,106.0,False,True
SP102580,2025-08-05,20-29,Male,Pediatrics,Urine,Urine Culture,Afternoon,Laboratory Technologist,Accepted,Not rejected,78.0,False,True
SP100712,2025-10-15,0-9,Female,Pediatrics,Urine,Urine Culture,Morning,Clinical Officer,Accepted,Not rejected,86.0,False,False
SP100461,2025-07-26,50-59,Female,Maternity,CSF,Culture,Afternoon,Clinical Officer,Accepted,Not rejected,71.0,False,False
SP101014,2025-07-28,40-49,Female,Emergency,Urine,Urinalysis,Morning,Laboratory Technologist,Accepted,Not rejected,78.0,False,False
SP101051,2025-06-16,20-29,Male,Maternity,Urine,Urinalysis,Morning,Nurse,Accepted,Not rejected,90.0,True,False
SP104024,2025-05-15,60+,Female,Emergency,Sputum,Gram Stain,Afternoon,Clinical Officer,Accepted,Not rejected,85.0,False,False
SP103029,2025-02-02,40-49,Male,Outpatient,Blood,Glucose,Morning,Laboratory Technologist,Accepted,Not rejected,57.0,False,False
SP101287,2025-09-06,30-39,Male,Emergency,Stool,Stool O&P,Morning,Phlebotomist,Accepted,Not rejected,79.0,False,False
SP103977,2025-11-02,30-39,Male,Outpatient,Sputum,Gram Stain,Afternoon,Clinical Officer,Accepted,Not rejected,67.0,False,False
SP103996,2025-01-19,60+,Male,Outpatient,Blood,CBC,Morning,Nurse,Accepted,Not rejected,111.0,False,False
SP101384,2025-12-06,20-29,Male,Outpatient,Blood,LFT,Morning,Clinical Officer,Accepted,Not rejected,102.0,False,False
SP103533,2025-03-05,50-59,Female,Maternity,Urine,Urinalysis,Afternoon,Nurse,Accepted,Not rejected,45.0,False,False
SP102761,2025-03-17,10-19,Female,Outpatient,Blood,Glucose,Morning,Laboratory Technologist,Accepted,Not rejected,64.0,False,False
SP102195,2025-12-16,60+,Female,ICU,Stool,Stool O&P,Afternoon,Clinical Officer,Rejected,Clotted specimen,48.0,False,False
SP102845,2025-01-14,50-59,Male,Maternity,Stool,Culture,Night,Clinical Officer,Accepted,Not rejected,34.0,True,False
SP103416,2025-07-15,40-49,Male,Inpatient,Blood,Creatinine,Afternoon,Nurse,Accepted,Not rejected,99.0,False,False
SP101878,2025-08-15,30-39,Male,Emergency,Urine,Urine Culture,Morning,Nurse,Accepted,Not rejected,102.0,False,False
SP101570,2025-12-13,0-9,Female,Outpatient,Urine,Urinalysis,Afternoon,Nurse,Accepted,Not rejected,39.0,False,False
SP100623,2025-02-10,60+,Male,Emergency,Urine,Urinalysis,Afternoon,Phlebotomist,Accepted,Not rejected,62.0,False,False
SP101151,2025-06-13,40-49,Female,Pediatrics,Blood,LFT,Morning,Nurse,Accepted,Not rejected,33.0,False,True
SP100176,2025-06-16,50-59,Male,Pediatrics,Urine,Urinalysis,Night,Clinical Officer,Accepted,Not rejected,31.0,False,True
SP102147,2025-04-27,60+,Female,ICU,Swab,Throat Culture,Morning,Nurse,Accepted,Not rejected,68.0,False,False
SP103770,2025-11-22,10-19,Female,Pediatrics,Blood,Creatinine,Afternoon,Nurse,Rejected,Wrong container,44.0,False,False
SP103884,2025-06-06,60+,Male,Inpatient,Sputum,Culture,Morning,Clinical Officer,Accepted,Not rejected,104.0,False,False
SP100969,2025-05-06,0-9,Female,Emergency,Blood,Urea,Afternoon,Nurse,Accepted,Not rejected,70.0,False,False
SP104297,2025-03-06,0-9,Female,Inpatient,Urine,Urine Culture,Afternoon,Phlebotomist,Accepted,Not rejected,78.0,False,False
SP100058,2025-12-22,40-49,Female,Pediatrics,Urine,Urinalysis,Morning,Phlebotomist,Accepted,Not rejected,126.0,False,True
SP101705,2025-11-21,40-49,Female,Emergency,Sputum,Gram Stain,Night,Clinical Officer,Accepted,Not rejected,95.0,False,False
SP100278,2025-05-21,30-39,Male,Outpatient,Urine,Urine Culture,Morning,Nurse,Accepted,Not rejected,70.0,False,False
SP100353,2025-05-19,50-59,Male,Outpatient,Urine,Urine Culture,Morning,Clinical Officer,Accepted,Not rejected,63.0,False,False
SP100071,2025-07-04,40-49,Female,Unknown,Blood,Glucose,Afternoon,Clinical Officer,Accepted,Not rejected,56.0,False,False
SP101758,2025-07-23,50-59,Female,Maternity,Urine,Urine Culture,Night,Nurse,Accepted,Not rejected,34.0,False,False
SP100457,2025-05-08,10-19,Female,Inpatient,Urine,Urinalysis,Morning,Nurse,Accepted,Not rejected,111.0,False,False
SP101543,2025-02-13,0-9,Male,Emergency,Blood,Creatinine,Morning,Clinical Officer,Accepted,Not rejected,28.0,False,False
SP100527,2025-03-10,10-19,Male,Outpatient,Blood,CBC,Night,Nurse,Accepted,Not rejected,108.0,False,False
SP101832,2025-07-12,10-19,Female,Maternity,Blood,CBC,Morning,Phlebotomist,Accepted,Not rejected,78.0,False,False
SP100635,2025-08-24,0-9,Male,Emergency,Urine,Urine Culture,Morning,Phlebotomist,Accepted,Not rejected,80.0,False,False
SP102113,2025-09-26,40-49,Male,ICU,Blood,Creatinine,Night,Nurse,Accepted,Not rejected,62.0,False,False
SP100745,2025-10-05,0-9,Female,Emergency,Urine,Urinalysis,Night,Clinical Officer,Accepted,Not rejected,79.0,False,False
SP104596,2025-12-01,40-49,Female,Inpatient,Urine,Urinalysis,Morning,Clinical Officer,Accepted,Not rejected,125.0,False,False
SP100557,2025-03-21,30-39,Male,Pediatrics,CSF,CSF Analysis,Morning,Nurse,Accepted,Not rejected,51.0,False,True
SP100102,2025-08-06,10-19,Female,Emergency,Blood,LFT,Morning,Clinical Officer,Rejected,Hemolysis,101.0,False,False
SP104508,2025-05-10,50-59,Male,Pediatrics,Swab,Wound Culture,Night,Clinical Officer,Accepted,Not rejected,63.0,False,True
SP104138,2025-08-14,30-39,Male,ICU,Blood,CBC,Afternoon,Phlebotomist,Accepted,Not rejected,98.0,False,False
SP101018,2025-12-17,50-59,Female,Inpatient,Blood,Glucose,Morning,Nurse,Accepted,Not rejected,103.0,False,False
SP100039,2025-04-19,10-19,Female,Inpatient,Blood,Glucose,Morning,Nurse,Accepted,Not rejected,89.0,False,False
SP104567,2025-01-09,30-39,Male,Outpatient,Blood,Urea,Night,Nurse,Rejected,Mislabeling,88.0,False,False
SP100344,2025-04-05,30-39,Female,ICU,Blood,CBC,Morning,Clinical Officer,Accepted,Not rejected,100.0,False,False
SP102618,2025-12-26,50-59,Female,Outpatient,Blood,LFT,Afternoon,Phlebotomist,Accepted,Not rejected,75.0,False,False
SP100127,2025-09-26,60+,Male,Pediatrics,Sputum,AFB,Afternoon,Clinical Officer,Accepted,Not rejected,119.0,False,True
SP103303,2025-10-28,50-59,Female,Emergency,Swab,Throat Culture,Morning,Clinical Officer,Accepted,Not rejected,113.0,False,False
SP101331,2025-04-05,60+,Female,Inpatient,Swab,Throat Culture,Morning,Clinical Officer,Accepted,Not rejected,109.0,False,False
SP101943,2025-06-01,50-59,Male,Maternity,Sputum,Culture,Night,Phlebotomist,Accepted,Not rejected,62.0,True,False
SP100756,2025-09-30,40-49,Male,Inpatient,Swab,Throat Culture,Morning,Phlebotomist,Accepted,Not rejected,52.0,False,False
SP102184,2025-04-02,0-9,Female,ICU,Blood,Glucose,Morning,Nurse,Accepted,Not rejected,92.0,False,False
SP101903,2025-12-24,0-9,Male,Outpatient,Urine,Urinalysis,Night,Phlebotomist,Accepted,Not rejected,64.0,False,False
SP100316,2025-04-29,60+,Male,Inpatient,Blood,Urea,Morning,Phlebotomist,Accepted,Not rejected,20.0,False,False
SP100296,2025-01-27,20-29,Female,Maternity,Blood,CBC,Night,Nurse,Accepted,Not rejected,70.0,False,False
SP104637,2025-02-28,0-9,Male,Inpatient,Sputum,Gram Stain,Morning,Phlebotomist,Accepted,Not rejected,80.0,False,False
SP101411,2025-05-10,0-9,Male,Inpatient,Swab,Throat Culture,Afternoon,Nurse,Accepted,Not rejected,85.0,False,False
SP102698,2025-07-28,30-39,Female,Inpatient,Stool,Culture,Morning,Nurse,Accepted,Not rejected,34.0,False,False
SP102656,2025-08-22,20-29,Female,Maternity,Blood,CBC,Night,Nurse,Rejected,Delayed transport,31.0,False,False
SP103374,2025-04-12,50-59,Female,Outpatient,Urine,Urine Culture,Morning,Phlebotomist,Accepted,Not rejected,54.0,False,False
SP101104,2025-10-14,20-29,Female,Inpatient,Blood,CBC,Morning,Nurse,Accepted,Not rejected,91.0,False,False
SP103683,2025-02-03,50-59,Female,Inpatient,Urine,Urine Culture,Afternoon,Clinical Officer,Accepted,Not rejected,117.0,False,False
SP102834,2025-09-03,60+,Female,Pediatrics,Swab,Wound Culture,Morning,Nurse,Accepted,Not rejected,78.0,False,True
SP100600,2025-04-11,30-39,Male,Outpatient,Blood,Creatinine,Morning,Clinical Officer,Accepted,Not rejected,66.0,False,False
SP103322,2025-12-12,30-39,Male,Maternity,Urine,Urinalysis,Afternoon,Nurse,Accepted,Not rejected,101.0,True,False
SP100958,2025-05-14,60+,Female,Inpatient,Blood,CBC,Night,Nurse,Accepted,Not rejected,50.0,False,False
SP100857,2025-09-28,40-49,Female,Inpatient,Swab,Wound Culture,Afternoon,Phlebotomist,Accepted,Not rejected,71.0,False,False
SP102276,2025-01-08,20-29,Male,Emergency,Stool,Stool O&P,Morning,Nurse,Accepted,Not rejected,18.0,False,False
SP100556,2025-12-31,50-59,Male,Pediatrics,Blood,CBC,Morning,Clinical Officer,Accepted,Not rejected,65.0,False,True
SP100749,2025-10-12,50-59,Male,Outpatient,Blood,Creatinine,Morning,Phlebotomist,Accepted,Not rejected,61.0,False,False
SP100244,2025-02-17,50-59,Female,ICU,Blood,Urea,Night,Phlebotomist,Accepted,Not rejected,60.0,False,False
SP100416,2025-09-05,60+,Male,Inpatient,Blood,Urea,Morning,Phlebotomist,Accepted,Not rejected,107.0,False,False
SP104404,2025-09-16,30-39,Female,Inpatient,Stool,Stool O&P,Afternoon,Nurse,Accepted,Not rejected,74.0,False,False
SP101125,2025-02-17,40-49,Female,Emergency,Blood,Glucose,Afternoon,Nurse,Accepted,Not rejected,65.0,False,False
SP102927,2025-11-11,60+,Female,Pediatrics,Sputum,Gram Stain,Morning,Laboratory Technologist,Accepted,Not rejected,81.0,False,True
SP100859,2025-12-22,0-9,Male,Outpatient,Blood,CBC,Morning,Laboratory Technologist,Accepted,Not rejected,113.0,False,False
SP102359,2025-02-04,40-49,Female,Emergency,Urine,Urine Culture,Afternoon,Clinical Officer,Accepted,Not rejected,82.0,False,False
SP104873,2025-08-01,10-19,Female,Pediatrics,Blood,Glucose,Morning,Nurse,Accepted,Not rejected,108.0,False,False
SP101968,2025-02-09,10-19,Male,Inpatient,Swab,Wound Culture,Night,Clinical Officer,Rejected,Insufficient volume,70.0,False,False
SP103147,2025-09-06,60+,Female,Emergency,Blood,CBC,Afternoon,Phlebotomist,Accepted,Not rejected,24.0,False,False
SP103253,2025-06-24,20-29,Female,Outpatient,Blood,Urea,Afternoon,Nurse,Accepted,Not rejected,90.0,False,False
SP101750,2025-03-28,60+,Male,Inpatient,CSF,CSF Analysis,Afternoon,Nurse,Accepted,Not rejected,102.0,False,False
SP100111,2025-03-15,20-29,Male,Outpatient,Blood,Urea,Afternoon,Laboratory Technologist,Accepted,Not rejected,64.0,False,False
SP102003,2025-02-12,40-49,Male,Outpatient,Blood,Urea,Morning,Nurse,Accepted,Not rejected,130.0,False,False
SP100742,2025-05-18,30-39,Female,Maternity,Urine,Urinalysis,Morning,Clinical Officer,Rejected,Wrong container,100.0,False,False
SP100927,2025-06-25,30-39,Female,Inpatient,Stool,Stool O&P,Afternoon,Nurse,Accepted,Not rejected,69.0,False,False
SP102319,2025-06-06,20-29,Male,Emergency,Blood,Glucose,Afternoon,Laboratory Technologist,Rejected,Mislabeling,59.0,False,False
SP103235,2025-08-15,0-9,Male,Pediatrics,CSF,Culture,Morning,Clinical Officer,Accepted,Not rejected,86.0,False,False
SP104391,2025-05-04,10-19,Male,ICU,Swab,Wound Culture,Morning,Nurse,Accepted,Not rejected,69.0,False,False
SP100398,2025-11-08,0-9,Female,Unknown,Blood,Creatinine,Morning,Clinical Officer,Accepted,Not rejected,70.0,False,False
SP101604,2025-05-07,0-9,Female,Emergency,Urine,Urine Culture,Afternoon,Phlebotomist,Accepted,Not rejected,84.0,False,False
SP100665,2025-05-22,50-59,Male,Outpatient,Urine,Urine Culture,Morning,Laboratory Technologist,Accepted,Not rejected,57.0,False,False
SP101526,2025-05-18,50-59,Female,Inpatient,Blood,CBC,Night,Phlebotomist,Accepted,Not rejected,101.0,False,False
SP103257,2025-02-25,30-39,Female,Outpatient,CSF,CSF Analysis,Afternoon,Phlebotomist,Accepted,Not rejected,38.0,False,False
SP103146,2025-12-21,0-9,Male,Inpatient,Urine,Urinalysis,Night,Phlebotomist,Accepted,Not rejected,61.0,False,False
SP104076,2025-11-18,40-49,Female,Outpatient,Blood,LFT,Night,Clinical Officer,Accepted,Not rejected,52.0,False,False
SP103157,2025-03-19,60+,Female,Outpatient,Swab,Wound Culture,Morning,Laboratory Technologist,Accepted,Not rejected,85.0,False,False
SP100752,2025-06-27,60+,Female,Outpatient,Blood,Glucose,Morning,Nurse,Accepted,Not rejected,51.0,False,False
SP102889,2025-04-03,0-9,Female,Maternity,Blood,LFT,Afternoon,Phlebotomist,Accepted,Not rejected,91.0,False,False
SP104861,2025-02-11,20-29,Female,Pediatrics,Swab,Throat Culture,Afternoon,Clinical Officer,Accepted,Not rejected,90.0,False,True
SP104642,2025-08-07,40-49,Female,Outpatient,Urine,Urine Culture,Morning,Clinical Officer,Accepted,Not rejected,53.0,False,False
SP103458,2025-10-10,30-39,Male,Outpatient,Urine,Urinalysis,Morning,Nurse,Accepted,Not rejected,76.0,False,False
SP100696,2025-11-15,40-49,Female,ICU,Urine,Urinalysis,Morning,Clinical Officer,Accepted,Not rejected,75.0,False,False
SP104017,2025-12-17,60+,Male,Emergency,Blood,CBC,Night,Nurse,Accepted,Not rejected,66.0,False,False
SP101126,2025-07-30,40-49,Female,Outpatient,Sputum,AFB,Night,Clinical Officer,Accepted,Not rejected,111.0,False,False
SP101884,2025-12-05,50-59,Male,Emergency,Stool,Stool O&P,Night,Phlebotomist,Accepted,Not rejected,42.0,False,False
SP101856,2025-01-21,20-29,Male,Pediatrics,Blood,LFT,Morning,Nurse,Accepted,Not rejected,81.0,False,True
SP101220,2025-10-24,40-49,Male,Outpatient,CSF,Culture,Morning,Phlebotomist,Accepted,Not rejected,107.0,False,False
SP102942,2025-09-10,60+,Male,Outpatient,Blood,LFT,Afternoon,Phlebotomist,Accepted,Not rejected,52.0,False,False
SP102607,2025-09-12,50-59,Female,Maternity,Blood,Creatinine,Afternoon,Nurse,Accepted,Not rejected,92.0,False,False
SP103629,2025-05-08,40-49,Male,Maternity,Urine,Urine Culture,Morning,Laboratory Technologist,Accepted,Not rejected,53.0,True,False
SP103357,2025-12-16,60+,Male,Unknown,Sputum,Culture,Night,Nurse,Accepted,Not rejected,144.0,False,False
SP102885,2025-01-05,50-59,Male,ICU,Stool,Culture,Afternoon,Nurse,Accepted,Not rejected,28.0,False,False
SP100043,2025-08-13,0-9,Male,Pediatrics,Stool,Culture,Morning,Phlebotomist,Accepted,Not rejected,103.0,False,False
SP100066,2025-06-20,20-29,Male,ICU,Sputum,AFB,Morning,Unknown,Accepted,Not rejected,83.0,False,False
SP104025,2025-10-27,50-59,Female,ICU,Urine,Urinalysis,Morning,Nurse,Accepted,Not rejected,26.0,False,False
SP103917,2025-01-28,10-19,Male,Pediatrics,Blood,Urea,Morning,Clinical Officer,Accepted,Not rejected,113.0,False,False
SP104993,2025-10-17,40-49,Male,Emergency,Swab,Throat Culture,Morning,Clinical Officer,Rejected,Leaking container,101.0,False,False
SP104326,2025-01-19,20-29,Male,ICU,Blood,Glucose,Afternoon,Phlebotomist,Accepted,Not rejected,37.0,False,False
SP102563,2025-09-13,30-39,Female,Pediatrics,Urine,Urinalysis,Afternoon,Phlebotomist,Accepted,Not rejected,64.0,False,True
SP101725,2025-05-26,30-39,Female,Pediatrics,Blood,Urea,Morning,Unknown,Accepted,Not rejected,47.0,False,True
SP104216,2025-02-11,60+,Male,Outpatient,Urine,Urine Culture,Morning,Nurse,Accepted,Not rejected,63.0,False,False
SP104875,2025-10-16,30-39,Male,Inpatient,Sputum,AFB,Night,Phlebotomist,Accepted,Not rejected,77.0,False,False
SP100646,2025-04-27,0-9,Female,Outpatient,Swab,Wound Culture,Morning,Phlebotomist,Accepted,Not rejected,82.0,False,False
SP104554,2025-03-24,60+,Male,Inpatient,Blood,Urea,Afternoon,Phlebotomist,Accepted,Not rejected,113.0,False,False
SP100774,2025-10-16,20-29,Male,Emergency,CSF,CSF Analysis,Afternoon,Nurse,Accepted,Not rejected,100.0,False,False
SP102264,2025-09-10,10-19,Female,Inpatient,Blood,Urea,Afternoon,Nurse,Accepted,Not rejected,111.0,False,False
SP100618,2025-03-11,40-49,Female,Outpatient,Blood,Urea,Morning,Nurse,Accepted,Not rejected,128.0,False,False
SP101938,2025-08-22,10-19,Male,Inpatient,Blood,Glucose,Night,Nurse,Accepted,Not rejected,89.0,False,False
SP103975,2025-01-13,30-39,Male,Outpatient,Urine,Urine Culture,Afternoon,Nurse,Accepted,Not rejected,74.0,False,False
SP103830,2025-11-01,50-59,Female,Inpatient,Blood,CBC,Morning,Clinical Officer,Accepted,Not rejected,63.0,False,False
SP100743,2025-07-28,30-39,Female,Outpatient,Urine,Urine Culture,Afternoon,Laboratory Technologist,Accepted,Not rejected,103.0,False,False
SP103386,2025-03-08,60+,Male,Emergency,Urine,Urinalysis,Morning,Nurse,Rejected,Insufficient volume,59.0,False,False
SP104760,2025-06-29,10-19,Female,Emergency,Sputum,AFB,Afternoon,Clinical Officer,Accepted,Not rejected,85.0,False,False
SP103320,2025-09-15,10-19,Female,Outpatient,Urine,Urinalysis,Afternoon,Nurse,Accepted,Not rejected,52.0,False,False
SP103839,2025-10-19,40-49,Male,ICU,Stool,Stool O&P,Morning,Nurse,Accepted,Not rejected,72.0,False,False
SP103995,2025-01-08,20-29,Male,Maternity,CSF,Culture,Morning,Laboratory Technologist,Accepted,Not rejected,110.0,True,False
SP103927,2025-06-06,10-19,Female,Inpatient,Urine,Urine Culture,Afternoon,Nurse,Accepted,Not rejected,41.0,False,False
SP102351,2025-10-08,0-9,Male,ICU,Blood,CBC,Morning,Nurse,Accepted,Not rejected,34.0,False,False
SP101909,2025-02-15,40-49,Female,Emergency,Blood,CBC,Morning,Nurse,Accepted,Not rejected,77.0,False,False
SP100046,2025-02-27,30-39,Male,Maternity,Swab,Wound Culture,Morning,Nurse,Accepted,Not rejected,99.0,True,False
SP101849,2025-01-04,50-59,Female,Outpatient,Blood,Creatinine,Morning,Nurse,Accepted,Not rejected,123.0,False,False
SP100157,2025-10-21,20-29,Female,Emergency,Swab,Throat Culture,Night,Nurse,Accepted,Not rejected,77.0,False,False
SP104602,2025-08-22,50-59,Female,Emergency,Stool,Culture,Morning,Clinical Officer,Accepted,Not rejected,89.0,False,False
SP104906,2025-10-14,10-19,Female,Inpatient,Blood,LFT,Afternoon,Phlebotomist,Rejected,Mislabeling,93.0,False,False
SP102746,2025-03-28,50-59,Female,Outpatient,CSF,CSF Analysis,Night,Nurse,Rejected,Delayed transport,127.0,False,False
SP104462,2025-02-26,10-19,Female,Outpatient,Urine,Urinalysis,Morning,Phlebotomist,Accepted,Not rejected,31.0,False,False
SP100547,2025-10-10,40-49,Male,Outpatient,Blood,LFT,Afternoon,Nurse,Accepted,Not rejected,81.0,False,False
SP101002,2025-03-18,40-49,Female,Outpatient,Urine,Urine Culture,Morning,Laboratory Technologist,Accepted,Not rejected,40.0,False,False
SP103999,2025-08-13,10-19,Female,ICU,Urine,Urine Culture,Morning,Nurse,Accepted,Not rejected,76.0,False,False
SP104534,2025-07-12,40-49,Female,Inpatient,CSF,CSF Analysis,Afternoon,Nurse,Accepted,Not rejected,49.0,False,False
SP101527,2025-06-26,20-29,Male,Inpatient,Urine,Urinalysis,Night,Phlebotomist,Accepted,Not rejected,97.0,False,False
SP103141,2025-12-31,60+,Male,Outpatient,Stool,Stool O&P,Night,Laboratory Technologist,Accepted,Not rejected,24.0,False,False
SP103876,2025-04-11,20-29,Male,ICU,Urine,Urinalysis,Morning,Laboratory Technologist,Accepted,Not rejected,41.0,False,False
SP104382,2025-07-04,20-29,Male,Outpatient,Sputum,AFB,Morning,Phlebotomist,Accepted,Not rejected,94.0,False,False
SP100766,2025-12-22,20-29,Female,Pediatrics,Urine,Urinalysis,Afternoon,Nurse,Accepted,Not rejected,67.0,False,True
SP104860,2025-04-06,20-29,Female,Outpatient,Blood,Creatinine,Afternoon,Clinical Officer,Accepted,Not rejected,142.0,False,False
SP103944,2025-03-11,30-39,Female,ICU,Blood,Creatinine,Afternoon,Clinical Officer,Accepted,Not rejected,55.0,False,False
SP104767,2025-10-28,10-19,Female,Pediatrics,Blood,Glucose,Morning,Nurse,Accepted,Not rejected,74.0,False,False
SP101741,2025-05-16,40-49,Female,Inpatient,Blood,LFT,Afternoon,Clinical Officer,Accepted,Not rejected,127.0,False,False
SP104230,2025-05-14,0-9,Female,Inpatient,Blood,Glucose,Afternoon,Nurse,Accepted,Not rejected,86.0,False,False
SP104267,2025-06-25,50-59,Female,Outpatient,Blood,Urea,Morning,Clinical Officer,Rejected,Leaking container,52.0,False,False
SP104916,2025-05-22,20-29,Female,Pediatrics,Sputum,AFB,Morning,Laboratory Technologist,Accepted,Not rejected,81.0,False,True
SP102659,2025-09-22,40-49,Female,Emergency,Blood,Creatinine,Afternoon,Laboratory Technologist,Accepted,Not rejected,90.0,False,False
SP104350,2025-09-30,10-19,Male,Maternity,Sputum,Gram Stain,Morning,Phlebotomist,Accepted,Not rejected,101.0,True,False
SP102867,2025-04-25,20-29,Female,Outpatient,Blood,Creatinine,Night,Clinical Officer,Accepted,Not rejected,80.0,False,False
SP103214,2025-12-05,20-29,Male,Pediatrics,Sputum,Gram Stain,Morning,Nurse,Accepted,Not rejected,95.0,False,True
SP100874,2025-12-24,30-39,Male,Inpatient,Swab,Throat Culture,Morning,Phlebotomist,Accepted,Not rejected,53.0,False,False
SP101937,2025-10-16,30-39,Female,Inpatient,Blood,Creatinine,Afternoon,Nurse,Accepted,Not rejected,46.0,False,False
SP100802,2025-10-07,30-39,Female,Outpatient,CSF,Culture,Afternoon,Laboratory Technologist,Accepted,Not rejected,106.0,False,False
SP103837,2025-07-14,40-49,Male,Pediatrics,Blood,LFT,Afternoon,Clinical Officer,Accepted,Not rejected,63.0,False,True
SP102478,2025-06-11,30-39,Male,Inpatient,Urine,Urine Culture,Afternoon,Clinical Officer,Accepted,Not rejected,88.0,False,False
SP101575,2025-10-09,20-29,Female,Inpatient,Blood,LFT,Night,Clinical Officer,Accepted,Not rejected,70.0,False,False
SP104415,2025-08-14,20-29,Male,Pediatrics,Stool,Stool O&P,Morning,Clinical Officer,Accepted,Not rejected,110.0,False,True
SP100453,2025-04-26,30-39,Male,Outpatient,CSF,Culture,Morning,Nurse,Accepted,Not rejected,84.0,False,False
SP104963,2025-04-21,40-49,Male,Inpatient,Blood,LFT,Morning,Nurse,Rejected,Insufficient volume,117.0,False,False
SP103567,2025-04-05,50-59,Female,Outpatient,CSF,CSF Analysis,Morning,Nurse,Accepted,Not rejected,63.0,False,False
SP104220,2025-07-31,0-9,Female,Outpatient,Blood,Glucose,Afternoon,Nurse,Accepted,Not rejected,43.0,False,False
SP104691,2025-02-11,60+,Male,Maternity,Urine,Urine Culture,Morning,Clinical Officer,Rejected,Leaking container,72.0,True,False
SP104988,2025-06-21,60+,Male,Pediatrics,Sputum,Culture,Afternoon,Nurse,Accepted,Not rejected,65.0,False,True
SP101712,2025-03-24,10-19,Male,Inpatient,Urine,Urine Culture,Afternoon,Nurse,Accepted,Not rejected,70.0,False,False
SP104373,2025-12-03,40-49,Male,Outpatient,Blood,Urea,Morning,Nurse,Accepted,Not rejected,47.0,False,False
SP102058,2025-05-01,20-29,Male,Outpatient,Sputum,Gram Stain,Morning,Phlebotomist,Accepted,Not rejected,89.0,False,False
SP100854,2025-06-23,50-59,Female,Pediatrics,Swab,Throat Culture,Morning,Nurse,Accepted,Not rejected,112.0,False,True
SP103624,2025-06-03,50-59,Female,Pediatrics,Urine,Urine Culture,Morning,Nurse,Accepted,Not rejected,48.0,False,True
SP103659,2025-04-16,50-59,Male,Emergency,Blood,Urea,Morning,Nurse,Accepted,Not rejected,60.0,False,False
SP101848,2025-08-11,10-19,Male,Pediatrics,Blood,CBC,Morning,Clinical Officer,Rejected,Hemolysis,57.0,False,False
SP103224,2025-11-26,60+,Female,ICU,Blood,LFT,Afternoon,Nurse,Accepted,Not rejected,84.0,False,False
SP102795,2025-07-08,30-39,Female,Pediatrics,Blood,CBC,Afternoon,Clinical Officer,Accepted,Not rejected,64.0,False,True
SP103708,2025-08-31,10-19,Female,Emergency,Blood,Glucose,Morning,Laboratory Technologist,Rejected,Leaking container,91.0,False,False
SP102594,2025-07-14,30-39,Male,Inpatient,Urine,Urine Culture,Morning,Clinical Officer,Accepted,Not rejected,83.0,False,False
SP100136,2025-05-14,20-29,Female,Emergency,Blood,LFT,Morning,Nurse,Accepted,Not rejected,58.0,False,False
SP100832,2025-01-15,10-19,Female,Emergency,Urine,Urine Culture,Morning,Nurse,Accepted,Not rejected,74.0,False,False
SP101673,2025-03-10,0-9,Female,Inpatient,Swab,Throat Culture,Morning,Phlebotomist,Accepted,Not rejected,55.0,False,False
SP101497,2025-01-07,10-19,Female,Outpatient,Swab,Wound Culture,Afternoon,Clinical Officer,Accepted,Not rejected,67.0,False,False
SP102097,2025-06-18,40-49,Female,Inpatient,Blood,Glucose,Night,Phlebotomist,Accepted,Not rejected,89.0,False,False
SP103316,2025-02-16,50-59,Male,Emergency,Blood,Urea,Afternoon,Nurse,Accepted,Not rejected,101.0,False,False
SP100825,2025-07-17,40-49,Female,Emergency,Swab,Wound Culture,Afternoon,Phlebotomist,Accepted,Not rejected,55.0,False,False
SP103939,2025-03-31,30-39,Female,Outpatient,Urine,Urinalysis,Morning,Phlebotomist,Accepted,Not rejected,104.0,False,False
SP104036,2025-05-14,40-49,Male,Outpatient,Blood,Creatinine,Night,Nurse,Accepted,Not rejected,60.0,False,False
SP100664,2025-04-15,50-59,Female,Emergency,Urine,Urine Culture,Night,Laboratory Technologist,Accepted,Not rejected,126.0,False,False
SP102759,2025-06-17,60+,Male,Outpatient,Urine,Urine Culture,Morning,Nurse,Accepted,Not rejected,71.0,False,False
SP102451,2025-04-10,10-19,Male,Inpatient,Swab,Wound Culture,Morning,Clinical Officer,Rejected,Clotted specimen,68.0,False,False
SP101944,2025-08-20,50-59,Male,Pediatrics,Sputum,Culture,Morning,Nurse,Rejected,Leaking container,80.0,False,True
SP100972,2025-05-27,40-49,Male,Inpatient,Urine,Urine Culture,Morning,Clinical Officer,Accepted,Not rejected,74.0,False,False
SP101842,2025-02-20,60+,Male,Outpatient,Blood,Urea,Morning,Phlebotomist,Accepted,Not rejected,114.0,False,False
SP101378,2025-12-14,20-29,Male,Inpatient,Blood,Creatinine,Morning,Nurse,Accepted,Not rejected,81.0,False,False
SP104547,2025-08-31,10-19,Female,Outpatient,Blood,CBC,Afternoon,Nurse,Accepted,Not rejected,72.0,False,False
SP101377,2025-01-23,0-9,Male,Emergency,Urine,Urine Culture,Night,Nurse,Accepted,Not rejected,101.0,False,False
SP104420,2025-02-16,20-29,Female,Emergency,Urine,Urinalysis,Night,Nurse,Accepted,Not rejected,76.0,False,False
SP104797,2025-07-27,20-29,Male,Maternity,Urine,Urinalysis,Morning,Nurse,Accepted,Not rejected,99.0,True,False
SP101635,2025-03-08,0-9,Male,Pediatrics,Blood,Creatinine,Afternoon,Laboratory Technologist,Accepted,Not rejected,79.0,False,False
SP101809,2025-08-28,20-29,Male,Outpatient,Blood,Urea,Afternoon,Nurse,Accepted,Not rejected,88.0,False,False
SP100326,2025-11-21,40-49,Male,Outpatient,Blood,LFT,Morning,Nurse,Accepted,Not rejected,84.0,False,False
SP103062,2025-11-03,60+,Male,Outpatient,Swab,Wound Culture,Afternoon,Nurse,Accepted,Not rejected,100.0,False,False
SP103527,2025-10-15,30-39,Male,Inpatient,Sputum,AFB,Night,Laboratory Technologist,Accepted,Not rejected,86.0,False,False
SP102597,2025-01-09,60+,Female,Pediatrics,Swab,Throat Culture,Morning,Nurse,Accepted,Not rejected,103.0,False,True
SP101866,2025-03-03,0-9,Male,Maternity,Blood,CBC,Morning,Clinical Officer,Accepted,Not rejected,86.0,True,False
SP104777,2025-05-24,0-9,Male,Outpatient,Sputum,Gram Stain,Night,Phlebotomist,Accepted,Not rejected,65.0,False,False
SP102422,2025-07-29,30-39,Male,Pediatrics,Sputum,AFB,Night,Clinical Officer,Rejected,Wrong container,66.0,False,True
SP101713,2025-10-19,Unknown,Female,Emergency,Blood,Creatinine,Night,Nurse,Accepted,Not rejected,83.0,False,False
SP104110,2025-02-16,10-19,Female,Outpatient,Blood,Glucose,Morning,Clinical Officer,Accepted,Not rejected,115.0,False,False
SP100976,2025-04-06,30-39,Female,Outpatient,Blood,CBC,Afternoon,Clinical Officer,Rejected,Delayed transport,28.0,False,False
SP102330,2025-11-09,60+,Male,Inpatient,CSF,Culture,Night,Phlebotomist,Accepted,Not rejected,31.0,False,False
SP104362,2025-04-20,10-19,Male,Maternity,Swab,Wound Culture,Afternoon,Nurse,Accepted,Not rejected,59.0,True,False
SP101276,2025-11-12,10-19,Male,Pediatrics,Swab,Wound Culture,Afternoon,Nurse,Accepted,Not rejected,54.0,False,False
SP104105,2025-05-06,20-29,Male,Outpatient,Urine,Urine Culture,Night,Clinical Officer,Accepted,Not rejected,88.0,False,False
SP104059,2025-05-19,20-29,Male,Pediatrics,Swab,Wound Culture,Morning,Laboratory Technologist,Accepted,Not rejected,73.0,False,True
SP101584,2025-07-20,20-29,Male,Outpatient,Blood,Urea,Morning,Phlebotomist,Accepted,Not rejected,96.0,False,False
SP104182,2025-09-28,10-19,Male,Inpatient,Blood,Glucose,Morning,Phlebotomist,Accepted,Not rejected,69.0,False,False
SP103623,2025-09-29,50-59,Male,Outpatient,CSF,CSF Analysis,Night,Laboratory Technologist,Accepted,Not rejected,75.0,False,False
SP100091,2025-03-17,60+,Female,Unknown,Blood,Urea,Morning,Nurse,Accepted,Not rejected,69.0,False,False
SP101624,2025-05-23,20-29,Female,Inpatient,Stool,Culture,Afternoon,Phlebotomist,Accepted,Not rejected,63.0,False,False
SP104436,2025-09-27,30-39,Female,Maternity,Urine,Urine Culture,Morning,Laboratory Technologist,Accepted,Not rejected,47.0,False,False
SP103525,2025-02-19,30-39,Female,Outpatient,Urine,Urine Culture,Afternoon,Laboratory Technologist,Accepted,Not rejected,43.0,False,False
SP103994,2025-06-30,10-19,Female,Outpatient,Urine,Urinalysis,Afternoon,Phlebotomist,Accepted,Not rejected,101.0,False,False
SP104959,2025-08-18,0-9,Male,Pediatrics,Blood,Urea,Afternoon,Nurse,Accepted,Not rejected,93.0,False,False
SP104700,2025-10-18,60+,Male,Emergency,Swab,Wound Culture,Morning,Clinical Officer,Accepted,Not rejected,71.0,False,False
SP102592,2025-08-04,0-9,Male,Inpatient,Sputum,Gram Stain,Afternoon,Nurse,Accepted,Not rejected,69.0,False,False
SP100309,2025-12-28,0-9,Female,Pediatrics,Urine,Urine Culture,Morning,Nurse,Accepted,Not rejected,89.0,False,False
SP102192,2025-11-07,30-39,Male,Inpatient,Urine,Urinalysis,Morning,Clinical Officer,Accepted,Not rejected,71.0,False,False
SP100088,2025-10-25,40-49,Female,Inpatient,Stool,Stool O&P,Afternoon,Laboratory Technologist,Accepted,Not rejected,64.0,False,False
SP102339,2025-01-14,40-49,Male,Pediatrics,Blood,CBC,Night,Clinical Officer,Accepted,Not rejected,88.0,False,True
SP104336,2025-06-08,30-39,Female,Maternity,Urine,Urinalysis,Afternoon,Nurse,Accepted,Not rejected,106.0,False,False
SP103417,2025-04-13,60+,Male,Outpatient,Blood,LFT,Morning,Clinical Officer,Accepted,Not rejected,93.0,False,False
SP102398,2025-04-14,60+,Male,ICU,CSF,CSF Analysis,Afternoon,Phlebotomist,Accepted,Not rejected,72.0,False,False
SP102428,2025-02-19,20-29,Female,Outpatient,Blood,Urea,Morning,Nurse,Accepted,Not rejected,97.0,False,False
SP101707,2025-01-08,10-19,Male,Inpatient,Urine,Urinalysis,Afternoon,Nurse,Accepted,Not rejected,112.0,False,False
SP104997,2025-11-22,60+,Female,Outpatient,Sputum,Gram Stain,Morning,Clinical Officer,Accepted,Not rejected,42.0,False,False
SP103219,2025-04-27,50-59,Male,Outpatient,Swab,Throat Culture,Afternoon,Clinical Officer,Accepted,Not rejected,77.0,False,False
SP102092,2025-12-11,40-49,Female,Inpatient,Urine,Urine Culture,Afternoon,Nurse,Accepted,Not rejected,108.0,False,False
SP102490,2025-03-26,40-49,Female,Pediatrics,Blood,CBC,Afternoon,Laboratory Technologist,Accepted,Not rejected,106.0,False,True
SP102950,2025-04-18,20-29,Male,Emergency,Blood,Urea,Afternoon,Phlebotomist,Accepted,Not rejected,81.0,False,False
SP102587,2025-05-27,0-9,Female,Outpatient,Blood,Glucose,Afternoon,Nurse,Accepted,Not rejected,83.0,False,False
SP104286,2025-08-20,0-9,Female,Outpatient,Urine,Urinalysis,Morning,Nurse,Accepted,Not rejected,57.0,False,False
SP100337,2025-10-22,30-39,Female,Pediatrics,Urine,Urine Culture,Morning,Phlebotomist,Accepted,Not rejected,57.0,False,True
SP103202,2025-12-23,20-29,Female,Outpatient,Blood,CBC,Afternoon,Laboratory Technologist,Accepted,Not rejected,60.0,False,False
SP104205,2025-08-08,60+,Female,Maternity,Sputum,Culture,Afternoon,Nurse,Accepted,Not rejected,78.0,False,False
SP100768,2025-08-10,40-49,Female,Outpatient,CSF,CSF Analysis,Morning,Phlebotomist,Accepted,Not rejected,56.0,False,False
SP103566,2025-05-05,50-59,Male,Maternity,Urine,Urine Culture,Morning,Phlebotomist,Accepted,Not rejected,45.0,True,False
SP100910,2025-11-26,0-9,Male,Pediatrics,Blood,Creatinine,Afternoon,Phlebotomist,Accepted,Not rejected,83.0,False,False
SP102341,2025-05-22,0-9,Female,Inpatient,Blood,Glucose,Afternoon,Nurse,Accepted,Not rejected,95.0,False,False
SP100966,2025-10-21,60+,Male,Pediatrics,Sputum,Culture,Afternoon,Nurse,Accepted,Not rejected,61.0,False,True
SP102179,2025-03-06,60+,Male,Inpatient,Blood,CBC,Morning,Clinical Officer,Accepted,Not rejected,64.0,False,False
SP103236,2025-03-11,40-49,Female,Outpatient,Blood,Urea,Night,Nurse,Accepted,Not rejected,74.0,False,False
SP100964,2025-06-06,40-49,Male,Outpatient,Blood,Creatinine,Morning,Laboratory Technologist,Accepted,Not rejected,45.0,False,False
SP100036,2025-11-04,40-49,Male,Maternity,Blood,LFT,Morning,Laboratory Technologist,Accepted,Not rejected,47.0,True,False
SP100153,2025-02-06,0-9,Male,Emergency,Blood,LFT,Morning,Clinical Officer,Accepted,Not rejected,62.0,False,False
SP100525,2025-03-04,40-49,Male,Outpatient,Swab,Throat Culture,Afternoon,Clinical Officer,Accepted,Not rejected,161.0,False,False
SP104098,2025-12-09,0-9,Male,Outpatient,Urine,Urinalysis,Morning,Clinical Officer,Accepted,Not rejected,74.0,False,False
SP100332,2025-10-20,0-9,Male,Inpatient,Urine,Urine Culture,Night,Clinical Officer,Accepted,Not rejected,80.0,False,False
SP104020,2025-12-20,10-19,Male,Outpatient,Blood,Glucose,Morning,Nurse,Accepted,Not rejected,50.0,False,False
SP100657,2025-10-02,50-59,Female,Pediatrics,Urine,Urinalysis,Morning,Nurse,Accepted,Not rejected,31.0,False,True
SP103731,2025-06-17,10-19,Male,Emergency,Blood,CBC,Afternoon,Clinical Officer,Accepted,Not rejected,63.0,False,False
SP102030,2025-04-12,30-39,Male,Outpatient,Blood,CBC,Morning,Phlebotomist,Accepted,Not rejected,67.0,False,False
SP104933,2025-03-10,60+,Female,Pediatrics,Swab,Wound Culture,Afternoon,Nurse,Accepted,Not rejected,82.0,False,True
SP100579,2025-04-13,60+,Male,Outpatient,Swab,Throat Culture,Morning,Nurse,Accepted,Not rejected,77.0,False,False
SP102034,2025-07-23,60+,Female,Emergency,Urine,Urinalysis,Night,Nurse,Accepted,Not rejected,64.0,False,False
SP100401,2025-09-19,0-9,Male,Outpatient,Urine,Urine Culture,Morning,Nurse,Accepted,Not rejected,91.0,False,False
SP102990,2025-03-25,10-19,Male,Inpatient,Sputum,Gram Stain,Night,Nurse,Accepted,Not rejected,119.0,False,False
SP104283,2025-08-05,20-29,Female,Maternity,Blood,Glucose,Night,Laboratory Technologist,Accepted,Not rejected,117.0,False,False
SP101065,2025-06-09,30-39,Male,Outpatient,Urine,Urinalysis,Night,Nurse,Accepted,Not rejected,69.0,False,False
SP103075,2025-10-30,20-29,Female,ICU,Blood,LFT,Morning,Nurse,Accepted,Not rejected,12.0,False,False
SP103577,2025-01-10,60+,Male,Inpatient,Swab,Throat Culture,Night,Clinical Officer,Accepted,Not rejected,77.0,False,False
SP102216,2025-03-08,20-29,Female,ICU,Blood,LFT,Afternoon,Laboratory Technologist,Accepted,Not rejected,58.0,False,False
SP102859,2025-01-15,0-9,Male,Outpatient,Stool,Stool O&P,Afternoon,Phlebotomist,Accepted,Not rejected,90.0,False,False
SP104813,2025-12-03,10-19,Male,Inpatient,Blood,Glucose,Morning,Phlebotomist,Accepted,Not rejected,28.0,False,False
SP101911,2025-11-23,10-19,Female,Inpatient,Blood,Creatinine,Morning,Clinical Officer,Accepted,Not rejected,55.0,False,False
SP100159,2025-04-09,20-29,Female,Inpatient,Blood,LFT,Afternoon,Laboratory Technologist,Accepted,Not rejected,36.0,False,False
SP102626,2025-05-26,30-39,Female,ICU,Blood,Creatinine,Night,Phlebotomist,Accepted,Not rejected,104.0,False,False
SP101723,2025-04-16,60+,Male,Outpatient,Sputum,Culture,Night,Laboratory Technologist,Accepted,Not rejected,82.0,False,False
SP100893,2025-12-31,60+,Female,ICU,Sputum,AFB,Morning,Nurse,Accepted,Not rejected,107.0,False,False
SP100816,2025-09-29,50-59,Female,Pediatrics,Swab,Throat Culture,Night,Phlebotomist,Accepted,Not rejected,122.0,False,True
SP103021,2025-10-02,10-19,Male,Pediatrics,Sputum,AFB,Afternoon,Nurse,Accepted,Not rejected,74.0,False,False
SP101325,2025-10-30,30-39,Female,Maternity,CSF,CSF Analysis,Night,Clinical Officer,Accepted,Not rejected,31.0,False,False
SP102520,2025-04-13,50-59,Female,Emergency,Blood,CBC,Afternoon,Clinical Officer,Accepted,Not rejected,88.0,False,False
SP102367,2025-07-02,20-29,Female,Emergency,Urine,Urine Culture,Morning,Phlebotomist,Accepted,Not rejected,60.0,False,False
SP100132,2025-07-18,60+,Female,Outpatient,Urine,Urine Culture,Afternoon,Nurse,Accepted,Not rejected,62.0,False,False
SP101116,2025-12-22,20-29,Male,Inpatient,Blood,CBC,Night,Clinical Officer,Accepted,Not rejected,35.0,False,False
SP103290,2025-05-19,20-29,Female,ICU,Blood,Creatinine,Morning,Laboratory Technologist,Accepted,Not rejected,104.0,False,False
SP100945,2025-05-05,40-49,Male,Pediatrics,Sputum,AFB,Morning,Clinical Officer,Accepted,Not rejected,56.0,False,True
SP103319,2025-04-05,40-49,Male,Emergency,Urine,Urine Culture,Morning,Laboratory Technologist,Accepted,Not rejected,77.0,False,False
SP102221,2025-01-28,40-49,Male,ICU,Urine,Urine Culture,Night,Clinical Officer,Accepted,Not rejected,32.0,False,False
SP103818,2025-11-18,10-19,Female,Pediatrics,Urine,Urine Culture,Night,Phlebotomist,Accepted,Not rejected,86.0,False,False
SP102010,2025-09-15,20-29,Male,Emergency,Sputum,AFB,Afternoon,Laboratory Technologist,Accepted,Not rejected,75.0,False,False
SP102596,2025-11-17,60+,Male,Pediatrics,Sputum,Culture,Afternoon,Phlebotomist,Accepted,Not rejected,101.0,False,True
SP103440,2025-04-24,60+,Male,Outpatient,Urine,Urinalysis,Night,Clinical Officer,Accepted,Not rejected,94.0,False,False
SP100511,2025-11-20,30-39,Female,Inpatient,CSF,Culture,Afternoon,Laboratory Technologist,Accepted,Not rejected,44.0,False,False
SP100452,2025-05-08,40-49,Female,Maternity,Blood,Glucose,Morning,Nurse,Accepted,Not rejected,109.0,False,False
SP102228,2025-03-02,20-29,Female,Inpatient,Swab,Wound Culture,Afternoon,Laboratory Technologist,Rejected,Wrong container,53.0,False,False
SP100518,2025-10-09,20-29,Female,Emergency,Stool,Culture,Afternoon,Laboratory Technologist,Accepted,Not rejected,100.0,False,False
SP102763,2025-01-23,0-9,Female,Pediatrics,Blood,CBC,Morning,Clinical Officer,Accepted,Not rejected,80.0,False,False
SP104046,2025-04-06,0-9,Female,Outpatient,Urine,Urine Culture,Morning,Clinical Officer,Accepted,Not rejected,70.0,False,False
SP103039,2025-08-30,30-39,Female,Maternity,Swab,Wound Culture,Night,Nurse,Accepted,Not rejected,116.0,False,False
SP101033,2025-03-11,50-59,Male,ICU,Blood,Glucose,Afternoon,Clinical Officer,Accepted,Not rejected,42.0,False,False
SP102509,2025-03-12,30-39,Female,Pediatrics,Swab,Wound Culture,Afternoon,Clinical Officer,Accepted,Not rejected,73.0,False,True
SP104148,2025-12-04,30-39,Male,Inpatient,Blood,Creatinine,Morning,Nurse,Accepted,Not rejected,59.0,False,False
SP103534,2025-07-25,20-29,Female,Maternity,Urine,Urinalysis,Morning,Phlebotomist,Accepted,Not rejected,45.0,False,False
SP101859,2025-11-11,50-59,Female,Pediatrics,Sputum,Culture,Afternoon,Clinical Officer,Accepted,Not rejected,35.0,False,True
SP104493,2025-04-20,40-49,Male,Outpatient,Sputum,Gram Stain,Night,Phlebotomist,Accepted,Not rejected,89.0,False,False
SP103570,2025-06-15,0-9,Female,Inpatient,Urine,Urine Culture,Morning,Clinical Officer,Accepted,Not rejected,96.0,False,False
SP101152,2025-12-08,30-39,Male,Inpatient,Blood,Urea,Morning,Clinical Officer,Accepted,Not rejected,48.0,False,False
SP100787,2025-02-07,10-19,Female,Pediatrics,Urine,Urine Culture,Afternoon,Phlebotomist,Accepted,Not rejected,63.0,False,False
SP103609,2025-10-03,10-19,Female,Emergency,Urine,Urinalysis,Night,Clinical Officer,Accepted,Not rejected,75.0,False,False
SP102832,2025-02-17,40-49,Female,ICU,Sputum,Gram Stain,Afternoon,Clinical Officer,Accepted,Not rejected,36.0,False,False
SP100391,2025-06-20,30-39,Male,Inpatient,Urine,Urinalysis,Morning,Nurse,Rejected,Hemolysis,63.0,False,False
SP100804,2025-06-17,50-59,Female,Pediatrics,Urine,Urine Culture,Afternoon,Laboratory Technologist,Accepted,Not rejected,62.0,False,True
SP101860,2025-10-09,30-39,Male,Pediatrics,CSF,CSF Analysis,Morning,Nurse,Accepted,Not rejected,90.0,False,True
SP102718,2025-12-06,30-39,Male,Inpatient,Blood,Creatinine,Morning,Phlebotomist,Accepted,Not rejected,69.0,False,False
SP101056,2025-07-25,40-49,Male,Emergency,Blood,CBC,Afternoon,Laboratory Technologist,Accepted,Not rejected,59.0,False,False
SP102826,2025-05-15,60+,Female,Outpatient,Sputum,Culture,Morning,Nurse,Accepted,Not rejected,64.0,False,False
SP100286,2025-08-07,30-39,Male,Inpatient,Urine,Urinalysis,Morning,Phlebotomist,Accepted,Not rejected,15.0,False,False
SP101974,2025-10-25,20-29,Male,Emergency,Swab,Throat Culture,Morning,Clinical Officer,Rejected,Wrong container,27.0,False,False
SP104443,2025-02-16,20-29,Male,Outpatient,Swab,Throat Culture,Afternoon,Phlebotomist,Accepted,Not rejected,114.0,False,False
SP102397,2025-09-12,60+,Male,Emergency,Sputum,Culture,Afternoon,Nurse,Accepted,Not rejected,82.0,False,False
SP101735,2025-05-02,40-49,Female,Inpatient,Swab,Throat Culture,Morning,Laboratory Technologist,Accepted,Not rejected,43.0,False,False
SP101289,2025-01-20,40-49,Male,Emergency,Swab,Wound Culture,Afternoon,Clinical Officer,Accepted,Not rejected,72.0,False,False
SP101995,2025-01-03,20-29,Male,Pediatrics,Sputum,Culture,Afternoon,Phlebotomist,Accepted,Not rejected,85.0,False,True
SP100269,2025-04-04,0-9,Male,Inpatient,Swab,Wound Culture,Morning,Phlebotomist,Accepted,Not rejected,79.0,False,False
SP102963,2025-11-21,0-9,Male,Outpatient,Blood,CBC,Morning,Nurse,Accepted,Not rejected,45.0,False,False
SP101043,2025-09-08,40-49,Female,Outpatient,Stool,Culture,Afternoon,Laboratory Technologist,Accepted,Not rejected,71.0,False,False
SP101460,2025-11-19,0-9,Female,Inpatient,Blood,Creatinine,Afternoon,Nurse,Accepted,Not rejected,84.0,False,False
SP101398,2025-02-19,60+,Male,Pediatrics,Blood,Creatinine,Morning,Nurse,Accepted,Not rejected,70.0,False,True
SP102007,2025-07-10,30-39,Male,Pediatrics,Blood,LFT,Night,Clinical Officer,Rejected,Hemolysis,80.0,False,True
SP104575,2025-02-24,50-59,Female,Outpatient,Swab,Wound Culture,Morning,Phlebotomist,Accepted,Not rejected,23.0,False,False
SP104258,2025-02-05,50-59,Female,Outpatient,Sputum,Gram Stain,Afternoon,Phlebotomist,Accepted,Not rejected,87.0,False,False
SP104754,2025-01-21,20-29,Male,Maternity,Urine,Urinalysis,Night,Clinical Officer,Accepted,Not rejected,82.0,True,False
SP101360,2025-10-10,30-39,Male,Inpatient,Blood,Urea,Night,Phlebotomist,Accepted,Not rejected,78.0,False,False
SP102332,2025-04-14,20-29,Female,Maternity,Urine,Urine Culture,Morning,Clinical Officer,Accepted,Not rejected,71.0,False,False
SP100334,2025-12-08,10-19,Male,Pediatrics,Blood,LFT,Night,Clinical Officer,Rejected,Leaking container,69.0,False,False
SP104917,2025-06-15,0-9,Female,Emergency,Blood,LFT,Morning,Phlebotomist,Accepted,Not rejected,20.0,False,False
SP102828,2025-03-07,40-49,Female,Pediatrics,Urine,Urinalysis,Afternoon,Nurse,Accepted,Not rejected,117.0,False,True
SP100128,2025-05-27,50-59,Female,Emergency,Blood,LFT,Afternoon,Phlebotomist,Accepted,Not rejected,73.0,False,False
SP104611,2025-12-18,10-19,Male,Inpatient,Blood,Urea,Afternoon,Clinical Officer,Accepted,Not rejected,83.0,False,False
SP101182,2025-07-01,0-9,Male,Inpatient,Urine,Urinalysis,Morning,Clinical Officer,Accepted,Not rejected,79.0,False,False
SP104365,2025-11-29,10-19,Female,Emergency,Sputum,AFB,Afternoon,Nurse,Rejected,Leaking container,106.0,False,False
SP104319,2025-04-23,40-49,Male,Outpatient,Blood,LFT,Night,Nurse,Accepted,Not rejected,71.0,False,False
SP101547,2025-05-19,10-19,Female,ICU,Blood,CBC,Morning,Nurse,Accepted,Not rejected,90.0,False,False
SP104406,2025-06-12,40-49,Female,Emergency,Stool,Stool O&P,Afternoon,Phlebotomist,Accepted,Not rejected,67.0,False,False
SP100444,2025-05-27,40-49,Female,ICU,Blood,Creatinine,Morning,Clinical Officer,Accepted,Not rejected,90.0,False,False
SP100698,2025-09-22,40-49,Male,Emergency,Blood,CBC,Afternoon,Clinical Officer,Accepted,Not rejected,93.0,False,False
SP100204,2025-08-21,30-39,Male,Outpatient,Blood,Creatinine,Afternoon,Nurse,Accepted,Not rejected,65.0,False,False
SP104124,2025-04-02,50-59,Male,Outpatient,Stool,Culture,Morning,Nurse,Rejected,Insufficient volume,56.0,False,False
SP104579,2025-06-20,40-49,Female,Inpatient,Swab,Throat Culture,Morning,Laboratory Technologist,Accepted,Not rejected,40.0,False,False
SP100822,2025-11-18,60+,Female,Emergency,Urine,Urine Culture,Morning,Clinical Officer,Rejected,Mislabeling,44.0,False,False
SP104756,2025-04-04,50-59,Female,Outpatient,Urine,Urine Culture,Afternoon,Clinical Officer,Accepted,Not rejected,108.0,False,False
SP100694,2025-07-03,50-59,Female,Outpatient,Urine,Urine Culture,Afternoon,Clinical Officer,Accepted,Not rejected,95.0,False,False
SP101489,2025-03-28,20-29,Male,Outpatient,Blood,Urea,Night,Nurse,Accepted,Not rejected,72.0,False,False
SP100521,2025-08-13,50-59,Male,Outpatient,Blood,CBC,Morning,Clinical Officer,Accepted,Not rejected,75.0,False,False
SP102970,2025-04-08,40-49,Female,Inpatient,Urine,Urine Culture,Morning,Phlebotomist,Accepted,Not rejected,29.0,False,False
SP103212,2025-12-27,40-49,Male,Outpatient,Blood,Creatinine,Morning,Laboratory Technologist,Accepted,Not rejected,80.0,False,False
SP101416,2025-08-26,50-59,Female,Inpatient,Sputum,Culture,Night,Laboratory Technologist,Rejected,Insufficient volume,154.0,False,False
SP101949,2025-06-01,40-49,Female,Pediatrics,Urine,Urinalysis,Morning,Nurse,Accepted,Not rejected,40.0,False,True
SP102681,2025-03-08,50-59,Male,Outpatient,Urine,Urine Culture,Morning,Nurse,Accepted,Not rejected,48.0,False,False
SP103998,2025-02-26,20-29,Female,Pediatrics,Sputum,Culture,Morning,Nurse,Rejected,Leaking container,123.0,False,True
SP103553,2025-01-06,30-39,Female,Unknown,Swab,Throat Culture,Morning,Nurse,Accepted,Not rejected,68.0,False,False
SP102042,2025-12-27,10-19,Female,Outpatient,Blood,Creatinine,Morning,Clinical Officer,Accepted,Not rejected,82.0,False,False
SP102386,2025-11-24,10-19,Female,Pediatrics,Sputum,AFB,Afternoon,Unknown,Rejected,Hemolysis,62.0,False,False
SP102616,2025-09-04,10-19,Male,Outpatient,Sputum,Gram Stain,Night,Phlebotomist,Accepted,Not rejected,59.0,False,False
SP101342,2025-03-14,50-59,Male,Inpatient,Blood,CBC,Night,Nurse,Accepted,Not rejected,65.0,False,False
SP102883,2025-07-30,50-59,Male,Pediatrics,Blood,LFT,Night,Nurse,Accepted,Not rejected,83.0,False,True
SP101656,2025-09-26,50-59,Female,ICU,Urine,Urine Culture,Afternoon,Laboratory Technologist,Accepted,Not rejected,55.0,False,False
SP102217,2025-11-27,0-9,Female,Outpatient,Blood,Urea,Night,Nurse,Accepted,Not rejected,67.0,False,False
SP103980,2025-07-31,0-9,Female,Outpatient,Blood,CBC,Afternoon,Clinical Officer,Accepted,Not rejected,87.0,False,False
SP102724,2025-10-02,10-19,Female,ICU,Stool,Stool O&P,Morning,Nurse,Accepted,Not rejected,100.0,False,False
SP101918,2025-07-24,30-39,Female,Inpatient,Stool,Stool O&P,Morning,Phlebotomist,Accepted,Not rejected,90.0,False,False
SP103936,2025-12-01,0-9,Male,Unknown,CSF,Culture,Afternoon,Phlebotomist,Accepted,Not rejected,68.0,False,False
SP104224,2025-03-16,50-59,Female,Inpatient,Urine,Urine Culture,Morning,Clinical Officer,Accepted,Not rejected,47.0,False,False
SP101249,2025-09-09,60+,Male,Outpatient,Blood,Glucose,Afternoon,Laboratory Technologist,Accepted,Not rejected,68.0,False,False
SP104876,2025-03-03,10-19,Female,Emergency,Blood,Glucose,Afternoon,Nurse,Accepted,Not rejected,74.0,False,False
SP103487,2025-05-27,10-19,Female,Maternity,Urine,Urine Culture,Afternoon,Nurse,Accepted,Not rejected,83.0,False,False
SP103590,2025-05-12,Unknown,Male,ICU,Stool,Stool O&P,Morning,Phlebotomist,Rejected,Hemolysis,22.0,False,False
SP101225,2025-09-10,10-19,Female,Inpatient,Blood,CBC,Night,Clinical Officer,Accepted,Not rejected,115.0,False,False
SP100010,2025-02-02,20-29,Male,Inpatient,Urine,Urinalysis,Night,Nurse,Accepted,Not rejected,87.0,False,False
SP101788,2025-01-31,60+,Female,Inpatient,Sputum,Culture,Morning,Nurse,Accepted,Not rejected,18.0,False,False
SP103934,2025-08-16,0-9,Male,Emergency,Blood,Creatinine,Night,Nurse,Rejected,Insufficient volume,80.0,False,False
SP101897,2025-09-06,10-19,Female,Inpatient,Stool,Culture,Afternoon,Nurse,Accepted,Not rejected,83.0,False,False
SP101976,2025-03-31,10-19,Female,ICU,Stool,Culture,Morning,Nurse,Rejected,Insufficient volume,35.0,False,False
SP104758,2025-11-28,0-9,Female,Pediatrics,Urine,Urinalysis,Afternoon,Clinical Officer,Accepted,Not rejected,18.0,False,False
SP102014,2025-07-24,60+,Female,Maternity,Blood,LFT,Afternoon,Nurse,Accepted,Not rejected,77.0,False,False
SP104215,2025-03-28,30-39,Female,Pediatrics,Swab,Throat Culture,Morning,Phlebotomist,Accepted,Not rejected,51.0,False,True
SP103840,2025-07-02,40-49,Male,Inpatient,Swab,Wound Culture,Morning,Phlebotomist,Rejected,Wrong container,63.0,False,False
SP104722,2025-07-12,10-19,Female,Pediatrics,Blood,Urea,Afternoon,Nurse,Accepted,Not rejected,106.0,False,False
SP103875,2025-06-16,10-19,Male,ICU,Urine,Urinalysis,Morning,Phlebotomist,Accepted,Not rejected,61.0,False,False
SP101577,2025-02-25,20-29,Female,Emergency,Blood,Creatinine,Morning,Clinical Officer,Accepted,Not rejected,79.0,False,False
SP104504,2025-01-01,40-49,Female,ICU,Blood,CBC,Night,Nurse,Accepted,Not rejected,67.0,False,False
SP101434,2025-02-28,50-59,Female,Inpatient,Urine,Urinalysis,Morning,Nurse,Accepted,Not rejected,103.0,False,False
SP101013,2025-05-24,60+,Male,Emergency,Blood,CBC,Afternoon,Laboratory Technologist,Accepted,Not rejected,59.0,False,False
SP103096,2025-11-29,50-59,Male,Inpatient,Urine,Urine Culture,Night,Nurse,Accepted,Not rejected,72.0,False,False
SP103691,2025-12-28,50-59,Male,ICU,Blood,LFT,Morning,Nurse,Accepted,Not rejected,88.0,False,False
SP103764,2025-06-05,0-9,Male,Outpatient,Blood,LFT,Night,Nurse,Accepted,Not rejected,74.0,False,False
SP104741,2025-01-25,50-59,Male,Maternity,Blood,Urea,Morning,Clinical Officer,Accepted,Not rejected,75.0,True,False
SP103684,2025-02-11,20-29,Female,Emergency,CSF,Culture,Night,Clinical Officer,Accepted,Not rejected,90.0,False,False
SP100731,2025-02-12,40-49,Female,Inpatient,Urine,Urinalysis,Night,Nurse,Accepted,Not rejected,89.0,False,False
SP102766,2025-09-07,50-59,Female,Maternity,Urine,Urinalysis,Afternoon,Nurse,Accepted,Not rejected,16.0,False,False
SP103760,2025-04-26,50-59,Female,ICU,Blood,Urea,Afternoon,Nurse,Accepted,Not rejected,71.0,False,False
SP100266,2025-12-29,30-39,Male,Maternity,Sputum,Culture,Morning,Laboratory Technologist,Accepted,Not rejected,32.0,True,False
SP102465,2025-10-05,40-49,Male,Inpatient,Blood,Glucose,Morning,Phlebotomist,Accepted,Not rejected,99.0,False,False
SP104287,2025-10-16,30-39,Male,Emergency,Blood,Urea,Morning,Laboratory Technologist,Accepted,Not rejected,77.0,False,False
SP101235,2025-05-03,0-9,Male,Inpatient,Sputum,AFB,Afternoon,Nurse,Accepted,Not rejected,54.0,False,False
SP100210,2025-06-15,50-59,Male,Outpatient,Swab,Throat Culture,Afternoon,Clinical Officer,Accepted,Not rejected,84.0,False,False
SP103603,2025-12-13,60+,Female,Inpatient,CSF,CSF Analysis,Night,Nurse,Accepted,Not rejected,77.0,False,False
SP101167,2025-08-24,20-29,Female,Emergency,Sputum,Culture,Afternoon,Nurse,Accepted,Not rejected,115.0,False,False
SP100406,2025-12-15,40-49,Male,ICU,Urine,Urinalysis,Afternoon,Clinical Officer,Accepted,Not rejected,102.0,False,False
SP102773,2025-03-09,40-49,Female,Outpatient,Swab,Wound Culture,Morning,Phlebotomist,Accepted,Not rejected,72.0,False,False
SP104560,2025-04-04,50-59,Female,Maternity,Blood,Creatinine,Morning,Nurse,Accepted,Not rejected,84.0,False,False
SP104426,2025-11-24,30-39,Female,Unknown,Swab,Wound Culture,Morning,Laboratory Technologist,Accepted,Not rejected,76.0,False,False
SP101240,2025-06-25,10-19,Male,Inpatient,Blood,Glucose,Morning,Nurse,Accepted,Not rejected,103.0,False,False
SP102342,2025-01-25,30-39,Female,Emergency,Sputum,Gram Stain,Morning,Clinical Officer,Accepted,Not rejected,79.0,False,False
SP103069,2025-02-16,50-59,Male,Outpatient,Sputum,AFB,Morning,Laboratory Technologist,Accepted,Not rejected,64.0,False,False
SP101312,2025-06-01,10-19,Female,Inpatient,Stool,Culture,Morning,Nurse,Accepted,Not rejected,40.0,False,False
SP100138,2025-12-09,60+,Female,Outpatient,Blood,LFT,Morning,Phlebotomist,Accepted,Not rejected,81.0,False,False
SP102965,2025-07-01,60+,Male,Pediatrics,Blood,Urea,Morning,Phlebotomist,Accepted,Not rejected,49.0,False,True
SP102329,2025-01-13,40-49,Female,Outpatient,Swab,Wound Culture,Morning,Nurse,Accepted,Not rejected,73.0,False,False
SP104802,2025-12-30,50-59,Male,Pediatrics,Blood,Glucose,Morning,Clinical Officer,Accepted,Not rejected,78.0,False,True
SP101571,2025-01-25,40-49,Male,Emergency,Blood,Glucose,Afternoon,Nurse,Accepted,Not rejected,96.0,False,False
SP101874,2025-12-07,20-29,Male,Outpatient,Sputum,Gram Stain,Morning,Clinical Officer,Accepted,Not rejected,88.0,False,False
SP100016,2025-05-07,60+,Female,Emergency,Blood,Urea,Morning,Laboratory Technologist,Accepted,Not rejected,69.0,False,False
SP104878,2025-05-24,0-9,Female,Outpatient,Blood,Glucose,Afternoon,Laboratory Technologist,Accepted,Not rejected,94.0,False,False
SP101926,2025-05-10,0-9,Female,Inpatient,Urine,Urine Culture,Morning,Clinical Officer,Accepted,Not rejected,84.0,False,False
SP104914,2025-08-19,10-19,Female,Inpatient,Blood,Creatinine,Night,Nurse,Accepted,Not rejected,41.0,False,False
SP103331,2025-08-07,60+,Female,Emergency,Urine,Urine Culture,Afternoon,Clinical Officer,Accepted,Not rejected,58.0,False,False
SP103271,2025-11-12,50-59,Female,Outpatient,Urine,Urine Culture,Morning,Laboratory Technologist,Accepted,Not rejected,59.0,False,False
SP103162,2025-10-14,0-9,Female,Inpatient,Swab,Wound Culture,Morning,Phlebotomist,Accepted,Not rejected,134.0,False,False
SP100335,2025-04-24,60+,Female,Emergency,Sputum,Culture,Morning,Clinical Officer,Accepted,Not rejected,71.0,False,False
SP104197,2025-03-25,50-59,Male,ICU,Blood,Urea,Morning,Nurse,Accepted,Not rejected,44.0,False,False
SP104374,2025-11-18,40-49,Female,Inpatient,Sputum,Culture,Morning,Nurse,Accepted,Not rejected,96.0,False,False
SP101762,2025-02-10,30-39,Male,Pediatrics,Swab,Wound Culture,Afternoon,Laboratory Technologist,Accepted,Not rejected,46.0,False,True
SP101503,2025-05-23,40-49,Male,Inpatient,Blood,Creatinine,Afternoon,Nurse,Accepted,Not rejected,94.0,False,False
SP100842,2025-03-14,50-59,Male,Pediatrics,Sputum,Culture,Morning,Nurse,Accepted,Not rejected,72.0,False,True
SP102155,2025-12-17,50-59,Male,Inpatient,Urine,Urine Culture,Afternoon,Laboratory Technologist,Accepted,Not rejected,54.0,False,False
SP103184,2025-03-23,40-49,Male,Outpatient,Blood,Glucose,Morning,Phlebotomist,Accepted,Not rejected,97.0,False,False
SP103144,2025-05-10,40-49,Female,ICU,Blood,Urea,Afternoon,Nurse,Accepted,Not rejected,77.0,False,False
SP101175,2025-01-31,10-19,Male,Outpatient,Urine,Urine Culture,Afternoon,Nurse,Accepted,Not rejected,56.0,False,False
SP102843,2025-06-25,30-39,Male,Inpatient,Urine,Urine Culture,Morning,Nurse,Rejected,Mislabeling,74.0,False,False
SP100514,2025-01-12,20-29,Male,Outpatient,Urine,Urinalysis,Morning,Phlebotomist,Accepted,Not rejected,89.0,False,False
SP103697,2025-10-23,60+,Male,Maternity,Blood,CBC,Afternoon,Phlebotomist,Accepted,Not rejected,68.0,True,False
SP103607,2025-10-03,50-59,Female,Outpatient,Sputum,Culture,Afternoon,Laboratory Technologist,Accepted,Not rejected,85.0,False,False
SP102767,2025-12-31,20-29,Female,Outpatient,Stool,Stool O&P,Afternoon,Nurse,Accepted,Not rejected,74.0,False,False
SP104529,2025-02-26,0-9,Female,Emergency,Urine,Urine Culture,Afternoon,Nurse,Accepted,Not rejected,77.0,False,False
SP101145,2025-10-07,60+,Female,Maternity,Stool,Culture,Morning,Nurse,Accepted,Not rejected,79.0,False,False
SP103920,2025-04-14,20-29,Female,Emergency,Blood,CBC,Morning,Clinical Officer,Rejected,Wrong container,84.0,False,False
SP103211,2025-05-24,60+,Female,Inpatient,Blood,Creatinine,Afternoon,Nurse,Accepted,Not rejected,38.0,False,False
SP103728,2025-07-11,20-29,Male,Outpatient,Sputum,AFB,Morning,Clinical Officer,Accepted,Not rejected,75.0,False,False
SP102695,2025-12-04,0-9,Male,ICU,Urine,Urinalysis,Morning,Clinical Officer,Accepted,Not rejected,91.0,False,False
SP102300,2025-05-03,10-19,Female,Maternity,Blood,CBC,Morning,Clinical Officer,Accepted,Not rejected,49.0,False,False
SP102429,2025-07-22,30-39,Male,Outpatient,Urine,Urine Culture,Night,Nurse,Accepted,Not rejected,106.0,False,False
SP100404,2025-01-06,50-59,Male,Inpatient,Blood,CBC,Afternoon,Nurse,Accepted,Not rejected,56.0,False,False
SP101245,2025-05-12,40-49,Female,Pediatrics,Swab,Wound Culture,Night,Phlebotomist,Rejected,Insufficient volume,33.0,False,True
SP102139,2025-10-24,10-19,Male,Inpatient,Stool,Stool O&P,Morning,Nurse,Accepted,Not rejected,122.0,False,False
SP103222,2025-04-18,60+,Female,Pediatrics,Urine,Urine Culture,Morning,Nurse,Accepted,Not rejected,89.0,False,True
SP104912,2025-04-16,40-49,Female,Inpatient,Sputum,AFB,Afternoon,Clinical Officer,Accepted,Not rejected,101.0,False,False
SP102411,2025-12-12,0-9,Male,Outpatient,Urine,Urinalysis,Afternoon,Nurse,Accepted,Not rejected,54.0,False,False
SP101066,2025-10-10,10-19,Male,Outpatient,Urine,Urinalysis,Night,Phlebotomist,Accepted,Not rejected,69.0,False,False
SP103833,2025-10-25,60+,Female,Inpatient,CSF,Culture,Morning,Laboratory Technologist,Accepted,Not rejected,45.0,False,False
SP104169,2025-02-20,40-49,Female,Outpatient,Blood,LFT,Morning,Clinical Officer,Accepted,Not rejected,60.0,False,False
SP101159,2025-07-30,50-59,Female,Outpatient,Blood,CBC,Night,Nurse,Accepted,Not rejected,90.0,False,False
SP100000,2025-12-23,10-19,Male,Inpatient,Stool,Culture,Night,Clinical Officer,Accepted,Not rejected,67.0,False,False
SP102513,2025-10-12,10-19,Male,ICU,Blood,Glucose,Afternoon,Nurse,Accepted,Not rejected,52.0,False,False
SP102754,2025-05-04,40-49,Female,Inpatient,Stool,Stool O&P,Morning,Nurse,Accepted,Not rejected,61.0,False,False
SP103757,2025-01-08,60+,Male,ICU,Swab,Throat Culture,Afternoon,Phlebotomist,Accepted,Not rejected,72.0,False,False
SP101478,2025-12-25,40-49,Female,Pediatrics,Blood,LFT,Night,Clinical Officer,Accepted,Not rejected,10.0,False,True
SP101221,2025-01-05,10-19,Female,Emergency,Blood,LFT,Morning,Phlebotomist,Accepted,Not rejected,76.0,False,False
SP102856,2025-09-21,40-49,Female,Outpatient,Urine,Urine Culture,Afternoon,Nurse,Accepted,Not rejected,92.0,False,False
SP103459,2025-07-11,50-59,Male,Emergency,Urine,Urine Culture,Afternoon,Nurse,Accepted,Not rejected,49.0,False,False
SP102880,2025-06-29,40-49,Male,Unknown,Swab,Throat Culture,Afternoon,Nurse,Accepted,Not rejected,76.0,False,False
SP102860,2025-11-07,20-29,Female,Inpatient,Swab,Wound Culture,Morning,Nurse,Accepted,Not rejected,120.0,False,False
SP104004,2025-10-26,20-29,Female,Outpatient,Blood,CBC,Afternoon,Nurse,Rejected,Clotted specimen,66.0,False,False
SP100977,2025-12-13,0-9,Female,Outpatient,Urine,Urine Culture,Afternoon,Clinical Officer,Accepted,Not rejected,63.0,False,False
SP103641,2025-01-27,0-9,Female,ICU,Urine,Urine Culture,Morning,Laboratory Technologist,Accepted,Not rejected,12.0,False,False
SP102408,2025-11-15,20-29,Female,Pediatrics,CSF,Culture,Night,Laboratory Technologist,Accepted,Not rejected,67.0,False,True
SP101564,2025-09-07,10-19,Female,Emergency,Sputum,Gram Stain,Night,Nurse,Accepted,Not rejected,75.0,False,False
SP103125,2025-12-24,0-9,Male,Maternity,Blood,Glucose,Night,Phlebotomist,Accepted,Not rejected,59.0,True,False
SP103706,2025-04-01,0-9,Female,ICU,Blood,LFT,Night,Clinical Officer,Accepted,Not rejected,108.0,False,False
SP101791,2025-05-16,50-59,Female,Outpatient,Swab,Throat Culture,Afternoon,Nurse,Accepted,Not rejected,21.0,False,False
SP100876,2025-09-20,0-9,Female,Outpatient,Blood,LFT,Morning,Nurse,Accepted,Not rejected,40.0,False,False
SP104623,2025-08-14,50-59,Female,Pediatrics,Stool,Culture,Afternoon,Phlebotomist,Accepted,Not rejected,42.0,False,True
SP101207,2025-03-06,50-59,Female,Pediatrics,Urine,Urinalysis,Morning,Nurse,Accepted,Not rejected,115.0,False,True
SP103072,2025-06-04,10-19,Female,Emergency,Swab,Wound Culture,Morning,Phlebotomist,Accepted,Not rejected,89.0,False,False
SP103426,2025-04-27,50-59,Female,Inpatient,Blood,LFT,Morning,Phlebotomist,Accepted,Not rejected,95.0,False,False
SP102994,2025-11-07,40-49,Female,Outpatient,Blood,Glucose,Night,Clinical Officer,Accepted,Not rejected,23.0,False,False
SP104408,2025-05-19,60+,Female,Pediatrics,Swab,Throat Culture,Afternoon,Laboratory Technologist,Accepted,Not rejected,53.0,False,True
SP102551,2025-02-09,0-9,Male,Inpatient,Blood,Creatinine,Morning,Phlebotomist,Accepted,Not rejected,68.0,False,False
SP101404,2025-06-30,10-19,Female,Inpatient,Blood,CBC,Afternoon,Clinical Officer,Accepted,Not rejected,85.0,False,False
SP103759,2025-01-28,10-19,Female,Pediatrics,Blood,LFT,Afternoon,Phlebotomist,Rejected,Wrong container,81.0,False,False
SP100733,2025-07-13,30-39,Male,Outpatient,Urine,Urine Culture,Morning,Laboratory Technologist,Accepted,Not rejected,79.0,False,False
SP100012,2025-09-13,20-29,Female,Outpatient,Blood,Urea,Morning,Laboratory Technologist,Accepted,Not rejected,107.0,False,False
SP101328,2025-10-31,30-39,Female,Pediatrics,Urine,Urinalysis,Afternoon,Clinical Officer,Accepted,Not rejected,140.0,False,True
SP100913,2025-10-28,40-49,Female,Emergency,Blood,Glucose,Afternoon,Clinical Officer,Accepted,Not rejected,92.0,False,False
SP100801,2025-01-16,30-39,Male,Inpatient,Sputum,Culture,Afternoon,Nurse,Accepted,Not rejected,69.0,False,False
SP102360,2025-12-27,20-29,Female,Emergency,CSF,CSF Analysis,Afternoon,Clinical Officer,Accepted,Not rejected,75.0,False,False
SP100730,2025-11-04,30-39,Male,Inpatient,Swab,Throat Culture,Morning,Nurse,Accepted,Not rejected,103.0,False,False
SP104710,2025-09-25,60+,Female,Inpatient,Swab,Wound Culture,Night,Clinical Officer,Rejected,Insufficient volume,91.0,False,False
SP102158,2025-01-12,0-9,Male,Maternity,CSF,Culture,Morning,Clinical Officer,Accepted,Not rejected,55.0,True,False
SP101296,2025-07-24,0-9,Male,Outpatient,Blood,Creatinine,Afternoon,Laboratory Technologist,Accepted,Not rejected,34.0,False,False
SP101100,2025-03-02,40-49,Male,Inpatient,Blood,Urea,Morning,Nurse,Accepted,Not rejected,90.0,False,False
SP100399,2025-04-16,50-59,Female,Outpatient,Blood,Glucose,Morning,Nurse,Accepted,Not rejected,72.0,False,False
SP100040,2025-10-21,30-39,Female,Inpatient,Urine,Urinalysis,Afternoon,Clinical Officer,Accepted,Not rejected,76.0,False,False
SP104068,2025-07-22,40-49,Male,Inpatient,Blood,CBC,Morning,Nurse,Accepted,Not rejected,107.0,False,False
SP101214,2025-04-16,30-39,Female,Outpatient,Urine,Urine Culture,Morning,Nurse,Accepted,Not rejected,44.0,False,False
SP101270,2025-07-25,10-19,Male,Inpatient,Blood,Glucose,Morning,Nurse,Accepted,Not rejected,32.0,False,False
SP103473,2025-12-28,60+,Female,Inpatient,Sputum,AFB,Afternoon,Nurse,Accepted,Not rejected,50.0,False,False
SP101347,2025-03-17,50-59,Male,Inpatient,Sputum,AFB,Morning,Clinical Officer,Accepted,Not rejected,66.0,False,False
SP103401,2025-07-30,0-9,Male,Outpatient,Blood,Urea,Afternoon,Clinical Officer,Accepted,Not rejected,76.0,False,False
SP101783,2025-03-03,40-49,Male,Emergency,Swab,Wound Culture,Morning,Laboratory Technologist,Accepted,Not rejected,79.0,False,False
SP101192,2025-06-05,60+,Female,Emergency,Urine,Urine Culture,Night,Nurse,Accepted,Not rejected,78.0,False,False
SP103976,2025-02-15,0-9,Female,Emergency,Blood,CBC,Morning,Clinical Officer,Accepted,Not rejected,73.0,False,False
SP104743,2025-07-05,40-49,Male,Emergency,Blood,Creatinine,Morning,Nurse,Accepted,Not rejected,71.0,False,False
SP104891,2025-12-01,0-9,Male,Outpatient,Urine,Urinalysis,Morning,Nurse,Rejected,Hemolysis,116.0,False,False
SP103251,2025-09-12,20-29,Male,ICU,Swab,Wound Culture,Morning,Phlebotomist,Accepted,Not rejected,105.0,False,False
SP104984,2025-02-24,30-39,Male,Inpatient,Stool,Stool O&P,Afternoon,Nurse,Accepted,Not rejected,59.0,False,False
SP103938,2025-08-06,10-19,Female,Inpatient,Blood,Urea,Afternoon,Laboratory Technologist,Accepted,Not rejected,105.0,False,False
SP101261,2025-12-16,30-39,Female,Pediatrics,Blood,LFT,Night,Clinical Officer,Accepted,Not rejected,73.0,False,True
SP103356,2025-07-06,60+,Male,Inpatient,Swab,Wound Culture,Afternoon,Clinical Officer,Accepted,Not rejected,86.0,False,False
SP102776,2025-08-09,50-59,Female,ICU,Blood,Glucose,Night,Phlebotomist,Accepted,Not rejected,80.0,False,False
SP104951,2025-04-16,0-9,Female,Outpatient,Blood,CBC,Night,Nurse,Accepted,Not rejected,80.0,False,False
SP101227,2025-12-17,60+,Male,Inpatient,Urine,Urine Culture,Morning,Laboratory Technologist,Accepted,Not rejected,81.0,False,False
SP101476,2025-06-16,40-49,Male,Inpatient,Blood,Glucose,Night,Nurse,Accepted,Not rejected,69.0,False,False
SP101986,2025-07-12,10-19,Male,Inpatient,Sputum,AFB,Morning,Clinical Officer,Accepted,Not rejected,76.0,False,False
SP103142,2025-08-10,0-9,Male,Inpatient,Blood,LFT,Morning,Nurse,Accepted,Not rejected,96.0,False,False
SP101734,2025-04-25,50-59,Female,Pediatrics,Blood,Urea,Night,Laboratory Technologist,Accepted,Not rejected,61.0,False,True
SP104764,2025-10-15,50-59,Male,Inpatient,Stool,Stool O&P,Morning,Laboratory Technologist,Accepted,Not rejected,61.0,False,False
SP103605,2025-11-20,20-29,Male,Maternity,Swab,Throat Culture,Night,Nurse,Accepted,Not rejected,83.0,True,False
SP101181,2025-12-16,50-59,Female,Inpatient,Swab,Throat Culture,Morning,Nurse,Rejected,Mislabeling,71.0,False,False
SP102634,2025-09-12,10-19,Male,Outpatient,Stool,Stool O&P,Afternoon,Clinical Officer,Accepted,Not rejected,107.0,False,False
SP102005,2025-10-21,20-29,Female,Outpatient,Urine,Urine Culture,Morning,Nurse,Accepted,Not rejected,59.0,False,False
SP100971,2025-05-31,10-19,Male,Outpatient,Stool,Culture,Night,Nurse,Accepted,Not rejected,86.0,False,False
SP103773,2025-10-24,40-49,Female,Emergency,Urine,Urinalysis,Afternoon,Nurse,Accepted,Not rejected,81.0,False,False
SP102102,2025-11-15,0-9,Male,Pediatrics,CSF,CSF Analysis,Morning,Nurse,Accepted,Not rejected,118.0,False,False
SP104397,2025-06-15,30-39,Male,Inpatient,Blood,Creatinine,Afternoon,Phlebotomist,Accepted,Not rejected,70.0,False,False
SP102396,2025-01-30,20-29,Male,Emergency,Urine,Urinalysis,Morning,Laboratory Technologist,Rejected,Delayed transport,45.0,False,False
SP102193,2025-08-09,10-19,Female,Pediatrics,Urine,Urine Culture,Morning,Nurse,Accepted,Not rejected,82.0,False,False
SP101446,2025-03-03,20-29,Male,Outpatient,Urine,Urinalysis,Night,Clinical Officer,Accepted,Not rejected,77.0,False,False
SP102201,2025-06-30,60+,Female,Emergency,Sputum,Gram Stain,Morning,Phlebotomist,Accepted,Not rejected,75.0,False,False
SP102349,2025-09-07,60+,Female,Inpatient,Blood,LFT,Afternoon,Nurse,Accepted,Not rejected,81.0,False,False
SP100100,2025-12-04,40-49,Female,Outpatient,Blood,Urea,Afternoon,Nurse,Accepted,Not rejected,73.0,False,False
SP103449,2025-11-06,30-39,Female,Outpatient,Blood,Glucose,Afternoon,Nurse,Accepted,Not rejected,78.0,False,False
SP100368,2025-08-26,10-19,Male,Outpatient,Blood,CBC,Afternoon,Nurse,Accepted,Not rejected,103.0,False,False
SP102783,2025-02-05,10-19,Female,Outpatient,Blood,CBC,Afternoon,Nurse,Accepted,Not rejected,71.0,False,False
SP102734,2025-08-17,60+,Female,Pediatrics,Blood,Creatinine,Night,Clinical Officer,Accepted,Not rejected,87.0,False,True
SP104167,2025-05-26,60+,Female,Pediatrics,Urine,Urinalysis,Morning,Clinical Officer,Accepted,Not rejected,100.0,False,True
SP102052,2025-03-22,60+,Male,Pediatrics,Swab,Throat Culture,Afternoon,Nurse,Accepted,Not rejected,115.0,False,True
SP102466,2025-06-02,40-49,Female,Outpatient,Blood,LFT,Afternoon,Clinical Officer,Accepted,Not rejected,124.0,False,False
SP100013,2025-11-26,0-9,Male,ICU,Stool,Stool O&P,Morning,Nurse,Accepted,Not rejected,31.0,False,False
SP104686,2025-08-24,60+,Female,ICU,Blood,CBC,Afternoon,Laboratory Technologist,Accepted,Not rejected,83.0,False,False
SP104897,2025-05-09,50-59,Female,ICU,Blood,Urea,Morning,Clinical Officer,Accepted,Not rejected,64.0,False,False
SP101652,2025-01-09,0-9,Male,Inpatient,Blood,LFT,Afternoon,Nurse,Accepted,Not rejected,41.0,False,False
SP102838,2025-03-01,30-39,Male,Inpatient,Urine,Urinalysis,Morning,Nurse,Accepted,Not rejected,32.0,False,False
SP104275,2025-01-27,0-9,Male,Emergency,Urine,Urinalysis,Afternoon,Laboratory Technologist,Accepted,Not rejected,72.0,False,False
SP101321,2025-11-12,10-19,Female,ICU,Blood,CBC,Morning,Clinical Officer,Accepted,Not rejected,82.0,False,False
SP102215,2025-08-19,0-9,Male,Pediatrics,Sputum,Gram Stain,Night,Nurse,Accepted,Not rejected,120.0,False,False
SP103321,2025-03-14,20-29,Female,ICU,Blood,CBC,Afternoon,Clinical Officer,Accepted,Not rejected,52.0,False,False
SP103822,2025-11-21,20-29,Female,Outpatient,CSF,CSF Analysis,Night,Phlebotomist,Accepted,Not rejected,99.0,False,False
SP101198,2025-10-05,40-49,Male,Outpatient,Urine,Urinalysis,Night,Nurse,Accepted,Not rejected,39.0,False,False
SP102512,2025-10-11,50-59,Male,Outpatient,Blood,LFT,Night,Clinical Officer,Rejected,Wrong container,46.0,False,False
SP100497,2025-02-28,50-59,Male,Emergency,Blood,Urea,Morning,Phlebotomist,Accepted,Not rejected,80.0,False,False
SP104837,2025-12-19,40-49,Female,Outpatient,Swab,Throat Culture,Night,Laboratory Technologist,Accepted,Not rejected,48.0,False,False
SP101432,2025-06-08,20-29,Male,Emergency,Sputum,Gram Stain,Morning,Nurse,Accepted,Not rejected,50.0,False,False
SP103871,2025-05-24,10-19,Female,Inpatient,Blood,CBC,Morning,Nurse,Accepted,Not rejected,73.0,False,False
SP103273,2025-11-16,30-39,Female,Maternity,Stool,Culture,Afternoon,Nurse,Accepted,Not rejected,57.0,False,False
SP103543,2025-11-28,50-59,Male,Outpatient,Urine,Urinalysis,Morning,Laboratory Technologist,Accepted,Not rejected,89.0,False,False
SP104039,2025-12-14,50-59,Female,Outpatient,Blood,CBC,Afternoon,Clinical Officer,Accepted,Not rejected,58.0,False,False
SP102802,2025-07-05,40-49,Female,Outpatient,Urine,Urine Culture,Afternoon,Nurse,Accepted,Not rejected,69.0,False,False
SP102095,2025-01-28,40-49,Male,Outpatient,Stool,Culture,Morning,Nurse,Accepted,Not rejected,81.0,False,False
SP100596,2025-07-08,20-29,Female,Inpatient,Sputum,AFB,Afternoon,Phlebotomist,Accepted,Not rejected,71.0,False,False
SP102305,2025-04-24,20-29,Male,Outpatient,Blood,Glucose,Morning,Nurse,Accepted,Not rejected,17.0,False,False
SP101275,2025-05-01,30-39,Female,Pediatrics,Blood,Urea,Afternoon,Clinical Officer,Accepted,Not rejected,56.0,False,True
SP103584,2025-03-22,60+,Female,Emergency,Urine,Urinalysis,Afternoon,Clinical Officer,Accepted,Not rejected,120.0,False,False
SP100208,2025-02-28,50-59,Male,ICU,Swab,Throat Culture,Morning,Clinical Officer,Accepted,Not rejected,87.0,False,False
SP102565,2025-06-03,20-29,Male,Emergency,CSF,CSF Analysis,Afternoon,Nurse,Accepted,Not rejected,97.0,False,False
SP104661,2025-04-02,20-29,Male,Pediatrics,Blood,Glucose,Night,Clinical Officer,Accepted,Not rejected,101.0,False,True
SP104104,2025-12-22,0-9,Female,Maternity,Blood,CBC,Morning,Nurse,Accepted,Not rejected,66.0,False,False
SP103741,2025-04-17,40-49,Male,Pediatrics,Blood,CBC,Afternoon,Nurse,Accepted,Not rejected,46.0,False,True
SP102064,2025-12-06,20-29,Male,Inpatient,Urine,Urine Culture,Afternoon,Clinical Officer,Accepted,Not rejected,45.0,False,False
SP104841,2025-09-07,20-29,Male,ICU,Urine,Urine Culture,Afternoon,Clinical Officer,Rejected,Hemolysis,84.0,False,False
SP104952,2025-09-13,50-59,Male,Inpatient,Sputum,Culture,Morning,Phlebotomist,Accepted,Not rejected,102.0,False,False
SP104136,2025-03-18,50-59,Male,Emergency,Swab,Wound Culture,Morning,Nurse,Rejected,Hemolysis,91.0,False,False
SP101069,2025-09-23,50-59,Male,Emergency,Blood,LFT,Afternoon,Clinical Officer,Accepted,Not rejected,67.0,False,False
SP102460,2025-03-21,20-29,Male,Pediatrics,Blood,LFT,Night,Phlebotomist,Accepted,Not rejected,85.0,False,True
SP104514,2025-09-09,60+,Female,Outpatient,Urine,Urinalysis,Night,Nurse,Accepted,Not rejected,109.0,False,False
SP101201,2025-01-03,40-49,Male,Outpatient,Urine,Urine Culture,Night,Nurse,Accepted,Not rejected,39.0,False,False
SP100693,2025-08-12,50-59,Female,Pediatrics,Sputum,Gram Stain,Afternoon,Nurse,Accepted,Not rejected,90.0,False,True
SP104179,2025-03-08,50-59,Male,Inpatient,Blood,Urea,Morning,Clinical Officer,Accepted,Not rejected,44.0,False,False
SP104650,2025-02-10,40-49,Female,Inpatient,Swab,Wound Culture,Morning,Nurse,Accepted,Not rejected,44.0,False,False
SP103898,2025-07-19,60+,Female,Pediatrics,Urine,Urinalysis,Morning,Nurse,Accepted,Not rejected,74.0,False,True
SP103242,2025-04-19,40-49,Male,ICU,Blood,Glucose,Night,Nurse,Accepted,Not rejected,73.0,False,False
SP102294,2025-01-11,40-49,Female,Emergency,Swab,Throat Culture,Morning,Clinical Officer,Accepted,Not rejected,54.0,False,False
SP100410,2025-12-07,60+,Male,Outpatient,Sputum,Gram Stain,Morning,Nurse,Rejected,Hemolysis,62.0,False,False
SP102730,2025-05-31,60+,Female,Emergency,Swab,Wound Culture,Morning,Nurse,Accepted,Not rejected,55.0,False,False
SP103554,2025-03-05,30-39,Female,Maternity,Swab,Throat Culture,Night,Clinical Officer,Accepted,Not rejected,46.0,False,False
SP102524,2025-03-09,30-39,Female,Maternity,Blood,LFT,Morning,Nurse,Accepted,Not rejected,39.0,False,False
SP102242,2025-10-11,30-39,Female,Pediatrics,Blood,LFT,Night,Phlebotomist,Accepted,Not rejected,87.0,False,True
SP101401,2025-07-02,20-29,Female,ICU,CSF,CSF Analysis,Night,Clinical Officer,Accepted,Not rejected,82.0,False,False
SP104246,2025-12-27,20-29,Male,Inpatient,Urine,Urinalysis,Morning,Nurse,Accepted,Not rejected,77.0,False,False
SP100554,2025-12-09,10-19,Female,Pediatrics,Urine,Urinalysis,Morning,Laboratory Technologist,Accepted,Not rejected,93.0,False,False
SP103783,2025-10-26,30-39,Female,Pediatrics,Blood,Creatinine,Night,Phlebotomist,Accepted,Not rejected,93.0,False,True
SP101212,2025-05-30,40-49,Male,Inpatient,Blood,Urea,Afternoon,Clinical Officer,Accepted,Not rejected,103.0,False,False
SP102503,2025-08-10,40-49,Male,Inpatient,Urine,Urine Culture,Afternoon,Clinical Officer,Accepted,Not rejected,26.0,False,False
SP103165,2025-01-19,30-39,Male,Outpatient,Urine,Urinalysis,Morning,Nurse,Accepted,Not rejected,81.0,False,False
SP101495,2025-12-18,30-39,Female,Outpatient,Blood,Urea,Morning,Laboratory Technologist,Accepted,Not rejected,88.0,False,False
SP104190,2025-03-24,40-49,Male,Pediatrics,Urine,Urinalysis,Morning,Clinical Officer,Accepted,Not rejected,67.0,False,True
SP102278,2025-12-19,10-19,Male,Outpatient,Urine,Urinalysis,Morning,Clinical Officer,Accepted,Not rejected,71.0,False,False
SP103105,2025-10-28,0-9,Male,Outpatient,Swab,Throat Culture,Morning,Clinical Officer,Accepted,Not rejected,31.0,False,False
SP103991,2025-02-14,50-59,Female,Outpatient,Blood,Urea,Night,Laboratory Technologist,Accepted,Not rejected,83.0,False,False
SP104021,2025-01-20,20-29,Male,Inpatient,Urine,Urinalysis,Afternoon,Laboratory Technologist,Rejected,Delayed transport,35.0,False,False
SP103346,2025-09-24,10-19,Female,Pediatrics,Blood,Creatinine,Morning,Nurse,Accepted,Not rejected,69.0,False,False
SP104161,2025-10-29,30-39,Female,ICU,Sputum,Gram Stain,Morning,Clinical Officer,Accepted,Not rejected,95.0,False,False
SP103547,2025-09-12,50-59,Male,Outpatient,Urine,Urine Culture,Morning,Phlebotomist,Accepted,Not rejected,29.0,False,False
SP102861,2025-01-27,10-19,Male,Emergency,Blood,LFT,Morning,Nurse,Accepted,Not rejected,66.0,False,False
SP104192,2025-07-15,0-9,Female,Outpatient,Swab,Throat Culture,Night,Clinical Officer,Accepted,Not rejected,85.0,False,False
SP100117,2025-03-31,0-9,Male,Pediatrics,Blood,CBC,Morning,Nurse,Accepted,Not rejected,103.0,False,False
SP101972,2025-08-12,40-49,Male,Maternity,Stool,Stool O&P,Morning,Nurse,Accepted,Not rejected,71.0,True,False
SP101548,2025-09-18,40-49,Female,Pediatrics,Urine,Urine Culture,Afternoon,Clinical Officer,Accepted,Not rejected,95.0,False,True
SP104026,2025-02-13,40-49,Male,Maternity,Sputum,AFB,Night,Nurse,Accepted,Not rejected,89.0,True,False
SP100991,2025-02-04,50-59,Female,Emergency,Swab,Wound Culture,Night,Phlebotomist,Accepted,Not rejected,89.0,False,False
SP100789,2025-05-21,20-29,Female,Emergency,Urine,Urinalysis,Morning,Clinical Officer,Accepted,Not rejected,100.0,False,False
SP100975,2025-10-01,10-19,Female,ICU,CSF,CSF Analysis,Afternoon,Nurse,Accepted,Not rejected,155.0,False,False
SP103644,2025-03-09,40-49,Female,Pediatrics,Blood,CBC,Morning,Nurse,Accepted,Not rejected,41.0,False,True
SP101310,2025-06-07,40-49,Female,Inpatient,Blood,Glucose,Night,Nurse,Accepted,Not rejected,104.0,False,False
SP104209,2025-02-12,60+,Female,Outpatient,CSF,CSF Analysis,Afternoon,Laboratory Technologist,Accepted,Not rejected,73.0,False,False
SP102993,2025-03-23,60+,Female,Outpatient,CSF,CSF Analysis,Morning,Clinical Officer,Accepted,Not rejected,128.0,False,False
SP100174,2025-09-03,30-39,Female,Pediatrics,Blood,Glucose,Morning,Nurse,Accepted,Not rejected,108.0,False,True
SP104771,2025-02-15,0-9,Female,Outpatient,Blood,LFT,Afternoon,Nurse,Accepted,Not rejected,86.0,False,False
SP103188,2025-05-01,40-49,Male,Inpatient,Blood,Glucose,Afternoon,Clinical Officer,Accepted,Not rejected,70.0,False,False
SP100862,2025-04-07,50-59,Female,Emergency,Swab,Throat Culture,Night,Nurse,Accepted,Not rejected,113.0,False,False
SP101177,2025-11-27,0-9,Female,Outpatient,Sputum,Culture,Afternoon,Phlebotomist,Accepted,Not rejected,102.0,False,False
SP103535,2025-03-02,30-39,Male,Inpatient,Blood,Urea,Night,Nurse,Accepted,Not rejected,78.0,False,False
SP103099,2025-08-22,60+,Male,Outpatient,Blood,Glucose,Morning,Phlebotomist,Accepted,Not rejected,59.0,False,False
SP104352,2025-08-18,30-39,Female,Outpatient,Blood,LFT,Afternoon,Phlebotomist,Accepted,Not rejected,92.0,False,False
SP101557,2025-12-08,40-49,Female,Emergency,Blood,Urea,Morning,Phlebotomist,Accepted,Not rejected,67.0,False,False
SP100124,2025-06-17,60+,Male,Outpatient,Urine,Urinalysis,Night,Nurse,Accepted,Not rejected,67.0,False,False
SP101892,2025-03-13,60+,Male,Outpatient,Stool,Culture,Afternoon,Nurse,Accepted,Not rejected,95.0,False,False
SP101607,2025-02-15,10-19,Male,Pediatrics,Urine,Urinalysis,Morning,Nurse,Accepted,Not rejected,51.0,False,False
SP104308,2025-02-20,20-29,Female,Maternity,Urine,Urinalysis,Morning,Laboratory Technologist,Accepted,Not rejected,61.0,False,False
SP102599,2025-08-08,40-49,Male,Outpatient,Urine,Urinalysis,Morning,Laboratory Technologist,Accepted,Not rejected,75.0,False,False
SP103237,2025-09-22,20-29,Male,Emergency,Blood,Creatinine,Morning,Nurse,Accepted,Not rejected,74.0,False,False
SP100358,2025-02-23,40-49,Male,Outpatient,Blood,CBC,Night,Nurse,Accepted,Not rejected,123.0,False,False
SP103821,2025-03-02,30-39,Male,Pediatrics,CSF,Culture,Night,Clinical Officer,Accepted,Not rejected,75.0,False,True
SP104633,2025-09-18,30-39,Female,Inpatient,Urine,Urine Culture,Afternoon,Nurse,Accepted,Not rejected,52.0,False,False
SP101169,2025-10-13,10-19,Female,Outpatient,Blood,LFT,Afternoon,Nurse,Accepted,Not rejected,58.0,False,False
SP104447,2025-03-09,20-29,Male,Emergency,Swab,Throat Culture,Morning,Nurse,Accepted,Not rejected,72.0,False,False
SP102015,2025-11-30,60+,Female,Outpatient,Blood,CBC,Morning,Phlebotomist,Accepted,Not rejected,104.0,False,False
SP100403,2025-04-11,50-59,Male,Inpatient,Swab,Wound Culture,Night,Phlebotomist,Accepted,Not rejected,84.0,False,False
SP103263,2025-04-24,60+,Female,Outpatient,Stool,Culture,Morning,Nurse,Accepted,Not rejected,,False,False
SP103452,2025-06-24,40-49,Female,Outpatient,Blood,Urea,Afternoon,Clinical Officer,Accepted,Not rejected,69.0,False,False
SP103617,2025-02-04,50-59,Male,Emergency,Swab,Wound Culture,Night,Phlebotomist,Rejected,Insufficient volume,70.0,False,False
SP104369,2025-02-16,20-29,Female,Inpatient,Blood,LFT,Morning,Nurse,Accepted,Not rejected,16.0,False,False
SP104727,2025-04-22,60+,Female,Outpatient,Urine,Urinalysis,Night,Phlebotomist,Accepted,Not rejected,50.0,False,False
SP102757,2025-12-20,0-9,Female,Emergency,Urine,Urine Culture,Morning,Nurse,Accepted,Not rejected,61.0,False,False
SP103003,2025-06-07,50-59,Female,Emergency,CSF,CSF Analysis,Afternoon,Nurse,Accepted,Not rejected,54.0,False,False
SP103843,2025-09-01,20-29,Female,Inpatient,Blood,LFT,Afternoon,Clinical Officer,Accepted,Not rejected,55.0,False,False
SP103910,2025-07-21,10-19,Male,Inpatient,Swab,Throat Culture,Morning,Nurse,Accepted,Not rejected,82.0,False,False
SP103472,2025-06-22,20-29,Female,Outpatient,Blood,Creatinine,Afternoon,Clinical Officer,Accepted,Not rejected,110.0,False,False
SP100551,2025-02-17,60+,Male,Outpatient,Swab,Wound Culture,Afternoon,Nurse,Accepted,Not rejected,83.0,False,False
SP104735,2025-08-13,10-19,Female,Outpatient,Blood,Glucose,Night,Phlebotomist,Accepted,Not rejected,80.0,False,False
SP104125,2025-07-12,10-19,Male,Pediatrics,Blood,LFT,Afternoon,Nurse,Accepted,Not rejected,130.0,False,False
SP103685,2025-06-20,0-9,Male,Unknown,Blood,LFT,Afternoon,Clinical Officer,Rejected,Leaking container,83.0,False,False
SP101970,2025-04-27,60+,Female,Maternity,Urine,Urinalysis,Morning,Nurse,Accepted,Not rejected,101.0,False,False
SP102311,2025-10-11,60+,Female,Maternity,Stool,Culture,Night,Phlebotomist,Accepted,Not rejected,62.0,False,False
SP102295,2025-07-17,40-49,Male,Inpatient,Sputum,Gram Stain,Morning,Laboratory Technologist,Accepted,Not rejected,103.0,False,False
SP101594,2025-03-30,20-29,Male,Outpatient,Stool,Culture,Afternoon,Clinical Officer,Accepted,Not rejected,77.0,False,False
SP103418,2025-10-30,60+,Male,Emergency,Urine,Urinalysis,Morning,Nurse,Accepted,Not rejected,102.0,False,False
SP104280,2025-05-19,60+,Female,Pediatrics,Blood,Urea,Morning,Clinical Officer,Accepted,Not rejected,59.0,False,True
SP102492,2025-12-27,0-9,Female,Outpatient,Blood,LFT,Night,Nurse,Accepted,Not rejected,90.0,False,False
SP101601,2025-12-25,10-19,Female,Maternity,Swab,Wound Culture,Afternoon,Nurse,Accepted,Not rejected,57.0,False,False
SP101731,2025-12-08,50-59,Female,Maternity,Swab,Wound Culture,Night,Phlebotomist,Accepted,Not rejected,74.0,False,False
SP102608,2025-02-16,30-39,Male,Inpatient,Urine,Urine Culture,Night,Nurse,Accepted,Not rejected,45.0,False,False
SP103950,2025-09-29,10-19,Male,Pediatrics,Sputum,AFB,Morning,Phlebotomist,Rejected,Wrong container,83.0,False,False
SP103800,2025-09-30,40-49,Female,Inpatient,Stool,Culture,Afternoon,Clinical Officer,Accepted,Not rejected,85.0,False,False
SP103660,2025-07-16,60+,Female,Inpatient,CSF,CSF Analysis,Morning,Nurse,Accepted,Not rejected,73.0,False,False
SP100965,2025-11-09,60+,Male,ICU,Blood,Urea,Afternoon,Nurse,Accepted,Not rejected,74.0,False,False
SP103810,2025-09-14,20-29,Male,Inpatient,Blood,Glucose,Afternoon,Nurse,Accepted,Not rejected,34.0,False,False
SP101812,2025-07-13,50-59,Male,Pediatrics,Urine,Urinalysis,Night,Clinical Officer,Accepted,Not rejected,54.0,False,True
SP104173,2025-09-09,40-49,Male,Maternity,Urine,Urinalysis,Morning,Phlebotomist,Rejected,Wrong container,70.0,True,False
SP103519,2025-07-27,20-29,Female,Outpatient,Sputum,Gram Stain,Morning,Nurse,Accepted,Not rejected,103.0,False,False
SP102063,2025-03-27,10-19,Male,Outpatient,Blood,LFT,Afternoon,Nurse,Accepted,Not rejected,80.0,False,False
SP104788,2025-12-17,30-39,Female,Outpatient,Stool,Culture,Afternoon,Nurse,Accepted,Not rejected,68.0,False,False
SP100392,2025-01-25,20-29,Male,Pediatrics,Swab,Throat Culture,Morning,Clinical Officer,Accepted,Not rejected,98.0,False,True
SP102166,2025-05-13,30-39,Male,Outpatient,Swab,Throat Culture,Afternoon,Phlebotomist,Accepted,Not rejected,88.0,False,False
SP101534,2025-03-27,10-19,Female,Pediatrics,Swab,Throat Culture,Night,Nurse,Accepted,Not rejected,43.0,False,False
SP102900,2025-08-15,40-49,Male,Outpatient,Sputum,AFB,Morning,Phlebotomist,Accepted,Not rejected,70.0,False,False
SP100476,2025-04-14,50-59,Female,Inpatient,Blood,Urea,Afternoon,Nurse,Accepted,Not rejected,69.0,False,False
SP103301,2025-07-17,20-29,Female,Pediatrics,Swab,Wound Culture,Night,Nurse,Accepted,Not rejected,78.0,False,True
SP104317,2025-02-23,0-9,Male,Emergency,Sputum,Culture,Afternoon,Nurse,Accepted,Not rejected,94.0,False,False
SP104693,2025-06-09,40-49,Female,Pediatrics,Blood,LFT,Night,Nurse,Accepted,Not rejected,68.0,False,True
SP104569,2025-10-02,50-59,Male,Outpatient,Blood,Creatinine,Afternoon,Clinical Officer,Rejected,Clotted specimen,126.0,False,False
SP100085,2025-10-02,60+,Female,Emergency,Urine,Urine Culture,Morning,Nurse,Accepted,Not rejected,66.0,False,False
SP101708,2025-09-27,40-49,Female,Inpatient,Blood,Glucose,Morning,Laboratory Technologist,Accepted,Not rejected,81.0,False,False
SP100177,2025-12-06,50-59,Male,Outpatient,Blood,CBC,Morning,Clinical Officer,Accepted,Not rejected,61.0,False,False
SP100738,2025-10-20,20-29,Female,Inpatient,Urine,Urinalysis,Afternoon,Phlebotomist,Accepted,Not rejected,68.0,False,False
SP103705,2025-11-10,30-39,Female,Emergency,Blood,CBC,Morning,Nurse,Accepted,Not rejected,86.0,False,False
SP101395,2025-09-07,10-19,Male,Outpatient,Urine,Urine Culture,Afternoon,Phlebotomist,Accepted,Not rejected,36.0,False,False
SP103462,2025-03-30,0-9,Male,Outpatient,Urine,Urine Culture,Morning,Clinical Officer,Accepted,Not rejected,108.0,False,False
SP100217,2025-11-21,20-29,Male,Inpatient,Urine,Urinalysis,Morning,Clinical Officer,Accepted,Not rejected,18.0,False,False
SP102750,2025-05-08,10-19,Female,Outpatient,Swab,Wound Culture,Morning,Phlebotomist,Accepted,Not rejected,86.0,False,False
SP103292,2025-03-15,20-29,Female,Inpatient,Stool,Stool O&P,Afternoon,Laboratory Technologist,Accepted,Not rejected,61.0,False,False
SP101917,2025-02-11,0-9,Female,Outpatient,Swab,Wound Culture,Morning,Clinical Officer,Accepted,Not rejected,36.0,False,False
SP100882,2025-06-11,10-19,Female,Emergency,Swab,Throat Culture,Afternoon,Phlebotomist,Accepted,Not rejected,72.0,False,False
SP104022,2025-01-20,60+,Male,Outpatient,Sputum,AFB,Morning,Nurse,Rejected,Mislabeling,57.0,False,False
SP102479,2025-01-15,0-9,Male,Outpatient,Urine,Urine Culture,Night,Clinical Officer,Accepted,Not rejected,67.0,False,False
SP102788,2025-06-07,60+,Female,Maternity,Blood,CBC,Afternoon,Laboratory Technologist,Accepted,Not rejected,35.0,False,False
SP101745,2025-01-22,20-29,Male,Emergency,Urine,Urine Culture,Night,Clinical Officer,Accepted,Not rejected,52.0,False,False
SP104274,2025-10-20,50-59,Female,Emergency,Blood,Creatinine,Morning,Phlebotomist,Accepted,Not rejected,32.0,False,False
SP100684,2025-08-14,30-39,Female,Inpatient,Urine,Urinalysis,Morning,Laboratory Technologist,Accepted,Not rejected,68.0,False,False
SP104427,2025-12-15,0-9,Female,Pediatrics,Blood,Glucose,Morning,Nurse,Accepted,Not rejected,103.0,False,False
SP104824,2025-06-18,10-19,Male,Emergency,Urine,Urine Culture,Morning,Phlebotomist,Accepted,Not rejected,129.0,False,False
SP100790,2025-05-13,30-39,Male,Pediatrics,Sputum,Culture,Morning,Laboratory Technologist,Accepted,Not rejected,94.0,False,True
SP102441,2025-08-22,50-59,Male,Inpatient,Blood,Glucose,Morning,Nurse,Accepted,Not rejected,110.0,False,False
SP104922,2025-12-01,20-29,Male,Outpatient,Blood,Urea,Morning,Laboratory Technologist,Accepted,Not rejected,86.0,False,False
SP102857,2025-10-09,60+,Female,Maternity,Blood,Urea,Morning,Nurse,Accepted,Not rejected,82.0,False,False
SP100636,2025-05-12,30-39,Female,Pediatrics,Blood,CBC,Night,Nurse,Accepted,Not rejected,39.0,False,True
SP103241,2025-01-07,0-9,Male,Outpatient,Stool,Culture,Morning,Nurse,Accepted,Not rejected,126.0,False,False
SP100394,2025-10-29,0-9,Female,Inpatient,CSF,Culture,Morning,Phlebotomist,Accepted,Not rejected,42.0,False,False
SP102931,2025-04-03,40-49,Male,Pediatrics,Swab,Wound Culture,Morning,Phlebotomist,Accepted,Not rejected,55.0,False,True
SP102325,2025-01-04,10-19,Female,Outpatient,Blood,Glucose,Morning,Nurse,Rejected,Delayed transport,34.0,False,False
SP102531,2025-04-16,10-19,Male,Maternity,Sputum,Culture,Night,Nurse,Accepted,Not rejected,72.0,True,False
SP103390,2025-02-04,30-39,Female,Outpatient,Urine,Urinalysis,Afternoon,Clinical Officer,Accepted,Not rejected,106.0,False,False
SP100531,2025-11-29,60+,Male,Emergency,Blood,LFT,Morning,Laboratory Technologist,Accepted,Not rejected,128.0,False,False
SP101313,2025-06-20,40-49,Male,ICU,Urine,Urine Culture,Afternoon,Laboratory Technologist,Rejected,Mislabeling,62.0,False,False
SP100663,2025-06-01,40-49,Male,Outpatient,Blood,Creatinine,Afternoon,Clinical Officer,Accepted,Not rejected,84.0,False,False
SP101829,2025-10-02,20-29,Male,Emergency,Stool,Culture,Afternoon,Clinical Officer,Accepted,Not rejected,87.0,False,False
SP101314,2025-03-22,40-49,Male,Maternity,Urine,Urinalysis,Afternoon,Nurse,Accepted,Not rejected,69.0,True,False
SP103942,2025-09-15,30-39,Male,ICU,Blood,CBC,Night,Nurse,Accepted,Not rejected,77.0,False,False
SP102336,2025-01-25,0-9,Female,Outpatient,Urine,Urinalysis,Afternoon,Clinical Officer,Accepted,Not rejected,42.0,False,False
SP102489,2025-02-28,10-19,Female,Outpatient,Swab,Wound Culture,Afternoon,Nurse,Accepted,Not rejected,77.0,False,False
SP102579,2025-10-23,60+,Male,Pediatrics,Urine,Urine Culture,Morning,Nurse,Accepted,Not rejected,62.0,False,True
SP104335,2025-05-21,30-39,Female,Emergency,Swab,Throat Culture,Morning,Nurse,Accepted,Not rejected,45.0,False,False
SP102060,2025-02-13,0-9,Male,Outpatient,Blood,Glucose,Night,Nurse,Accepted,Not rejected,51.0,False,False
SP103993,2025-06-24,0-9,Male,Outpatient,Urine,Urine Culture,Morning,Nurse,Accepted,Not rejected,53.0,False,False
SP102203,2025-11-15,60+,Female,Outpatient,Urine,Urine Culture,Morning,Nurse,Accepted,Not rejected,92.0,False,False
SP100616,2025-01-26,40-49,Female,Inpatient,Blood,LFT,Morning,Phlebotomist,Accepted,Not rejected,125.0,False,False
SP104401,2025-02-23,50-59,Male,Pediatrics,Stool,Culture,Morning,Clinical Officer,Accepted,Not rejected,70.0,False,True
SP102588,2025-01-11,60+,Female,Outpatient,Sputum,Culture,Afternoon,Nurse,Accepted,Not rejected,107.0,False,False
SP100369,2025-11-16,10-19,Female,Maternity,Urine,Urine Culture,Afternoon,Clinical Officer,Accepted,Not rejected,83.0,False,False
SP101365,2025-10-13,0-9,Female,Unknown,Stool,Culture,Morning,Laboratory Technologist,Accepted,Not rejected,60.0,False,False
SP101186,2025-08-17,20-29,Male,Emergency,Urine,Urinalysis,Afternoon,Clinical Officer,Rejected,Insufficient volume,68.0,False,False
SP101486,2025-06-14,10-19,Male,Outpatient,Urine,Urine Culture,Night,Phlebotomist,Accepted,Not rejected,92.0,False,False
SP100494,2025-06-08,30-39,Male,Outpatient,Urine,Urinalysis,Morning,Phlebotomist,Accepted,Not rejected,48.0,False,False
SP100847,2025-12-01,60+,Male,ICU,Urine,Urinalysis,Afternoon,Phlebotomist,Accepted,Not rejected,68.0,False,False
SP103824,2025-07-26,50-59,Male,Pediatrics,Blood,CBC,Morning,Nurse,Accepted,Not rejected,86.0,False,True
SP102774,2025-07-13,20-29,Male,Inpatient,CSF,CSF Analysis,Afternoon,Nurse,Accepted,Not rejected,40.0,False,False
SP104314,2025-02-03,60+,Female,Emergency,Urine,Urinalysis,Afternoon,Nurse,Rejected,Delayed transport,42.0,False,False
SP104652,2025-04-02,20-29,Female,Outpatient,Stool,Stool O&P,Afternoon,Nurse,Accepted,Not rejected,54.0,False,False
SP104945,2025-11-11,40-49,Female,Outpatient,Swab,Throat Culture,Night,Laboratory Technologist,Accepted,Not rejected,113.0,False,False
SP103638,2025-11-26,20-29,Male,Inpatient,Blood,LFT,Morning,Nurse,Accepted,Not rejected,88.0,False,False
SP103250,2025-06-04,40-49,Male,Maternity,Blood,Urea,Morning,Phlebotomist,Accepted,Not rejected,89.0,True,False
SP100459,2025-01-30,0-9,Male,Inpatient,Blood,Urea,Night,Nurse,Accepted,Not rejected,57.0,False,False
SP103953,2025-06-15,40-49,Male,Pediatrics,Blood,Urea,Afternoon,Nurse,Accepted,Not rejected,99.0,False,True
SP103969,2025-12-13,20-29,Female,Outpatient,Blood,Glucose,Morning,Clinical Officer,Accepted,Not rejected,110.0,False,False
SP103856,2025-01-18,10-19,Female,Outpatient,Blood,Urea,Night,Nurse,Accepted,Not rejected,82.0,False,False
SP103158,2025-04-24,40-49,Male,Outpatient,Urine,Urinalysis,Morning,Laboratory Technologist,Accepted,Not rejected,17.0,False,False
SP100795,2025-02-05,40-49,Male,Outpatient,Blood,LFT,Afternoon,Phlebotomist,Accepted,Not rejected,80.0,False,False
SP102764,2025-02-12,30-39,Female,Pediatrics,Stool,Culture,Morning,Nurse,Rejected,Insufficient volume,61.0,False,True
SP103506,2025-02-11,40-49,Male,Outpatient,Urine,Urinalysis,Afternoon,Clinical Officer,Accepted,Not rejected,49.0,False,False
SP104248,2025-03-22,40-49,Male,Outpatient,Stool,Culture,Afternoon,Phlebotomist,Accepted,Not rejected,84.0,False,False
SP104866,2025-01-30,60+,Male,Outpatient,Blood,Urea,Afternoon,Laboratory Technologist,Accepted,Not rejected,64.0,False,False
SP101719,2025-11-01,30-39,Male,Inpatient,Swab,Wound Culture,Afternoon,Clinical Officer,Accepted,Not rejected,94.0,False,False
SP100232,2025-12-26,10-19,Female,Maternity,Urine,Urinalysis,Morning,Phlebotomist,Accepted,Not rejected,93.0,False,False
SP102641,2025-09-16,40-49,Male,Maternity,Blood,Glucose,Morning,Laboratory Technologist,Accepted,Not rejected,72.0,True,False
SP103651,2025-11-05,30-39,Female,Outpatient,Urine,Urinalysis,Morning,Nurse,Accepted,Not rejected,59.0,False,False
SP100746,2025-09-29,30-39,Female,Outpatient,Urine,Urine Culture,Morning,Nurse,Accepted,Not rejected,103.0,False,False
SP104707,2025-05-30,50-59,Female,Outpatient,Swab,Wound Culture,Morning,Nurse,Accepted,Not rejected,48.0,False,False
SP104709,2025-07-01,40-49,Female,Outpatient,Sputum,Gram Stain,Morning,Phlebotomist,Accepted,Not rejected,50.0,False,False
SP103384,2025-07-26,10-19,Male,Inpatient,Blood,Glucose,Morning,Nurse,Accepted,Not rejected,85.0,False,False
SP104028,2025-06-19,0-9,Male,Pediatrics,Blood,Glucose,Morning,Clinical Officer,Accepted,Not rejected,77.0,False,False
SP100383,2025-02-17,10-19,Male,Emergency,Urine,Urine Culture,Night,Clinical Officer,Accepted,Not rejected,44.0,False,False
SP103208,2025-08-22,60+,Female,Outpatient,Urine,Urine Culture,Night,Nurse,Accepted,Not rejected,79.0,False,False
SP104078,2025-03-13,20-29,Female,Pediatrics,Blood,Glucose,Morning,Clinical Officer,Accepted,Not rejected,51.0,False,True
SP103809,2025-08-26,20-29,Male,Inpatient,Blood,Urea,Afternoon,Clinical Officer,Accepted,Not rejected,98.0,False,False
SP101392,2025-04-01,0-9,Female,Outpatient,Urine,Urine Culture,Morning,Nurse,Accepted,Not rejected,123.0,False,False
SP102672,2025-10-05,40-49,Female,Outpatient,Blood,Glucose,Afternoon,Phlebotomist,Accepted,Not rejected,117.0,False,False
SP102013,2025-02-15,60+,Female,Outpatient,Swab,Throat Culture,Night,Nurse,Accepted,Not rejected,94.0,False,False
SP102716,2025-06-06,40-49,Female,Emergency,Blood,LFT,Afternoon,Phlebotomist,Accepted,Not rejected,55.0,False,False
SP100830,2025-07-01,30-39,Male,Pediatrics,Blood,Glucose,Night,Phlebotomist,Accepted,Not rejected,16.0,False,True
SP101230,2025-08-23,10-19,Male,Inpatient,Blood,CBC,Afternoon,Nurse,Accepted,Not rejected,104.0,False,False
SP104117,2025-09-26,60+,Female,Outpatient,Blood,LFT,Morning,Nurse,Rejected,Insufficient volume,95.0,False,False
SP103189,2025-08-13,30-39,Female,Outpatient,Sputum,Culture,Night,Clinical Officer,Rejected,Leaking container,73.0,False,False
SP101290,2025-03-18,60+,Female,Pediatrics,Stool,Stool O&P,Morning,Phlebotomist,Accepted,Not rejected,62.0,False,True
SP101390,2025-04-25,30-39,Female,Unknown,Urine,Urine Culture,Morning,Phlebotomist,Accepted,Not rejected,103.0,False,False
SP102898,2025-10-30,30-39,Female,Inpatient,Swab,Wound Culture,Morning,Clinical Officer,Accepted,Not rejected,77.0,False,False
SP101805,2025-06-04,30-39,Female,Outpatient,Urine,Urinalysis,Morning,Nurse,Rejected,Hemolysis,57.0,False,False
SP100537,2025-12-15,60+,Male,Outpatient,Swab,Wound Culture,Night,Nurse,Rejected,Leaking container,80.0,False,False
SP101407,2025-08-03,10-19,Female,Inpatient,Sputum,Gram Stain,Afternoon,Nurse,Accepted,Not rejected,63.0,False,False
SP102863,2025-02-26,60+,Male,Pediatrics,CSF,Culture,Morning,Phlebotomist,Accepted,Not rejected,72.0,False,True
SP100817,2025-04-23,10-19,Female,Pediatrics,Blood,Glucose,Night,Phlebotomist,Accepted,Not rejected,99.0,False,False
SP103126,2025-03-01,40-49,Male,Outpatient,Blood,CBC,Afternoon,Phlebotomist,Accepted,Not rejected,58.0,False,False
SP104165,2025-07-17,0-9,Female,Outpatient,Sputum,Culture,Morning,Phlebotomist,Accepted,Not rejected,43.0,False,False
SP102550,2025-01-10,50-59,Male,Outpatient,Urine,Urinalysis,Afternoon,Clinical Officer,Accepted,Not rejected,100.0,False,False
SP101702,2025-11-15,40-49,Female,Emergency,Blood,Creatinine,Morning,Clinical Officer,Accepted,Not rejected,30.0,False,False
SP103640,2025-07-27,30-39,Female,Pediatrics,Urine,Urine Culture,Morning,Nurse,Accepted,Not rejected,70.0,False,True
SP104503,2025-07-04,20-29,Female,Outpatient,CSF,CSF Analysis,Afternoon,Nurse,Accepted,Not rejected,74.0,False,False
SP101483,2025-10-07,0-9,Male,Pediatrics,Swab,Wound Culture,Afternoon,Clinical Officer,Accepted,Not rejected,98.0,False,False
SP100373,2025-07-12,40-49,Male,Outpatient,Blood,LFT,Afternoon,Nurse,Accepted,Not rejected,115.0,False,False
SP104091,2025-01-16,20-29,Female,Inpatient,Urine,Urine Culture,Morning,Nurse,Accepted,Not rejected,64.0,False,False
SP102156,2025-02-02,60+,Male,Pediatrics,Urine,Urinalysis,Night,Nurse,Accepted,Not rejected,88.0,False,True
SP100740,2025-09-27,40-49,Female,Maternity,Blood,Creatinine,Morning,Phlebotomist,Accepted,Not rejected,54.0,False,False
SP104818,2025-12-04,10-19,Male,Inpatient,Urine,Urine Culture,Morning,Phlebotomist,Accepted,Not rejected,113.0,False,False
SP103403,2025-03-23,60+,Male,Pediatrics,Blood,LFT,Morning,Laboratory Technologist,Accepted,Not rejected,93.0,False,True
SP104318,2025-05-16,0-9,Male,Outpatient,Blood,CBC,Morning,Nurse,Accepted,Not rejected,65.0,False,False
SP103766,2025-05-22,60+,Female,Inpatient,Blood,CBC,Afternoon,Laboratory Technologist,Accepted,Not rejected,103.0,False,False
SP104329,2025-12-25,20-29,Male,Outpatient,Urine,Urinalysis,Morning,Clinical Officer,Accepted,Not rejected,49.0,False,False
SP103167,2025-02-18,10-19,Female,Outpatient,Blood,LFT,Afternoon,Nurse,Accepted,Not rejected,72.0,False,False
SP101701,2025-03-21,10-19,Male,Pediatrics,Urine,Urinalysis,Morning,Clinical Officer,Accepted,Not rejected,75.0,False,False
SP100853,2025-02-04,30-39,Female,Inpatient,Blood,CBC,Afternoon,Nurse,Accepted,Not rejected,79.0,False,False
SP102033,2025-04-11,40-49,Female,Pediatrics,Urine,Urine Culture,Night,Phlebotomist,Rejected,Clotted specimen,73.0,False,True
SP104887,2025-06-15,50-59,Male,Emergency,Blood,Creatinine,Afternoon,Phlebotomist,Rejected,Hemolysis,61.0,False,False
SP104049,2025-11-13,30-39,Male,Emergency,Sputum,Culture,Afternoon,Nurse,Accepted,Not rejected,83.0,False,False
SP101111,2025-01-01,50-59,Female,Inpatient,Swab,Throat Culture,Morning,Clinical Officer,Accepted,Not rejected,29.0,False,False
SP102697,2025-12-09,10-19,Male,Inpatient,Swab,Wound Culture,Afternoon,Clinical Officer,Accepted,Not rejected,81.0,False,False
SP103436,2025-04-06,0-9,Female,Pediatrics,Stool,Stool O&P,Morning,Clinical Officer,Accepted,Not rejected,46.0,False,False
SP102006,2025-09-29,10-19,Female,Outpatient,Stool,Culture,Morning,Nurse,Accepted,Not rejected,99.0,False,False
SP104664,2025-03-28,0-9,Female,Inpatient,Urine,Urinalysis,Night,Clinical Officer,Rejected,Insufficient volume,70.0,False,False
SP102326,2025-09-27,40-49,Male,Outpatient,Urine,Urine Culture,Morning,Nurse,Rejected,Insufficient volume,91.0,False,False
SP103009,2025-10-15,60+,Female,Outpatient,Blood,Creatinine,Morning,Phlebotomist,Accepted,Not rejected,31.0,False,False
SP100565,2025-11-16,50-59,Female,ICU,Sputum,Culture,Morning,Clinical Officer,Accepted,Not rejected,68.0,False,False
SP103573,2025-12-02,0-9,Female,Emergency,Blood,Creatinine,Afternoon,Nurse,Accepted,Not rejected,104.0,False,False
SP101112,2025-07-04,10-19,Male,ICU,Blood,LFT,Afternoon,Nurse,Accepted,Not rejected,66.0,False,False
SP103369,2025-08-24,20-29,Female,Inpatient,Urine,Urinalysis,Afternoon,Nurse,Rejected,Clotted specimen,138.0,False,False
SP103431,2025-02-03,0-9,Female,Inpatient,Blood,Creatinine,Night,Phlebotomist,Accepted,Not rejected,54.0,False,False
SP102683,2025-11-18,30-39,Female,Inpatient,Blood,Urea,Night,Nurse,Accepted,Not rejected,67.0,False,False
SP101553,2025-12-09,60+,Female,Outpatient,Blood,Urea,Morning,Nurse,Accepted,Not rejected,62.0,False,False
SP104189,2025-02-13,60+,Female,ICU,Blood,CBC,Morning,Phlebotomist,Accepted,Not rejected,60.0,False,False
SP103958,2025-07-16,60+,Male,Emergency,Blood,Urea,Morning,Phlebotomist,Accepted,Not rejected,108.0,False,False
SP101921,2025-10-29,0-9,Male,Outpatient,Blood,Urea,Afternoon,Nurse,Accepted,Not rejected,11.0,False,False
SP104832,2025-07-08,10-19,Male,Inpatient,Sputum,Culture,Morning,Phlebotomist,Rejected,Delayed transport,100.0,False,False
SP104558,2025-08-12,20-29,Male,Emergency,Urine,Urine Culture,Morning,Clinical Officer,Accepted,Not rejected,95.0,False,False
SP104926,2025-06-20,20-29,Female,ICU,Urine,Urinalysis,Night,Nurse,Accepted,Not rejected,66.0,False,False
SP100714,2025-04-01,50-59,Male,Outpatient,Sputum,Gram Stain,Afternoon,Nurse,Rejected,Clotted specimen,105.0,False,False
SP102657,2025-08-19,20-29,Male,Inpatient,CSF,CSF Analysis,Morning,Nurse,Rejected,Hemolysis,66.0,False,False
SP104632,2025-03-19,0-9,Female,ICU,Swab,Throat Culture,Morning,Clinical Officer,Accepted,Not rejected,55.0,False,False
SP103912,2025-02-23,10-19,Male,Pediatrics,Swab,Throat Culture,Afternoon,Clinical Officer,Accepted,Not rejected,62.0,False,False
SP103758,2025-01-19,10-19,Female,Outpatient,Blood,Creatinine,Morning,Clinical Officer,Rejected,Mislabeling,67.0,False,False
SP104699,2025-06-15,40-49,Male,Maternity,Urine,Urinalysis,Morning,Nurse,Accepted,Not rejected,99.0,True,False
SP100370,2025-07-20,30-39,Male,Emergency,Blood,LFT,Morning,Nurse,Accepted,Not rejected,43.0,False,False
SP100575,2025-01-01,30-39,Male,ICU,Blood,CBC,Morning,Nurse,Accepted,Not rejected,52.0,False,False
SP101706,2025-10-11,40-49,Male,Pediatrics,Urine,Urine Culture,Morning,Nurse,Accepted,Not rejected,60.0,False,True
SP103373,2025-12-10,40-49,Male,Inpatient,Stool,Stool O&P,Morning,Laboratory Technologist,Accepted,Not rejected,78.0,False,False
SP101057,2025-06-01,50-59,Female,Outpatient,Urine,Urinalysis,Afternoon,Nurse,Accepted,Not rejected,28.0,False,False
SP100672,2025-01-11,Unknown,Female,Pediatrics,Blood,Glucose,Morning,Nurse,Accepted,Not rejected,56.0,False,True
SP102297,2025-04-10,0-9,Male,Outpatient,Swab,Wound Culture,Afternoon,Nurse,Accepted,Not rejected,73.0,False,False
SP100534,2025-07-09,0-9,Female,Emergency,Blood,CBC,Morning,Laboratory Technologist,Accepted,Not rejected,71.0,False,False
SP103311,2025-06-17,40-49,Female,Maternity,Blood,Creatinine,Morning,Clinical Officer,Accepted,Not rejected,96.0,False,False
SP100925,2025-06-25,20-29,Female,ICU,Urine,Urine Culture,Night,Nurse,Accepted,Not rejected,51.0,False,False
SP100856,2025-10-26,0-9,Male,Emergency,Blood,Creatinine,Afternoon,Nurse,Accepted,Not rejected,100.0,False,False
SP104848,2025-06-12,40-49,Female,Inpatient,Sputum,Gram Stain,Night,Clinical Officer,Accepted,Not rejected,44.0,False,False
SP104497,2025-07-28,60+,Male,Emergency,Blood,Glucose,Night,Phlebotomist,Accepted,Not rejected,82.0,False,False
SP103043,2025-05-05,20-29,Female,ICU,Urine,Urine Culture,Morning,Nurse,Rejected,Delayed transport,93.0,False,False
SP104464,2025-03-31,30-39,Male,ICU,Blood,Urea,Afternoon,Phlebotomist,Accepted,Not rejected,83.0,False,False
SP103630,2025-01-06,60+,Female,Pediatrics,Blood,Glucose,Morning,Nurse,Accepted,Not rejected,87.0,False,True
SP104347,2025-06-05,40-49,Female,Pediatrics,Blood,LFT,Afternoon,Clinical Officer,Accepted,Not rejected,110.0,False,True
SP103674,2025-09-03,60+,Female,Pediatrics,Urine,Urinalysis,Morning,Nurse,Accepted,Not rejected,65.0,False,True
SP100535,2025-11-08,50-59,Female,Outpatient,Stool,Stool O&P,Afternoon,Laboratory Technologist,Accepted,Not rejected,115.0,False,False
SP102313,2025-03-09,40-49,Female,Maternity,Stool,Culture,Morning,Laboratory Technologist,Accepted,Not rejected,108.0,False,False
SP100190,2025-01-26,50-59,Female,Inpatient,Blood,CBC,Morning,Phlebotomist,Accepted,Not rejected,83.0,False,False
SP102079,2025-12-29,50-59,Female,ICU,Swab,Wound Culture,Morning,Nurse,Accepted,Not rejected,80.0,False,False
SP104051,2025-12-11,30-39,Female,Inpatient,Blood,CBC,Afternoon,Nurse,Accepted,Not rejected,96.0,False,False
SP104155,2025-06-19,30-39,Male,Outpatient,Sputum,AFB,Morning,Nurse,Accepted,Not rejected,62.0,False,False
SP103522,2025-07-27,30-39,Male,Outpatient,Sputum,Culture,Afternoon,Nurse,Accepted,Not rejected,68.0,False,False
SP104607,2025-05-02,0-9,Male,Outpatient,Urine,Urinalysis,Afternoon,Clinical Officer,Accepted,Not rejected,56.0,False,False
SP103897,2025-05-24,30-39,Female,Outpatient,Swab,Wound Culture,Morning,Phlebotomist,Accepted,Not rejected,38.0,False,False
SP102812,2025-11-19,0-9,Male,Pediatrics,Urine,Urinalysis,Afternoon,Laboratory Technologist,Accepted,Not rejected,103.0,False,False
SP101259,2025-02-03,0-9,Male,Emergency,Blood,CBC,Afternoon,Laboratory Technologist,Accepted,Not rejected,122.0,False,False
SP103979,2025-02-23,40-49,Male,Outpatient,Swab,Throat Culture,Morning,Nurse,Accepted,Not rejected,43.0,False,False
SP103362,2025-10-28,10-19,Male,ICU,Blood,CBC,Afternoon,Nurse,Accepted,Not rejected,119.0,False,False
SP101447,2025-02-15,50-59,Female,ICU,Urine,Urine Culture,Night,Phlebotomist,Accepted,Not rejected,79.0,False,False
SP102771,2025-09-28,20-29,Female,Pediatrics,Swab,Wound Culture,Morning,Clinical Officer,Accepted,Not rejected,91.0,False,True
SP104773,2025-06-24,60+,Male,Pediatrics,Blood,CBC,Morning,Clinical Officer,Accepted,Not rejected,26.0,False,True
SP100110,2025-09-07,20-29,Male,Inpatient,Blood,Glucose,Morning,Nurse,Accepted,Not rejected,91.0,False,False
SP101880,2025-12-10,60+,Female,Pediatrics,Blood,Urea,Night,Nurse,Accepted,Not rejected,86.0,False,True
SP102635,2025-12-07,0-9,Male,Outpatient,Swab,Wound Culture,Morning,Phlebotomist,Accepted,Not rejected,47.0,False,False
SP104320,2025-05-18,50-59,Female,Pediatrics,Sputum,Gram Stain,Afternoon,Nurse,Rejected,Mislabeling,107.0,False,True
SP102850,2025-07-12,40-49,Female,Outpatient,Urine,Urinalysis,Afternoon,Nurse,Rejected,Wrong container,105.0,False,False
SP103878,2025-10-25,0-9,Female,ICU,Sputum,Culture,Afternoon,Nurse,Accepted,Not rejected,78.0,False,False
SP100405,2025-04-25,30-39,Male,Outpatient,Blood,LFT,Morning,Clinical Officer,Accepted,Not rejected,101.0,False,False
SP101971,2025-08-10,40-49,Female,Outpatient,Swab,Wound Culture,Night,Nurse,Accepted,Not rejected,52.0,False,False
SP101760,2025-05-05,50-59,Female,Outpatient,Swab,Throat Culture,Morning,Phlebotomist,Rejected,Leaking container,86.0,False,False
SP104591,2025-03-08,40-49,Male,Inpatient,Swab,Throat Culture,Afternoon,Phlebotomist,Accepted,Not rejected,68.0,False,False
SP103302,2025-01-24,0-9,Female,Outpatient,Swab,Throat Culture,Morning,Laboratory Technologist,Accepted,Not rejected,80.0,False,False
SP100701,2025-12-17,0-9,Female,Outpatient,Urine,Urine Culture,Night,Phlebotomist,Accepted,Not rejected,91.0,False,False
SP101689,2025-09-16,30-39,Male,Outpatient,Swab,Throat Culture,Morning,Laboratory Technologist,Accepted,Not rejected,96.0,False,False
SP102420,2025-10-24,50-59,Male,Outpatient,Blood,Urea,Night,Phlebotomist,Rejected,Delayed transport,90.0,False,False
SP100123,2025-03-19,40-49,Female,Maternity,Blood,LFT,Afternoon,Clinical Officer,Accepted,Not rejected,49.0,False,False
SP102629,2025-03-26,40-49,Male,ICU,Blood,CBC,Morning,Nurse,Accepted,Not rejected,21.0,False,False
SP104631,2025-10-26,30-39,Male,ICU,Sputum,Gram Stain,Afternoon,Nurse,Accepted,Not rejected,113.0,False,False
SP103582,2025-08-20,30-39,Male,Inpatient,Urine,Urinalysis,Morning,Phlebotomist,Accepted,Not rejected,84.0,False,False
SP103857,2025-05-30,50-59,Female,Outpatient,Stool,Stool O&P,Night,Clinical Officer,Accepted,Not rejected,67.0,False,False
SP100601,2025-03-15,50-59,Female,Outpatient,Blood,CBC,Afternoon,Nurse,Accepted,Not rejected,65.0,False,False
SP103596,2025-03-01,60+,Male,Maternity,Urine,Urinalysis,Afternoon,Clinical Officer,Accepted,Not rejected,87.0,True,False
SP103848,2025-01-02,30-39,Female,Outpatient,Blood,Glucose,Morning,Phlebotomist,Accepted,Not rejected,93.0,False,False
SP100513,2025-09-16,0-9,Female,Inpatient,Urine,Urine Culture,Morning,Phlebotomist,Accepted,Not rejected,70.0,False,False
SP102227,2025-07-04,20-29,Female,Emergency,Blood,CBC,Night,Clinical Officer,Accepted,Not rejected,69.0,False,False
SP101134,2025-12-26,40-49,Female,Outpatient,Blood,Glucose,Morning,Laboratory Technologist,Accepted,Not rejected,66.0,False,False
SP103203,2025-06-02,60+,Female,Emergency,Blood,Creatinine,Afternoon,Phlebotomist,Accepted,Not rejected,76.0,False,False
SP101628,2025-10-05,30-39,Female,Pediatrics,Blood,Creatinine,Night,Nurse,Accepted,Not rejected,95.0,False,True
SP101189,2025-12-31,0-9,Male,Maternity,Blood,Glucose,Night,Clinical Officer,Accepted,Not rejected,68.0,True,False
SP103448,2025-07-17,30-39,Female,Inpatient,Sputum,Gram Stain,Afternoon,Phlebotomist,Accepted,Not rejected,91.0,False,False
SP101293,2025-06-05,40-49,Female,Emergency,Blood,Urea,Afternoon,Nurse,Accepted,Not rejected,73.0,False,False
SP102603,2025-03-07,50-59,Male,Inpatient,Blood,Creatinine,Afternoon,Clinical Officer,Accepted,Not rejected,99.0,False,False
SP104289,2025-03-23,0-9,Male,Inpatient,Blood,CBC,Afternoon,Nurse,Accepted,Not rejected,33.0,False,False
SP104605,2025-08-26,20-29,Female,Inpatient,Sputum,Gram Stain,Night,Phlebotomist,Accepted,Not rejected,106.0,False,False
SP101979,2025-03-16,30-39,Male,Emergency,Blood,LFT,Morning,Nurse,Accepted,Not rejected,63.0,False,False
SP104156,2025-10-12,20-29,Male,Emergency,Urine,Urine Culture,Morning,Nurse,Accepted,Not rejected,91.0,False,False
SP102555,2025-11-24,40-49,Male,Outpatient,Swab,Wound Culture,Morning,Nurse,Accepted,Not rejected,86.0,False,False
SP100861,2025-12-23,40-49,Female,Emergency,Urine,Urine Culture,Afternoon,Nurse,Accepted,Not rejected,102.0,False,False
SP100998,2025-07-20,10-19,Female,Pediatrics,Urine,Urinalysis,Morning,Clinical Officer,Accepted,Not rejected,79.0,False,False
SP103494,2025-12-25,0-9,Female,ICU,Blood,LFT,Afternoon,Nurse,Accepted,Not rejected,82.0,False,False
SP103947,2025-03-16,20-29,Male,Outpatient,Urine,Urinalysis,Morning,Laboratory Technologist,Accepted,Not rejected,50.0,False,False
SP104106,2025-04-27,30-39,Male,Emergency,Blood,Glucose,Morning,Clinical Officer,Accepted,Not rejected,82.0,False,False
SP103602,2025-12-12,60+,Male,ICU,Urine,Urinalysis,Night,Clinical Officer,Accepted,Not rejected,84.0,False,False
SP104045,2025-10-21,20-29,Female,Pediatrics,Blood,CBC,Afternoon,Clinical Officer,Accepted,Not rejected,80.0,False,True
SP104655,2025-01-30,30-39,Male,Pediatrics,CSF,CSF Analysis,Night,Nurse,Accepted,Not rejected,47.0,False,True
SP103172,2025-07-16,50-59,Female,Emergency,Blood,CBC,Night,Nurse,Accepted,Not rejected,52.0,False,False
SP101670,2025-03-18,10-19,Male,Emergency,Urine,Urine Culture,Morning,Clinical Officer,Accepted,Not rejected,59.0,False,False
SP103040,2025-06-26,30-39,Female,Inpatient,Blood,Urea,Night,Laboratory Technologist,Accepted,Not rejected,80.0,False,False
SP104786,2025-06-08,40-49,Male,Emergency,CSF,CSF Analysis,Night,Nurse,Accepted,Not rejected,111.0,False,False
SP103512,2025-08-17,50-59,Female,Emergency,Blood,Glucose,Morning,Nurse,Accepted,Not rejected,52.0,False,False
SP103657,2025-05-11,40-49,Female,Emergency,Blood,Glucose,Night,Clinical Officer,Rejected,Hemolysis,80.0,False,False
SP102427,2025-01-22,20-29,Female,Pediatrics,Urine,Urinalysis,Morning,Clinical Officer,Accepted,Not rejected,46.0,False,True
SP104067,2025-09-21,60+,Female,Emergency,Blood,Urea,Morning,Nurse,Accepted,Not rejected,12.0,False,False
SP101773,2025-06-21,20-29,Male,Pediatrics,Blood,LFT,Morning,Phlebotomist,Accepted,Not rejected,78.0,False,True
SP102997,2025-10-23,0-9,Male,Outpatient,Blood,LFT,Morning,Clinical Officer,Accepted,Not rejected,97.0,False,False
SP103488,2025-03-29,50-59,Female,Outpatient,Blood,CBC,Afternoon,Phlebotomist,Accepted,Not rejected,118.0,False,False
SP100759,2025-04-01,0-9,Male,Outpatient,CSF,Culture,Morning,Nurse,Accepted,Not rejected,56.0,False,False
SP104939,2025-09-18,60+,Male,Outpatient,Swab,Wound Culture,Morning,Laboratory Technologist,Accepted,Not rejected,76.0,False,False
SP103140,2025-08-18,10-19,Male,Outpatient,Urine,Urine Culture,Afternoon,Laboratory Technologist,Accepted,Not rejected,102.0,False,False
SP103256,2025-10-13,30-39,Male,Emergency,Urine,Urinalysis,Afternoon,Nurse,Accepted,Not rejected,122.0,False,False
SP100212,2025-10-12,0-9,Female,Pediatrics,Blood,Glucose,Morning,Clinical Officer,Accepted,Not rejected,78.0,False,False
SP100193,2025-08-23,20-29,Male,Outpatient,Blood,Creatinine,Afternoon,Laboratory Technologist,Accepted,Not rejected,43.0,False,False
SP101833,2025-11-10,40-49,Male,Outpatient,Urine,Urine Culture,Night,Nurse,Accepted,Not rejected,50.0,False,False
SP103360,2025-10-27,60+,Female,Emergency,Urine,Urinalysis,Night,Nurse,Rejected,Hemolysis,22.0,False,False
SP104178,2025-05-23,40-49,Male,Pediatrics,Sputum,Gram Stain,Morning,Clinical Officer,Rejected,Mislabeling,88.0,False,True
SP104296,2025-08-31,60+,Male,Outpatient,Blood,CBC,Morning,Phlebotomist,Accepted,Not rejected,62.0,False,False
SP100105,2025-12-17,30-39,Male,Pediatrics,Blood,Glucose,Morning,Clinical Officer,Accepted,Not rejected,110.0,False,True
SP104751,2025-10-10,50-59,Male,Outpatient,Urine,Urinalysis,Morning,Nurse,Accepted,Not rejected,93.0,False,False
SP101090,2025-03-27,10-19,Male,Outpatient,Sputum,AFB,Afternoon,Clinical Officer,Accepted,Not rejected,72.0,False,False
SP104911,2025-05-13,30-39,Female,Outpatient,Swab,Throat Culture,Morning,Clinical Officer,Accepted,Not rejected,82.0,False,False
SP104414,2025-06-25,30-39,Female,Inpatient,Swab,Throat Culture,Morning,Nurse,Accepted,Not rejected,76.0,False,False
SP104588,2025-05-02,40-49,Male,ICU,Urine,Urinalysis,Afternoon,Nurse,Accepted,Not rejected,51.0,False,False
SP101078,2025-02-08,50-59,Female,Outpatient,Stool,Culture,Morning,Clinical Officer,Rejected,Wrong container,66.0,False,False
SP103389,2025-08-13,40-49,Female,Emergency,Urine,Urine Culture,Afternoon,Laboratory Technologist,Accepted,Not rejected,86.0,False,False
SP102752,2025-03-23,50-59,Female,Pediatrics,Stool,Stool O&P,Morning,Phlebotomist,Accepted,Not rejected,95.0,False,True
SP103678,2025-10-03,60+,Female,Emergency,Blood,Urea,Morning,Nurse,Accepted,Not rejected,122.0,False,False
SP101496,2025-07-25,20-29,Male,Outpatient,Urine,Urine Culture,Afternoon,Clinical Officer,Accepted,Not rejected,63.0,False,False
SP100214,2025-01-12,50-59,Female,Inpatient,Urine,Urine Culture,Morning,Nurse,Accepted,Not rejected,96.0,False,False
SP104566,2025-01-29,10-19,Female,Inpatient,Swab,Throat Culture,Afternoon,Nurse,Accepted,Not rejected,103.0,False,False
SP102702,2025-09-24,0-9,Female,ICU,CSF,Culture,Morning,Nurse,Accepted,Not rejected,55.0,False,False
SP100075,2025-02-11,30-39,Female,ICU,Swab,Wound Culture,Night,Clinical Officer,Accepted,Not rejected,45.0,False,False
SP101300,2025-04-08,60+,Female,Outpatient,Swab,Wound Culture,Afternoon,Clinical Officer,Accepted,Not rejected,73.0,False,False
SP102036,2025-02-20,40-49,Male,Emergency,Urine,Urine Culture,Afternoon,Clinical Officer,Accepted,Not rejected,95.0,False,False
SP103037,2025-07-08,10-19,Female,Outpatient,Blood,LFT,Morning,Nurse,Accepted,Not rejected,22.0,False,False
SP100441,2025-08-16,30-39,Female,Outpatient,Urine,Urine Culture,Afternoon,Phlebotomist,Accepted,Not rejected,103.0,False,False
SP103992,2025-11-23,10-19,Female,Emergency,Urine,Urinalysis,Morning,Phlebotomist,Accepted,Not rejected,77.0,False,False
SP101036,2025-07-11,50-59,Male,Pediatrics,Blood,Urea,Night,Clinical Officer,Accepted,Not rejected,70.0,False,True
SP103350,2025-01-10,50-59,Male,Pediatrics,Blood,Creatinine,Afternoon,Clinical Officer,Accepted,Not rejected,89.0,False,True
SP101895,2025-07-05,50-59,Male,Emergency,Blood,CBC,Afternoon,Laboratory Technologist,Accepted,Not rejected,118.0,False,False
SP104950,2025-08-19,20-29,Male,Outpatient,Blood,Glucose,Morning,Phlebotomist,Accepted,Not rejected,96.0,False,False
SP104418,2025-09-08,10-19,Female,Outpatient,Blood,LFT,Morning,Laboratory Technologist,Accepted,Not rejected,75.0,False,False
SP102785,2025-05-28,0-9,Male,Outpatient,Blood,Creatinine,Afternoon,Nurse,Accepted,Not rejected,90.0,False,False
SP102619,2025-10-26,30-39,Female,Outpatient,Urine,Urinalysis,Night,Phlebotomist,Accepted,Not rejected,76.0,False,False
SP104762,2025-08-16,40-49,Male,Inpatient,Blood,Urea,Afternoon,Nurse,Rejected,Insufficient volume,49.0,False,False
SP103516,2025-05-16,60+,Male,Inpatient,Urine,Urinalysis,Afternoon,Nurse,Rejected,Hemolysis,152.0,False,False
SP102229,2025-08-28,40-49,Male,Pediatrics,Blood,Creatinine,Night,Laboratory Technologist,Accepted,Not rejected,110.0,False,True
SP103193,2025-12-25,40-49,Female,ICU,Urine,Urine Culture,Night,Nurse,Rejected,Delayed transport,79.0,False,False
SP102157,2025-09-04,40-49,Female,Emergency,Swab,Wound Culture,Morning,Phlebotomist,Accepted,Not rejected,80.0,False,False
SP100423,2025-04-20,30-39,Male,Emergency,Blood,Urea,Morning,Phlebotomist,Accepted,Not rejected,34.0,False,False
SP100946,2025-08-17,0-9,Male,Pediatrics,Swab,Throat Culture,Morning,Clinical Officer,Accepted,Not rejected,80.0,False,False
SP104768,2025-08-13,0-9,Female,Pediatrics,Urine,Urinalysis,Night,Laboratory Technologist,Accepted,Not rejected,121.0,False,False
SP104428,2025-09-01,60+,Male,Inpatient,Sputum,Gram Stain,Morning,Nurse,Accepted,Not rejected,90.0,False,False
SP103595,2025-04-24,50-59,Female,Outpatient,Urine,Urinalysis,Afternoon,Clinical Officer,Accepted,Not rejected,103.0,False,False
SP104643,2025-01-29,60+,Male,Inpatient,Sputum,Gram Stain,Night,Phlebotomist,Accepted,Not rejected,90.0,False,False
SP101816,2025-11-18,10-19,Male,Emergency,Blood,Urea,Afternoon,Phlebotomist,Accepted,Not rejected,42.0,False,False
SP102918,2025-10-15,0-9,Male,Pediatrics,Blood,Creatinine,Afternoon,Laboratory Technologist,Accepted,Not rejected,49.0,False,False
SP104010,2025-05-07,60+,Female,Inpatient,Blood,LFT,Morning,Phlebotomist,Accepted,Not rejected,95.0,False,False
SP102277,2025-02-23,20-29,Female,Emergency,Blood,Urea,Afternoon,Nurse,Accepted,Not rejected,116.0,False,False
SP101133,2025-10-23,40-49,Male,ICU,Blood,CBC,Morning,Phlebotomist,Accepted,Not rejected,92.0,False,False
SP102017,2025-05-17,50-59,Male,Outpatient,Stool,Stool O&P,Night,Laboratory Technologist,Accepted,Not rejected,69.0,False,False
SP101391,2025-11-01,10-19,Female,Pediatrics,Blood,Creatinine,Morning,Phlebotomist,Accepted,Not rejected,70.0,False,False
SP101244,2025-10-02,30-39,Female,Outpatient,Swab,Wound Culture,Night,Clinical Officer,Accepted,Not rejected,84.0,False,False
SP101721,2025-02-02,20-29,Female,Pediatrics,Swab,Wound Culture,Afternoon,Nurse,Accepted,Not rejected,63.0,False,True
SP104654,2025-02-16,20-29,Female,Outpatient,Blood,LFT,Morning,Phlebotomist,Accepted,Not rejected,79.0,False,False
SP100597,2025-07-17,50-59,Female,Inpatient,Swab,Throat Culture,Morning,Nurse,Accepted,Not rejected,29.0,False,False
SP103849,2025-01-13,30-39,Female,Outpatient,Blood,LFT,Afternoon,Clinical Officer,Accepted,Not rejected,44.0,False,False
SP103852,2025-06-03,30-39,Male,Pediatrics,Urine,Urinalysis,Afternoon,Nurse,Accepted,Not rejected,82.0,False,True
SP103593,2025-09-16,10-19,Male,Emergency,Blood,Glucose,Night,Nurse,Accepted,Not rejected,49.0,False,False
SP102037,2025-02-15,50-59,Male,Inpatient,Urine,Urinalysis,Afternoon,Nurse,Accepted,Not rejected,68.0,False,False
SP102814,2025-12-03,40-49,Female,Inpatient,Blood,CBC,Morning,Clinical Officer,Accepted,Not rejected,64.0,False,False
SP101219,2025-12-15,0-9,Male,Inpatient,Swab,Throat Culture,Afternoon,Phlebotomist,Accepted,Not rejected,102.0,False,False
SP103094,2025-03-10,50-59,Female,Emergency,Urine,Urine Culture,Morning,Nurse,Rejected,Leaking container,78.0,False,False
SP103422,2025-08-07,20-29,Female,Inpatient,Swab,Wound Culture,Night,Nurse,Accepted,Not rejected,102.0,False,False
SP104481,2025-06-16,10-19,Female,ICU,Urine,Urinalysis,Night,Clinical Officer,Accepted,Not rejected,44.0,False,False
SP104634,2025-09-06,20-29,Male,Pediatrics,Blood,LFT,Morning,Clinical Officer,Accepted,Not rejected,77.0,False,True
SP101170,2025-06-15,50-59,Female,Maternity,Sputum,Gram Stain,Afternoon,Nurse,Accepted,Not rejected,62.0,False,False
SP101930,2025-12-18,40-49,Male,ICU,Urine,Urinalysis,Afternoon,Clinical Officer,Rejected,Mislabeling,110.0,False,False
SP102628,2025-07-01,0-9,Female,Maternity,Blood,Urea,Afternoon,Laboratory Technologist,Accepted,Not rejected,64.0,False,False
SP100195,2025-01-26,30-39,Female,Emergency,Blood,CBC,Afternoon,Clinical Officer,Accepted,Not rejected,93.0,False,False
SP103274,2025-09-09,40-49,Female,Maternity,CSF,CSF Analysis,Afternoon,Phlebotomist,Accepted,Not rejected,89.0,False,False
SP102798,2025-06-09,10-19,Female,Outpatient,Blood,Glucose,Morning,Clinical Officer,Accepted,Not rejected,75.0,False,False
SP103646,2025-11-08,50-59,Female,Outpatient,Blood,Creatinine,Afternoon,Laboratory Technologist,Accepted,Not rejected,69.0,False,False
SP100029,2025-04-16,30-39,Male,Emergency,Swab,Throat Culture,Night,Clinical Officer,Rejected,Leaking container,105.0,False,False
SP101700,2025-09-30,0-9,Female,Outpatient,Urine,Urinalysis,Afternoon,Nurse,Accepted,Not rejected,60.0,False,False
SP101941,2025-07-22,20-29,Female,Outpatient,Blood,Urea,Night,Nurse,Accepted,Not rejected,110.0,False,False
SP104843,2025-10-25,40-49,Male,Outpatient,Blood,Glucose,Morning,Phlebotomist,Accepted,Not rejected,40.0,False,False
SP101376,2025-07-20,20-29,Female,Maternity,Blood,CBC,Morning,Clinical Officer,Accepted,Not rejected,112.0,False,False
SP101452,2025-12-27,0-9,Female,Emergency,Urine,Urine Culture,Morning,Phlebotomist,Accepted,Not rejected,50.0,False,False
SP103737,2025-07-19,40-49,Male,Inpatient,Blood,LFT,Afternoon,Phlebotomist,Accepted,Not rejected,107.0,False,False
SP104669,2025-08-27,50-59,Male,Outpatient,Urine,Urine Culture,Afternoon,Nurse,Accepted,Not rejected,75.0,False,False
SP101996,2025-04-22,30-39,Female,Pediatrics,Blood,Urea,Morning,Nurse,Accepted,Not rejected,85.0,False,True
SP101462,2025-12-17,40-49,Male,Emergency,Blood,CBC,Morning,Clinical Officer,Accepted,Not rejected,74.0,False,False
SP102894,2025-03-28,20-29,Male,Pediatrics,Blood,Creatinine,Morning,Laboratory Technologist,Accepted,Not rejected,79.0,False,True
SP100160,2025-07-14,30-39,Male,Inpatient,Urine,Urinalysis,Afternoon,Phlebotomist,Accepted,Not rejected,74.0,False,False
SP100770,2025-08-19,40-49,Female,Outpatient,Blood,CBC,Morning,Unknown,Accepted,Not rejected,77.0,False,False
SP104186,2025-02-10,20-29,Male,Maternity,Stool,Stool O&P,Morning,Phlebotomist,Accepted,Not rejected,125.0,True,False
SP102244,2025-12-07,20-29,Male,Outpatient,Blood,Creatinine,Morning,Phlebotomist,Accepted,Not rejected,77.0,False,False
SP104548,2025-02-06,30-39,Female,Pediatrics,Swab,Throat Culture,Morning,Phlebotomist,Accepted,Not rejected,113.0,False,True
SP102823,2025-02-25,10-19,Male,Inpatient,Blood,Creatinine,Morning,Clinical Officer,Accepted,Not rejected,58.0,False,False
SP100611,2025-08-18,30-39,Female,Inpatient,Blood,LFT,Afternoon,Nurse,Accepted,Not rejected,74.0,False,False
SP100654,2025-09-29,60+,Female,Maternity,Swab,Throat Culture,Night,Nurse,Accepted,Not rejected,91.0,False,False
SP104576,2025-06-03,60+,Female,ICU,Urine,Urine Culture,Afternoon,Phlebotomist,Accepted,Not rejected,89.0,False,False
SP103216,2025-09-10,40-49,Male,Inpatient,Stool,Stool O&P,Afternoon,Phlebotomist,Accepted,Not rejected,86.0,False,False
SP103677,2025-06-22,0-9,Female,Outpatient,Swab,Throat Culture,Night,Clinical Officer,Accepted,Not rejected,51.0,False,False
SP101838,2025-12-11,30-39,Female,Outpatient,Swab,Wound Culture,Morning,Phlebotomist,Accepted,Not rejected,34.0,False,False
SP101153,2025-02-17,20-29,Female,ICU,CSF,CSF Analysis,Morning,Nurse,Accepted,Not rejected,65.0,False,False
SP100119,2025-06-08,20-29,Female,Inpatient,Stool,Culture,Afternoon,Phlebotomist,Accepted,Not rejected,75.0,False,False
SP101581,2025-11-07,50-59,Male,Outpatient,Blood,Creatinine,Afternoon,Clinical Officer,Accepted,Not rejected,50.0,False,False
SP100621,2025-10-03,50-59,Female,ICU,Urine,Urine Culture,Morning,Nurse,Accepted,Not rejected,47.0,False,False
SP100552,2025-04-23,50-59,Male,Emergency,Swab,Wound Culture,Afternoon,Phlebotomist,Accepted,Not rejected,38.0,False,False
SP102723,2025-05-17,10-19,Female,Outpatient,Urine,Urinalysis,Morning,Nurse,Accepted,Not rejected,52.0,False,False
SP100904,2025-04-08,10-19,Male,Outpatient,Stool,Stool O&P,Afternoon,Nurse,Accepted,Not rejected,72.0,False,False
SP104683,2025-04-13,40-49,Male,Pediatrics,Blood,CBC,Morning,Nurse,Accepted,Not rejected,106.0,False,True
SP102568,2025-04-26,20-29,Female,Pediatrics,Sputum,Gram Stain,Morning,Nurse,Accepted,Not rejected,86.0,False,True
SP100260,2025-03-29,30-39,Male,Inpatient,Swab,Throat Culture,Morning,Phlebotomist,Accepted,Not rejected,76.0,False,False
SP103713,2025-01-04,30-39,Male,Emergency,Blood,Creatinine,Afternoon,Clinical Officer,Accepted,Not rejected,66.0,False,False
SP102143,2025-01-06,60+,Male,Inpatient,Blood,LFT,Morning,Nurse,Accepted,Not rejected,74.0,False,False
SP102190,2025-05-09,10-19,Male,Emergency,Sputum,Culture,Morning,Nurse,Accepted,Not rejected,81.0,False,False
SP103033,2025-09-13,0-9,Male,Unknown,Blood,LFT,Morning,Laboratory Technologist,Accepted,Not rejected,103.0,False,False
SP103743,2025-02-13,10-19,Female,Inpatient,Blood,LFT,Afternoon,Laboratory Technologist,Accepted,Not rejected,40.0,False,False
SP102054,2025-12-23,60+,Female,ICU,Blood,Glucose,Morning,Nurse,Accepted,Not rejected,64.0,False,False
SP101720,2025-05-25,30-39,Female,Outpatient,Blood,CBC,Afternoon,Clinical Officer,Accepted,Not rejected,34.0,False,False
SP103058,2025-10-18,50-59,Male,Inpatient,Blood,CBC,Afternoon,Phlebotomist,Accepted,Not rejected,42.0,False,False
SP104386,2025-12-10,30-39,Female,Inpatient,Blood,CBC,Morning,Clinical Officer,Accepted,Not rejected,106.0,False,False
SP103721,2025-03-07,30-39,Male,Inpatient,Sputum,Gram Stain,Night,Clinical Officer,Rejected,Leaking container,121.0,False,False
SP100584,2025-11-25,10-19,Female,Inpatient,Blood,Urea,Afternoon,Nurse,Accepted,Not rejected,104.0,False,False
SP104491,2025-11-05,20-29,Male,Outpatient,Blood,CBC,Afternoon,Phlebotomist,Accepted,Not rejected,89.0,False,False
SP102488,2025-08-17,30-39,Male,Inpatient,Urine,Urinalysis,Afternoon,Phlebotomist,Accepted,Not rejected,51.0,False,False
SP103515,2025-06-05,40-49,Male,Outpatient,Sputum,Gram Stain,Morning,Nurse,Accepted,Not rejected,42.0,False,False
SP104129,2025-02-08,60+,Female,ICU,Blood,CBC,Night,Nurse,Accepted,Not rejected,27.0,False,False
SP100171,2025-06-24,40-49,Male,Emergency,Swab,Wound Culture,Morning,Phlebotomist,Accepted,Not rejected,49.0,False,False
SP102494,2025-06-20,40-49,Male,Inpatient,Blood,CBC,Morning,Nurse,Accepted,Not rejected,101.0,False,False
SP102854,2025-08-23,60+,Female,Inpatient,Urine,Urine Culture,Morning,Nurse,Accepted,Not rejected,33.0,False,False
SP102954,2025-06-05,0-9,Male,Inpatient,Urine,Urinalysis,Morning,Nurse,Accepted,Not rejected,91.0,False,False
SP103774,2025-03-02,50-59,Male,Emergency,Swab,Throat Culture,Afternoon,Nurse,Accepted,Not rejected,120.0,False,False
SP102377,2025-09-21,20-29,Female,Inpatient,CSF,CSF Analysis,Night,Phlebotomist,Accepted,Not rejected,59.0,False,False
SP101982,2025-03-17,30-39,Female,Inpatient,Urine,Urine Culture,Night,Nurse,Rejected,Delayed transport,86.0,False,False
SP104001,2025-03-02,0-9,Male,ICU,Swab,Throat Culture,Night,Laboratory Technologist,Accepted,Not rejected,45.0,False,False
SP104002,2025-05-10,50-59,Male,Maternity,CSF,CSF Analysis,Afternoon,Clinical Officer,Accepted,Not rejected,66.0,True,False
SP101696,2025-03-31,60+,Female,Outpatient,Swab,Throat Culture,Morning,Phlebotomist,Accepted,Not rejected,39.0,False,False
SP104225,2025-07-03,20-29,Male,Emergency,Blood,CBC,Morning,Clinical Officer,Accepted,Not rejected,86.0,False,False
SP104079,2025-04-05,10-19,Female,Outpatient,Stool,Stool O&P,Morning,Clinical Officer,Rejected,Wrong container,78.0,False,False
SP104253,2025-11-21,10-19,Male,ICU,Blood,Urea,Afternoon,Nurse,Accepted,Not rejected,81.0,False,False
SP101396,2025-06-20,30-39,Male,Outpatient,Blood,Glucose,Morning,Phlebotomist,Accepted,Not rejected,77.0,False,False
SP100883,2025-12-22,40-49,Male,Emergency,Blood,LFT,Morning,Nurse,Accepted,Not rejected,93.0,False,False
SP101698,2025-12-23,30-39,Female,Inpatient,Blood,Creatinine,Morning,Nurse,Accepted,Not rejected,53.0,False,False
SP103395,2025-11-26,40-49,Male,ICU,Swab,Throat Culture,Morning,Clinical Officer,Accepted,Not rejected,99.0,False,False
SP102175,2025-10-06,40-49,Female,Maternity,Blood,CBC,Afternoon,Nurse,Accepted,Not rejected,82.0,False,False
SP103333,2025-10-19,20-29,Female,Outpatient,Blood,Creatinine,Morning,Nurse,Accepted,Not rejected,62.0,False,False
SP103454,2025-03-07,0-9,Male,Inpatient,Sputum,AFB,Afternoon,Nurse,Accepted,Not rejected,76.0,False,False
SP101075,2025-09-09,20-29,Male,Pediatrics,Swab,Wound Culture,Morning,Clinical Officer,Accepted,Not rejected,68.0,False,True
SP104456,2025-05-23,30-39,Male,Outpatient,Swab,Wound Culture,Morning,Nurse,Accepted,Not rejected,71.0,False,False
SP100236,2025-06-14,40-49,Male,Pediatrics,Blood,Urea,Morning,Phlebotomist,Accepted,Not rejected,110.0,False,True
SP102985,2025-09-26,40-49,Female,Inpatient,Blood,LFT,Afternoon,Phlebotomist,Accepted,Not rejected,56.0,False,False
SP104168,2025-11-23,40-49,Male,Outpatient,Sputum,Gram Stain,Morning,Phlebotomist,Accepted,Not rejected,53.0,False,False
SP102210,2025-03-20,30-39,Male,Emergency,Blood,LFT,Morning,Nurse,Accepted,Not rejected,84.0,False,False
SP104784,2025-12-09,10-19,Male,Maternity,Urine,Urinalysis,Night,Nurse,Accepted,Not rejected,71.0,True,False
SP104685,2025-04-29,50-59,Male,Inpatient,Blood,Urea,Morning,Nurse,Accepted,Not rejected,91.0,False,False
SP104450,2025-05-08,60+,Male,Outpatient,Blood,Glucose,Night,Clinical Officer,Accepted,Not rejected,100.0,False,False
SP104170,2025-07-14,60+,Female,Outpatient,Sputum,AFB,Morning,Nurse,Accepted,Not rejected,67.0,False,False
SP102459,2025-09-29,60+,Female,Inpatient,Urine,Urine Culture,Night,Clinical Officer,Accepted,Not rejected,75.0,False,False
SP103664,2025-04-24,40-49,Male,Inpatient,Blood,CBC,Night,Nurse,Accepted,Not rejected,98.0,False,False
SP103175,2025-11-13,50-59,Male,Pediatrics,Swab,Wound Culture,Afternoon,Clinical Officer,Accepted,Not rejected,105.0,False,True
SP102248,2025-01-03,30-39,Female,Outpatient,Blood,Glucose,Night,Phlebotomist,Accepted,Not rejected,98.0,False,False
SP102929,2025-05-29,50-59,Male,Outpatient,Swab,Wound Culture,Morning,Nurse,Accepted,Not rejected,114.0,False,False
SP101149,2025-03-20,20-29,Male,Pediatrics,Urine,Urine Culture,Morning,Clinical Officer,Accepted,Not rejected,51.0,False,True
SP100220,2025-09-18,30-39,Female,Emergency,Stool,Culture,Night,Clinical Officer,Accepted,Not rejected,97.0,False,False
SP102939,2025-03-18,50-59,Male,Outpatient,Blood,Creatinine,Night,Clinical Officer,Accepted,Not rejected,44.0,False,False
SP103746,2025-08-27,40-49,Female,Inpatient,Urine,Urine Culture,Afternoon,Phlebotomist,Accepted,Not rejected,80.0,False,False
SP102437,2025-05-07,40-49,Male,Inpatient,Swab,Wound Culture,Afternoon,Clinical Officer,Accepted,Not rejected,89.0,False,False
SP103850,2025-03-23,20-29,Female,Emergency,Blood,Creatinine,Afternoon,Nurse,Accepted,Not rejected,52.0,False,False
SP100948,2025-12-21,60+,Male,ICU,Blood,CBC,Afternoon,Nurse,Accepted,Not rejected,101.0,False,False
SP100939,2025-12-25,60+,Male,Emergency,Swab,Wound Culture,Night,Nurse,Rejected,Delayed transport,72.0,False,False
SP103098,2025-09-25,40-49,Female,Maternity,Urine,Urinalysis,Morning,Nurse,Accepted,Not rejected,69.0,False,False
SP101870,2025-09-05,30-39,Male,Pediatrics,Blood,Urea,Morning,Phlebotomist,Accepted,Not rejected,31.0,False,True
SP102439,2025-09-23,60+,Male,Outpatient,Blood,LFT,Morning,Laboratory Technologist,Accepted,Not rejected,107.0,False,False
SP103052,2025-10-23,40-49,Female,Outpatient,Urine,Urinalysis,Morning,Nurse,Accepted,Not rejected,37.0,False,False
SP102067,2025-01-25,30-39,Male,Outpatient,Urine,Urinalysis,Afternoon,Clinical Officer,Accepted,Not rejected,46.0,False,False
SP101600,2025-10-14,10-19,Male,Maternity,Urine,Urine Culture,Morning,Nurse,Accepted,Not rejected,94.0,True,False
SP102999,2025-04-19,0-9,Male,Outpatient,Sputum,Gram Stain,Morning,Laboratory Technologist,Accepted,Not rejected,78.0,False,False
SP102989,2025-10-15,40-49,Male,Inpatient,Blood,CBC,Morning,Clinical Officer,Rejected,Leaking container,111.0,False,False
SP101457,2025-09-22,20-29,Female,Outpatient,Swab,Throat Culture,Morning,Nurse,Accepted,Not rejected,97.0,False,False
SP100901,2025-08-18,60+,Male,Outpatient,Urine,Urinalysis,Afternoon,Nurse,Accepted,Not rejected,32.0,False,False
SP101963,2025-06-08,30-39,Female,Inpatient,Blood,Urea,Afternoon,Nurse,Accepted,Not rejected,36.0,False,False
SP103901,2025-03-16,10-19,Male,Maternity,Urine,Urine Culture,Morning,Laboratory Technologist,Accepted,Not rejected,88.0,True,False
SP104252,2025-12-26,60+,Female,Inpatient,Blood,CBC,Night,Nurse,Rejected,Clotted specimen,10.0,False,False
SP103879,2025-07-20,20-29,Female,Pediatrics,Sputum,Gram Stain,Afternoon,Clinical Officer,Accepted,Not rejected,62.0,False,True
SP100158,2025-07-30,20-29,Female,Outpatient,Urine,Urinalysis,Morning,Nurse,Accepted,Not rejected,49.0,False,False
SP100425,2025-07-25,20-29,Female,Outpatient,Urine,Urine Culture,Night,Laboratory Technologist,Accepted,Not rejected,10.0,False,False
SP101854,2025-01-05,0-9,Male,Emergency,Swab,Wound Culture,Morning,Clinical Officer,Accepted,Not rejected,123.0,False,False
SP100528,2025-12-17,60+,Male,Outpatient,Blood,Urea,Afternoon,Laboratory Technologist,Accepted,Not rejected,82.0,False,False
SP100727,2025-09-03,40-49,Female,Emergency,Blood,LFT,Morning,Clinical Officer,Accepted,Not rejected,41.0,False,False
SP102899,2025-11-02,40-49,Male,Outpatient,Swab,Throat Culture,Afternoon,Nurse,Accepted,Not rejected,79.0,False,False
SP101959,2025-07-02,30-39,Male,ICU,Stool,Stool O&P,Night,Laboratory Technologist,Accepted,Not rejected,94.0,False,False
SP104027,2025-09-29,20-29,Female,Maternity,Sputum,Gram Stain,Morning,Phlebotomist,Accepted,Not rejected,45.0,False,False
SP100736,2025-05-24,0-9,Male,Outpatient,Blood,Urea,Morning,Phlebotomist,Accepted,Not rejected,40.0,False,False
SP104801,2025-04-28,40-49,Male,Inpatient,Sputum,AFB,Morning,Nurse,Rejected,Wrong container,45.0,False,False
SP102318,2025-08-24,10-19,Female,Emergency,Blood,LFT,Afternoon,Phlebotomist,Accepted,Not rejected,67.0,False,False
SP103177,2025-01-10,10-19,Female,Emergency,Blood,CBC,Morning,Nurse,Accepted,Not rejected,64.0,False,False
SP102654,2025-08-01,10-19,Female,Maternity,Swab,Throat Culture,Afternoon,Phlebotomist,Accepted,Not rejected,90.0,False,False
SP104862,2025-06-12,50-59,Female,Inpatient,Swab,Throat Culture,Afternoon,Nurse,Accepted,Not rejected,53.0,False,False
SP101535,2025-11-13,10-19,Male,Outpatient,Blood,Urea,Morning,Nurse,Accepted,Not rejected,76.0,False,False
SP100201,2025-02-27,60+,Female,Outpatient,Blood,CBC,Afternoon,Clinical Officer,Accepted,Not rejected,34.0,False,False
SP103891,2025-01-12,40-49,Female,ICU,Blood,Urea,Afternoon,Clinical Officer,Accepted,Not rejected,48.0,False,False
SP100839,2025-02-02,40-49,Male,Emergency,Blood,LFT,Night,Phlebotomist,Accepted,Not rejected,91.0,False,False
SP102142,2025-08-02,50-59,Female,Outpatient,Sputum,Gram Stain,Afternoon,Phlebotomist,Accepted,Not rejected,56.0,False,False
SP104908,2025-07-07,40-49,Female,Emergency,CSF,CSF Analysis,Morning,Laboratory Technologist,Accepted,Not rejected,51.0,False,False
SP103474,2025-02-18,20-29,Male,Pediatrics,Swab,Wound Culture,Afternoon,Nurse,Accepted,Not rejected,56.0,False,True
SP101574,2025-04-20,50-59,Female,ICU,Urine,Urinalysis,Morning,Nurse,Accepted,Not rejected,34.0,False,False
SP103450,2025-02-19,60+,Female,Pediatrics,CSF,CSF Analysis,Night,Nurse,Accepted,Not rejected,92.0,False,True
SP100350,2025-06-19,60+,Female,Outpatient,Sputum,AFB,Night,Laboratory Technologist,Accepted,Not rejected,57.0,False,False
SP101967,2025-09-14,10-19,Male,Pediatrics,Urine,Urinalysis,Night,Clinical Officer,Accepted,Not rejected,33.0,False,False
SP100162,2025-12-03,50-59,Female,Emergency,Swab,Throat Culture,Afternoon,Nurse,Accepted,Not rejected,84.0,False,False
SP102760,2025-06-11,50-59,Female,Pediatrics,Urine,Urinalysis,Afternoon,Nurse,Accepted,Not rejected,91.0,False,True
SP102180,2025-05-30,30-39,Female,Emergency,Urine,Urinalysis,Night,Nurse,Accepted,Not rejected,90.0,False,False
SP100294,2025-04-02,40-49,Male,Emergency,Blood,Creatinine,Afternoon,Nurse,Accepted,Not rejected,87.0,False,False
SP104223,2025-01-23,10-19,Female,Outpatient,Swab,Wound Culture,Morning,Nurse,Accepted,Not rejected,74.0,False,False
SP103723,2025-06-24,60+,Female,Pediatrics,Blood,Glucose,Afternoon,Phlebotomist,Accepted,Not rejected,59.0,False,True
SP101759,2025-11-02,0-9,Male,Maternity,Urine,Urine Culture,Afternoon,Nurse,Accepted,Not rejected,98.0,True,False
SP103951,2025-03-18,10-19,Female,Emergency,Sputum,Gram Stain,Afternoon,Phlebotomist,Accepted,Not rejected,78.0,False,False
SP101327,2025-02-21,50-59,Male,Pediatrics,Urine,Urinalysis,Night,Clinical Officer,Accepted,Not rejected,98.0,False,True
SP102510,2025-02-19,50-59,Female,Outpatient,Blood,Urea,Afternoon,Nurse,Accepted,Not rejected,109.0,False,False
SP101202,2025-01-22,20-29,Female,Outpatient,Blood,Creatinine,Morning,Nurse,Accepted,Not rejected,79.0,False,False
SP102194,2025-12-24,20-29,Male,Maternity,Blood,CBC,Morning,Nurse,Accepted,Not rejected,110.0,True,False
SP101886,2025-12-30,0-9,Female,Emergency,Blood,Creatinine,Morning,Nurse,Accepted,Not rejected,109.0,False,False
SP100080,2025-10-05,0-9,Female,Emergency,Blood,Urea,Night,Nurse,Accepted,Not rejected,86.0,False,False
SP100930,2025-07-03,30-39,Male,Inpatient,Sputum,AFB,Afternoon,Clinical Officer,Accepted,Not rejected,70.0,False,False
SP100598,2025-03-07,20-29,Male,Emergency,Blood,LFT,Afternoon,Nurse,Accepted,Not rejected,85.0,False,False
SP100413,2025-05-02,30-39,Male,Pediatrics,Blood,Glucose,Morning,Nurse,Accepted,Not rejected,53.0,False,True
SP101059,2025-04-04,50-59,Male,Outpatient,Sputum,AFB,Morning,Laboratory Technologist,Accepted,Not rejected,72.0,False,False
SP101985,2025-10-15,60+,Female,Outpatient,Blood,LFT,Morning,Nurse,Accepted,Not rejected,86.0,False,False
SP102323,2025-03-22,30-39,Male,Pediatrics,Blood,Urea,Night,Laboratory Technologist,Accepted,Not rejected,53.0,False,True
SP104673,2025-01-10,0-9,Male,Inpatient,Sputum,AFB,Night,Clinical Officer,Accepted,Not rejected,112.0,False,False
SP104195,2025-07-25,0-9,Male,Outpatient,Blood,Urea,Morning,Laboratory Technologist,Rejected,Insufficient volume,116.0,False,False
SP102004,2025-12-17,20-29,Female,Maternity,Urine,Urine Culture,Morning,Laboratory Technologist,Accepted,Not rejected,40.0,False,False
SP103258,2025-10-26,60+,Male,Inpatient,Urine,Urine Culture,Afternoon,Nurse,Rejected,Hemolysis,106.0,False,False
SP100734,2025-10-28,10-19,Male,Maternity,Urine,Urine Culture,Afternoon,Clinical Officer,Rejected,Insufficient volume,119.0,True,False
SP102731,2025-06-20,50-59,Female,Pediatrics,Blood,Urea,Morning,Nurse,Accepted,Not rejected,78.0,False,True
SP101714,2025-09-05,Unknown,Male,Inpatient,Swab,Throat Culture,Night,Nurse,Accepted,Not rejected,88.0,False,False
SP101532,2025-08-15,10-19,Male,Outpatient,Swab,Throat Culture,Night,Phlebotomist,Accepted,Not rejected,61.0,False,False
SP101962,2025-09-23,20-29,Male,Outpatient,Swab,Wound Culture,Afternoon,Phlebotomist,Rejected,Leaking container,70.0,False,False
SP101983,2025-01-24,10-19,Female,Outpatient,Blood,LFT,Morning,Clinical Officer,Accepted,Not rejected,53.0,False,False
SP102784,2025-02-22,10-19,Female,Emergency,Swab,Throat Culture,Afternoon,Phlebotomist,Accepted,Not rejected,104.0,False,False
SP100632,2025-09-04,60+,Female,ICU,Urine,Urine Culture,Afternoon,Clinical Officer,Accepted,Not rejected,89.0,False,False
SP102074,2025-06-07,40-49,Female,Emergency,Blood,Urea,Morning,Nurse,Accepted,Not rejected,100.0,False,False
SP104081,2025-05-15,50-59,Male,Pediatrics,Urine,Urine Culture,Morning,Clinical Officer,Accepted,Not rejected,47.0,False,True
SP100614,2025-03-28,40-49,Male,ICU,Blood,LFT,Morning,Laboratory Technologist,Accepted,Not rejected,24.0,False,False
SP101052,2025-09-11,30-39,Female,Maternity,Blood,LFT,Morning,Nurse,Accepted,Not rejected,69.0,False,False
SP100944,2025-07-05,60+,Male,ICU,Sputum,Gram Stain,Afternoon,Nurse,Accepted,Not rejected,57.0,False,False
SP100860,2025-04-06,0-9,Female,ICU,Urine,Urine Culture,Afternoon,Clinical Officer,Rejected,Insufficient volume,73.0,False,False
SP104791,2025-12-13,0-9,Female,Maternity,Blood,LFT,Morning,Nurse,Accepted,Not rejected,97.0,False,False
SP100885,2025-05-03,20-29,Male,Emergency,Blood,Creatinine,Morning,Nurse,Accepted,Not rejected,86.0,False,False
SP103079,2025-11-13,50-59,Male,Outpatient,Blood,LFT,Afternoon,Nurse,Accepted,Not rejected,39.0,False,False
SP100175,2025-10-18,60+,Male,Maternity,Sputum,Culture,Night,Clinical Officer,Rejected,Delayed transport,88.0,True,False
SP102553,2025-07-20,30-39,Female,Emergency,Urine,Urine Culture,Night,Phlebotomist,Accepted,Not rejected,85.0,False,False
SP101215,2025-05-28,0-9,Male,Outpatient,Blood,Glucose,Afternoon,Nurse,Rejected,Clotted specimen,91.0,False,False
SP100710,2025-08-26,50-59,Female,Outpatient,Blood,Creatinine,Night,Clinical Officer,Accepted,Not rejected,84.0,False,False
SP100505,2025-06-09,40-49,Male,Outpatient,Swab,Throat Culture,Morning,Clinical Officer,Rejected,Clotted specimen,68.0,False,False
SP102016,2025-07-08,10-19,Female,Inpatient,Sputum,AFB,Morning,Nurse,Accepted,Not rejected,34.0,False,False
SP103282,2025-05-15,50-59,Male,Emergency,Blood,CBC,Morning,Laboratory Technologist,Accepted,Not rejected,75.0,False,False
SP102407,2025-10-13,50-59,Female,Inpatient,Blood,Creatinine,Afternoon,Nurse,Accepted,Not rejected,90.0,False,False
SP104659,2025-06-03,50-59,Female,Outpatient,Sputum,Culture,Morning,Phlebotomist,Rejected,Leaking container,63.0,False,False
SP103619,2025-07-31,40-49,Male,Outpatient,Urine,Urinalysis,Morning,Nurse,Accepted,Not rejected,86.0,False,False
SP101839,2025-10-07,10-19,Male,Emergency,Blood,Glucose,Morning,Laboratory Technologist,Accepted,Not rejected,89.0,False,False
SP104893,2025-07-29,50-59,Male,Emergency,Blood,LFT,Afternoon,Clinical Officer,Accepted,Not rejected,41.0,False,False
SP104940,2025-10-25,20-29,Female,Inpatient,Blood,Glucose,Morning,Clinical Officer,Accepted,Not rejected,80.0,False,False
SP102916,2025-11-16,30-39,Male,Outpatient,Urine,Urinalysis,Afternoon,Laboratory Technologist,Accepted,Not rejected,139.0,False,False
SP104261,2025-03-27,0-9,Male,ICU,Blood,CBC,Afternoon,Phlebotomist,Accepted,Not rejected,48.0,False,False
SP100937,2025-04-28,0-9,Male,Outpatient,Blood,Urea,Afternoon,Laboratory Technologist,Accepted,Not rejected,69.0,False,False
SP101935,2025-08-17,30-39,Male,Outpatient,Urine,Urine Culture,Morning,Nurse,Accepted,Not rejected,69.0,False,False
SP100942,2025-05-28,30-39,Female,Emergency,Stool,Culture,Night,Nurse,Accepted,Not rejected,31.0,False,False
SP104793,2025-01-03,10-19,Male,Outpatient,Urine,Urinalysis,Afternoon,Phlebotomist,Accepted,Not rejected,81.0,False,False
SP101302,2025-03-04,60+,Male,ICU,Blood,Glucose,Afternoon,Clinical Officer,Rejected,Delayed transport,39.0,False,False
SP104150,2025-04-20,20-29,Male,Emergency,Blood,LFT,Morning,Phlebotomist,Accepted,Not rejected,81.0,False,False
SP100903,2025-02-18,50-59,Male,ICU,Urine,Urine Culture,Afternoon,Nurse,Accepted,Not rejected,83.0,False,False
SP102636,2025-11-20,30-39,Female,Maternity,Urine,Urinalysis,Morning,Laboratory Technologist,Accepted,Not rejected,87.0,False,False
SP100272,2025-04-18,20-29,Female,Emergency,Blood,CBC,Afternoon,Nurse,Rejected,Leaking container,78.0,False,False
SP103718,2025-12-28,0-9,Male,Emergency,Urine,Urinalysis,Morning,Nurse,Accepted,Not rejected,110.0,False,False
SP100718,2025-09-10,50-59,Female,Maternity,Swab,Wound Culture,Night,Phlebotomist,Accepted,Not rejected,26.0,False,False
SP103073,2025-06-03,40-49,Male,Inpatient,Sputum,Culture,Morning,Nurse,Accepted,Not rejected,94.0,False,False
SP100279,2025-05-19,60+,Female,Inpatient,Urine,Urinalysis,Morning,Phlebotomist,Accepted,Not rejected,102.0,False,False
SP102138,2025-08-10,10-19,Male,Inpatient,Sputum,AFB,Morning,Nurse,Accepted,Not rejected,81.0,False,False
SP103984,2025-07-24,0-9,Female,Outpatient,Blood,CBC,Morning,Clinical Officer,Accepted,Not rejected,91.0,False,False
SP103672,2025-06-26,10-19,Female,Inpatient,Blood,CBC,Night,Clinical Officer,Accepted,Not rejected,48.0,False,False
SP101633,2025-04-21,50-59,Male,Outpatient,Stool,Culture,Morning,Phlebotomist,Accepted,Not rejected,36.0,False,False
SP102011,2025-08-08,50-59,Female,Outpatient,Urine,Urine Culture,Morning,Clinical Officer,Accepted,Not rejected,61.0,False,False
SP102820,2025-03-24,20-29,Female,Maternity,Blood,Urea,Afternoon,Nurse,Accepted,Not rejected,60.0,False,False
SP104839,2025-07-04,0-9,Female,Maternity,Urine,Urinalysis,Morning,Phlebotomist,Rejected,Hemolysis,84.0,False,False
SP100482,2025-11-07,40-49,Female,Inpatient,Sputum,AFB,Night,Nurse,Accepted,Not rejected,73.0,False,False
SP102673,2025-02-19,20-29,Male,Emergency,Sputum,Gram Stain,Afternoon,Clinical Officer,Accepted,Not rejected,46.0,False,False
SP100566,2025-02-01,50-59,Female,Emergency,Blood,Urea,Afternoon,Nurse,Accepted,Not rejected,88.0,False,False
SP103492,2025-07-21,20-29,Female,Outpatient,Blood,LFT,Morning,Laboratory Technologist,Accepted,Not rejected,126.0,False,False
SP100284,2025-08-11,10-19,Female,Outpatient,Sputum,Gram Stain,Morning,Laboratory Technologist,Accepted,Not rejected,87.0,False,False
SP103477,2025-11-07,20-29,Female,ICU,Swab,Throat Culture,Morning,Clinical Officer,Accepted,Not rejected,73.0,False,False
SP101912,2025-10-01,0-9,Female,Outpatient,Blood,Glucose,Night,Clinical Officer,Accepted,Not rejected,78.0,False,False
SP104181,2025-12-05,20-29,Female,Outpatient,Urine,Urine Culture,Night,Nurse,Accepted,Not rejected,76.0,False,False
SP103544,2025-02-25,40-49,Male,Inpatient,Urine,Urinalysis,Night,Nurse,Accepted,Not rejected,85.0,False,False
SP104405,2025-05-31,0-9,Female,Emergency,Swab,Throat Culture,Afternoon,Nurse,Accepted,Not rejected,67.0,False,False
SP104973,2025-02-20,20-29,Male,Outpatient,Swab,Throat Culture,Afternoon,Phlebotomist,Rejected,Insufficient volume,75.0,False,False
SP101349,2025-10-12,10-19,Male,Emergency,Swab,Wound Culture,Morning,Phlebotomist,Accepted,Not rejected,101.0,False,False
SP100228,2025-07-28,40-49,Male,Inpatient,Blood,Glucose,Afternoon,Clinical Officer,Accepted,Not rejected,60.0,False,False
SP100666,2025-07-10,50-59,Female,Inpatient,Stool,Stool O&P,Morning,Laboratory Technologist,Accepted,Not rejected,83.0,False,False
SP104294,2025-06-09,10-19,Male,Outpatient,Stool,Culture,Morning,Laboratory Technologist,Accepted,Not rejected,133.0,False,False
SP104561,2025-10-01,30-39,Female,Emergency,CSF,CSF Analysis,Morning,Clinical Officer,Accepted,Not rejected,90.0,False,False
SP103772,2025-07-25,50-59,Male,Outpatient,Blood,Urea,Morning,Clinical Officer,Accepted,Not rejected,94.0,False,False
SP104357,2025-09-11,10-19,Male,Maternity,Blood,Creatinine,Morning,Clinical Officer,Accepted,Not rejected,80.0,True,False
SP103565,2025-07-21,60+,Female,Maternity,Urine,Urine Culture,Morning,Nurse,Accepted,Not rejected,76.0,False,False
SP101961,2025-09-25,50-59,Male,Maternity,Stool,Stool O&P,Morning,Nurse,Accepted,Not rejected,113.0,True,False
SP100784,2025-04-06,10-19,Male,Pediatrics,Blood,CBC,Morning,Phlebotomist,Accepted,Not rejected,117.0,False,False
SP103671,2025-02-21,40-49,Male,Emergency,Blood,Creatinine,Morning,Nurse,Accepted,Not rejected,74.0,False,False
SP100287,2025-03-05,10-19,Male,Inpatient,Blood,Glucose,Morning,Nurse,Accepted,Not rejected,28.0,False,False
SP102443,2025-09-18,0-9,Female,Emergency,Sputum,Culture,Morning,Nurse,Accepted,Not rejected,40.0,False,False
SP102383,2025-01-02,20-29,Male,Pediatrics,Swab,Throat Culture,Afternoon,Laboratory Technologist,Rejected,Clotted specimen,104.0,False,True
SP101845,2025-07-30,20-29,Female,Outpatient,Urine,Urine Culture,Afternoon,Laboratory Technologist,Accepted,Not rejected,45.0,False,False
SP102461,2025-04-15,40-49,Male,ICU,Sputum,Gram Stain,Afternoon,Clinical Officer,Accepted,Not rejected,94.0,False,False
SP100314,2025-03-05,50-59,Female,Emergency,Urine,Urinalysis,Afternoon,Clinical Officer,Accepted,Not rejected,52.0,False,False
SP102417,2025-11-02,20-29,Male,Inpatient,Blood,CBC,Night,Phlebotomist,Accepted,Not rejected,76.0,False,False
SP103676,2025-10-05,30-39,Male,Pediatrics,Urine,Urine Culture,Afternoon,Clinical Officer,Accepted,Not rejected,114.0,False,True
SP104618,2025-09-04,10-19,Female,Unknown,Blood,Creatinine,Morning,Nurse,Accepted,Not rejected,88.0,False,False
SP102235,2025-08-04,0-9,Female,Outpatient,CSF,Culture,Afternoon,Clinical Officer,Accepted,Not rejected,107.0,False,False
SP100307,2025-05-20,50-59,Male,Inpatient,Urine,Urinalysis,Morning,Nurse,Accepted,Not rejected,60.0,False,False
SP100116,2025-02-14,40-49,Female,Maternity,Blood,Urea,Afternoon,Nurse,Accepted,Not rejected,43.0,False,False
SP101566,2025-07-09,50-59,Female,Maternity,Stool,Stool O&P,Afternoon,Laboratory Technologist,Accepted,Not rejected,65.0,False,False
SP100540,2025-09-28,40-49,Male,ICU,Swab,Throat Culture,Night,Nurse,Accepted,Not rejected,65.0,False,False
SP103890,2025-01-14,60+,Male,Emergency,Swab,Wound Culture,Afternoon,Clinical Officer,Accepted,Not rejected,51.0,False,False
SP102199,2025-12-25,30-39,Male,Outpatient,Blood,LFT,Afternoon,Nurse,Accepted,Not rejected,153.0,False,False
SP102099,2025-12-18,60+,Female,Maternity,Sputum,Gram Stain,Afternoon,Clinical Officer,Accepted,Not rejected,73.0,False,False
SP100573,2025-08-16,30-39,Male,Pediatrics,Blood,Creatinine,Afternoon,Laboratory Technologist,Accepted,Not rejected,48.0,False,True
SP101273,2025-08-03,60+,Male,Outpatient,Blood,Urea,Morning,Nurse,Accepted,Not rejected,88.0,False,False
SP103363,2025-06-07,30-39,Male,ICU,Blood,CBC,Afternoon,Nurse,Accepted,Not rejected,120.0,False,False
SP100393,2025-05-05,10-19,Male,Emergency,Blood,Creatinine,Night,Clinical Officer,Accepted,Not rejected,49.0,False,False
SP100473,2025-01-29,50-59,Female,Outpatient,Urine,Urinalysis,Afternoon,Nurse,Accepted,Not rejected,81.0,False,False
SP100265,2025-11-05,0-9,Female,Emergency,Urine,Urine Culture,Morning,Clinical Officer,Accepted,Not rejected,95.0,False,False
SP103133,2025-09-08,60+,Male,Maternity,Blood,Creatinine,Morning,Nurse,Accepted,Not rejected,50.0,True,False
SP101406,2025-04-03,0-9,Male,Inpatient,Blood,Creatinine,Afternoon,Nurse,Accepted,Not rejected,93.0,False,False
SP103484,2025-12-05,0-9,Female,Inpatient,Blood,CBC,Afternoon,Nurse,Accepted,Not rejected,70.0,False,False
SP104990,2025-12-05,10-19,Female,Pediatrics,CSF,Culture,Morning,Clinical Officer,Accepted,Not rejected,62.0,False,False
SP104066,2025-07-05,30-39,Female,Outpatient,Stool,Culture,Afternoon,Phlebotomist,Accepted,Not rejected,,False,False
SP103338,2025-11-05,10-19,Male,Pediatrics,Sputum,Culture,Morning,Phlebotomist,Accepted,Not rejected,96.0,False,False
SP103668,2025-10-29,30-39,Male,Emergency,Blood,LFT,Night,Clinical Officer,Accepted,Not rejected,75.0,False,False
SP104615,2025-10-28,50-59,Female,Outpatient,Swab,Wound Culture,Morning,Phlebotomist,Accepted,Not rejected,72.0,False,False
SP104006,2025-03-30,50-59,Female,Outpatient,Swab,Throat Culture,Afternoon,Phlebotomist,Accepted,Not rejected,74.0,False,False
SP104703,2025-06-28,50-59,Female,Emergency,Urine,Urine Culture,Afternoon,Nurse,Accepted,Not rejected,74.0,False,False
SP100988,2025-01-16,40-49,Female,Outpatient,Sputum,Culture,Night,Phlebotomist,Rejected,Wrong container,73.0,False,False
SP100161,2025-07-12,0-9,Female,ICU,Blood,Urea,Morning,Nurse,Accepted,Not rejected,72.0,False,False
SP102283,2025-07-02,0-9,Male,Maternity,Urine,Urinalysis,Afternoon,Laboratory Technologist,Rejected,Clotted specimen,78.0,True,False
SP101764,2025-01-14,60+,Female,ICU,Urine,Urinalysis,Morning,Nurse,Accepted,Not rejected,89.0,False,False
SP101836,2025-03-10,40-49,Male,Outpatient,Urine,Urinalysis,Night,Phlebotomist,Accepted,Not rejected,56.0,False,False
SP103919,2025-11-08,10-19,Male,Inpatient,Urine,Urinalysis,Afternoon,Clinical Officer,Accepted,Not rejected,86.0,False,False
SP103662,2025-05-04,40-49,Male,Inpatient,Blood,CBC,Morning,Laboratory Technologist,Rejected,Mislabeling,106.0,False,False
SP102726,2025-08-12,0-9,Female,Outpatient,Blood,LFT,Afternoon,Nurse,Accepted,Not rejected,113.0,False,False
SP102200,2025-07-08,30-39,Female,Outpatient,Urine,Urine Culture,Afternoon,Nurse,Accepted,Not rejected,72.0,False,False
SP102454,2025-02-18,30-39,Male,Emergency,Blood,LFT,Night,Nurse,Accepted,Not rejected,109.0,False,False
SP104381,2025-05-31,10-19,Female,ICU,Blood,LFT,Morning,Clinical Officer,Accepted,Not rejected,85.0,False,False
SP104434,2025-08-08,60+,Male,Inpatient,Blood,CBC,Morning,Nurse,Accepted,Not rejected,60.0,False,False
SP102924,2025-08-16,0-9,Male,Outpatient,Urine,Urine Culture,Afternoon,Nurse,Accepted,Not rejected,85.0,False,False
SP100706,2025-11-09,10-19,Female,Pediatrics,Sputum,Gram Stain,Afternoon,Nurse,Accepted,Not rejected,85.0,False,False
SP100670,2025-02-28,0-9,Male,Outpatient,Sputum,Gram Stain,Morning,Nurse,Accepted,Not rejected,36.0,False,False
SP102732,2025-05-23,30-39,Male,Inpatient,Swab,Wound Culture,Morning,Nurse,Accepted,Not rejected,89.0,False,False
SP100791,2025-08-12,20-29,Male,Outpatient,Swab,Throat Culture,Afternoon,Clinical Officer,Accepted,Not rejected,75.0,False,False
SP101598,2025-12-28,0-9,Male,Inpatient,Sputum,Culture,Night,Laboratory Technologist,Accepted,Not rejected,108.0,False,False
SP100418,2025-07-05,0-9,Male,Pediatrics,Urine,Urinalysis,Morning,Clinical Officer,Accepted,Not rejected,78.0,False,False
SP102715,2025-03-24,0-9,Male,ICU,Blood,Urea,Night,Nurse,Accepted,Not rejected,25.0,False,False
SP103359,2025-01-09,0-9,Female,Emergency,Blood,LFT,Afternoon,Phlebotomist,Accepted,Not rejected,53.0,False,False
SP101429,2025-11-29,30-39,Female,Outpatient,Blood,CBC,Night,Nurse,Rejected,Leaking container,81.0,False,False
SP102511,2025-01-16,20-29,Male,Outpatient,Blood,Urea,Morning,Clinical Officer,Accepted,Not rejected,95.0,False,False
SP100053,2025-10-27,50-59,Female,Pediatrics,Blood,LFT,Morning,Clinical Officer,Accepted,Not rejected,102.0,False,True
SP102617,2025-10-08,40-49,Female,Emergency,Blood,Urea,Afternoon,Nurse,Accepted,Not rejected,57.0,False,False
SP104688,2025-08-25,40-49,Female,Pediatrics,Urine,Urinalysis,Morning,Nurse,Accepted,Not rejected,77.0,False,True
SP103200,2025-06-16,20-29,Female,Outpatient,Urine,Urine Culture,Morning,Phlebotomist,Accepted,Not rejected,79.0,False,False
SP100428,2025-12-28,0-9,Male,ICU,Stool,Stool O&P,Afternoon,Nurse,Accepted,Not rejected,50.0,False,False
SP101284,2025-02-15,10-19,Female,Emergency,Urine,Urine Culture,Afternoon,Phlebotomist,Accepted,Not rejected,85.0,False,False
SP102706,2025-07-10,50-59,Male,Outpatient,Urine,Urinalysis,Night,Clinical Officer,Accepted,Not rejected,97.0,False,False
SP100660,2025-02-23,20-29,Male,Outpatient,Blood,Glucose,Afternoon,Clinical Officer,Accepted,Not rejected,63.0,False,False
SP104674,2025-03-04,40-49,Female,Maternity,Blood,LFT,Morning,Nurse,Accepted,Not rejected,108.0,False,False
SP101355,2025-08-12,20-29,Female,Emergency,Blood,Glucose,Night,Laboratory Technologist,Accepted,Not rejected,85.0,False,False
SP102671,2025-01-23,30-39,Male,Emergency,Blood,LFT,Morning,Clinical Officer,Accepted,Not rejected,61.0,False,False
SP101779,2025-06-07,50-59,Male,Inpatient,Stool,Culture,Morning,Phlebotomist,Accepted,Not rejected,81.0,False,False
SP101015,2025-12-05,30-39,Male,ICU,Blood,CBC,Afternoon,Nurse,Accepted,Not rejected,82.0,False,False
SP101103,2025-05-24,10-19,Male,Maternity,Blood,CBC,Afternoon,Clinical Officer,Accepted,Not rejected,60.0,True,False
SP100633,2025-05-08,0-9,Female,Maternity,Urine,Urinalysis,Afternoon,Nurse,Accepted,Not rejected,62.0,False,False
SP104823,2025-02-11,10-19,Male,ICU,Urine,Urinalysis,Afternoon,Phlebotomist,Accepted,Not rejected,99.0,False,False
SP101298,2025-05-15,40-49,Male,Pediatrics,Blood,Urea,Morning,Nurse,Accepted,Not rejected,43.0,False,True
SP102314,2025-11-14,20-29,Male,Emergency,Urine,Urine Culture,Morning,Phlebotomist,Accepted,Not rejected,75.0,False,False
SP104396,2025-03-29,0-9,Female,Emergency,Stool,Stool O&P,Morning,Nurse,Accepted,Not rejected,16.0,False,False
SP103667,2025-10-29,30-39,Male,Inpatient,Blood,LFT,Night,Laboratory Technologist,Accepted,Not rejected,79.0,False,False
SP101185,2025-09-15,30-39,Male,Pediatrics,Blood,CBC,Morning,Phlebotomist,Accepted,Not rejected,82.0,False,True
SP102327,2025-11-14,50-59,Female,Emergency,Urine,Urinalysis,Morning,Laboratory Technologist,Accepted,Not rejected,94.0,False,False
SP100146,2025-12-18,50-59,Male,ICU,Urine,Urinalysis,Afternoon,Nurse,Accepted,Not rejected,75.0,False,False
SP100996,2025-07-26,40-49,Male,Pediatrics,Sputum,AFB,Afternoon,Phlebotomist,Accepted,Not rejected,75.0,False,True
SP104877,2025-10-12,40-49,Female,Inpatient,Blood,LFT,Morning,Clinical Officer,Accepted,Not rejected,16.0,False,False
SP103931,2025-10-07,20-29,Female,Inpatient,Blood,Glucose,Afternoon,Nurse,Accepted,Not rejected,33.0,False,False
SP100315,2025-01-18,50-59,Male,Outpatient,Blood,Urea,Afternoon,Phlebotomist,Accepted,Not rejected,74.0,False,False
SP103053,2025-07-26,0-9,Female,Emergency,Blood,CBC,Morning,Phlebotomist,Accepted,Not rejected,55.0,False,False
SP102388,2025-04-04,20-29,Female,Pediatrics,Urine,Urine Culture,Morning,Phlebotomist,Accepted,Not rejected,86.0,False,True
SP101172,2025-05-07,10-19,Male,Outpatient,Sputum,Gram Stain,Afternoon,Phlebotomist,Accepted,Not rejected,75.0,False,False
SP100515,2025-01-14,30-39,Male,Outpatient,Blood,Creatinine,Afternoon,Phlebotomist,Rejected,Mislabeling,81.0,False,False
SP101664,2025-03-30,60+,Male,Outpatient,Blood,LFT,Morning,Laboratory Technologist,Accepted,Not rejected,75.0,False,False
SP102538,2025-09-12,60+,Female,Pediatrics,Blood,LFT,Night,Clinical Officer,Accepted,Not rejected,95.0,False,True
SP104977,2025-11-04,50-59,Female,Outpatient,Blood,Glucose,Morning,Clinical Officer,Accepted,Not rejected,45.0,False,False
SP101209,2025-02-18,20-29,Female,Maternity,Stool,Culture,Afternoon,Laboratory Technologist,Accepted,Not rejected,79.0,False,False
SP101752,2025-12-10,20-29,Female,Outpatient,Urine,Urinalysis,Morning,Phlebotomist,Accepted,Not rejected,33.0,False,False
SP103180,2025-04-17,40-49,Female,Inpatient,Blood,CBC,Morning,Clinical Officer,Accepted,Not rejected,49.0,False,False
SP103864,2025-04-06,40-49,Male,Pediatrics,Blood,LFT,Afternoon,Phlebotomist,Accepted,Not rejected,78.0,False,True
SP103699,2025-05-29,20-29,Female,Pediatrics,Blood,LFT,Morning,Nurse,Accepted,Not rejected,83.0,False,True
SP102651,2025-10-08,60+,Male,ICU,Stool,Culture,Night,Nurse,Accepted,Not rejected,87.0,False,False
SP100068,2025-03-31,30-39,Male,Outpatient,Blood,Urea,Afternoon,Phlebotomist,Accepted,Not rejected,51.0,False,False
SP104183,2025-09-29,30-39,Male,Outpatient,Blood,Creatinine,Morning,Laboratory Technologist,Accepted,Not rejected,114.0,False,False
SP101810,2025-12-25,40-49,Female,Outpatient,Sputum,Gram Stain,Afternoon,Phlebotomist,Accepted,Not rejected,66.0,False,False
SP101591,2025-06-22,0-9,Female,Emergency,Urine,Urinalysis,Night,Clinical Officer,Accepted,Not rejected,77.0,False,False
SP100649,2025-09-15,50-59,Female,Inpatient,Swab,Throat Culture,Morning,Clinical Officer,Accepted,Not rejected,116.0,False,False
SP103635,2025-06-24,50-59,Female,Outpatient,Blood,Glucose,Night,Nurse,Accepted,Not rejected,111.0,False,False
SP101019,2025-07-29,50-59,Female,Emergency,Urine,Urinalysis,Morning,Nurse,Accepted,Not rejected,62.0,False,False
SP104088,2025-04-28,50-59,Female,Outpatient,Urine,Urinalysis,Afternoon,Nurse,Accepted,Not rejected,88.0,False,False
SP102362,2025-06-04,50-59,Female,Emergency,CSF,Culture,Morning,Nurse,Accepted,Not rejected,98.0,False,False
SP101732,2025-06-27,10-19,Female,Outpatient,Swab,Throat Culture,Night,Phlebotomist,Accepted,Not rejected,91.0,False,False
SP104905,2025-10-31,40-49,Female,Emergency,Blood,CBC,Afternoon,Nurse,Accepted,Not rejected,106.0,False,False
SP101693,2025-10-12,40-49,Male,Outpatient,Sputum,AFB,Afternoon,Clinical Officer,Accepted,Not rejected,76.0,False,False
SP100507,2025-10-07,30-39,Female,Emergency,Swab,Wound Culture,Afternoon,Nurse,Rejected,Leaking container,58.0,False,False
SP101435,2025-07-09,30-39,Male,Maternity,Urine,Urine Culture,Night,Nurse,Accepted,Not rejected,61.0,True,False
SP101012,2025-07-21,40-49,Male,Outpatient,Swab,Throat Culture,Morning,Nurse,Accepted,Not rejected,114.0,False,False
SP101241,2025-12-24,20-29,Male,Outpatient,Blood,Glucose,Morning,Nurse,Accepted,Not rejected,33.0,False,False
SP104453,2025-05-08,0-9,Male,Pediatrics,Blood,LFT,Morning,Phlebotomist,Rejected,Wrong container,78.0,False,False
SP101541,2025-04-19,20-29,Female,Inpatient,Blood,CBC,Morning,Nurse,Accepted,Not rejected,69.0,False,False
SP102302,2025-04-08,60+,Female,Outpatient,Blood,LFT,Afternoon,Phlebotomist,Accepted,Not rejected,53.0,False,False
SP103269,2025-03-01,30-39,Male,Inpatient,Urine,Urinalysis,Afternoon,Phlebotomist,Accepted,Not rejected,75.0,False,False
SP103007,2025-05-11,30-39,Female,Inpatient,Urine,Urinalysis,Night,Nurse,Accepted,Not rejected,42.0,False,False
SP102322,2025-06-29,60+,Male,Outpatient,CSF,CSF Analysis,Afternoon,Clinical Officer,Accepted,Not rejected,72.0,False,False
SP103883,2025-03-21,0-9,Male,Maternity,Urine,Urinalysis,Morning,Laboratory Technologist,Accepted,Not rejected,37.0,True,False
SP103765,2025-08-15,60+,Female,Emergency,Blood,Creatinine,Afternoon,Laboratory Technologist,Rejected,Mislabeling,80.0,False,False
SP102486,2025-11-05,10-19,Male,Emergency,Blood,LFT,Morning,Clinical Officer,Rejected,Clotted specimen,97.0,False,False
SP104849,2025-12-24,Unknown,Male,ICU,Blood,LFT,Morning,Nurse,Accepted,Not rejected,109.0,False,False
SP100548,2025-03-25,30-39,Female,Inpatient,Blood,Glucose,Morning,Nurse,Accepted,Not rejected,77.0,False,False
SP100794,2025-06-16,10-19,Male,Outpatient,Blood,Creatinine,Afternoon,Unknown,Accepted,Not rejected,53.0,False,False
SP101630,2025-08-29,10-19,Female,Maternity,Blood,CBC,Afternoon,Nurse,Accepted,Not rejected,60.0,False,False
SP103070,2025-01-30,0-9,Male,Outpatient,Swab,Wound Culture,Night,Nurse,Accepted,Not rejected,25.0,False,False
SP101231,2025-10-17,30-39,Female,Outpatient,Urine,Urine Culture,Morning,Laboratory Technologist,Rejected,Clotted specimen,73.0,False,False
SP103215,2025-06-09,40-49,Female,Outpatient,Blood,LFT,Morning,Phlebotomist,Accepted,Not rejected,80.0,False,False
SP103786,2025-12-06,50-59,Female,Outpatient,Blood,LFT,Morning,Phlebotomist,Accepted,Not rejected,114.0,False,False
SP100184,2025-12-25,40-49,Male,Emergency,Blood,Urea,Morning,Clinical Officer,Accepted,Not rejected,67.0,False,False
SP102065,2025-09-07,20-29,Male,Pediatrics,CSF,Culture,Morning,Clinical Officer,Accepted,Not rejected,113.0,False,True
SP101801,2025-04-19,40-49,Female,Emergency,Urine,Urinalysis,Afternoon,Nurse,Accepted,Not rejected,110.0,False,False
SP101195,2025-07-28,40-49,Male,Pediatrics,Stool,Culture,Morning,Nurse,Rejected,Delayed transport,101.0,False,True
SP101576,2025-03-28,10-19,Female,ICU,Sputum,AFB,Afternoon,Nurse,Accepted,Not rejected,111.0,False,False
SP104927,2025-05-25,0-9,Male,Pediatrics,Sputum,Culture,Night,Laboratory Technologist,Rejected,Hemolysis,93.0,False,False
SP102368,2025-01-05,40-49,Female,Inpatient,Blood,CBC,Afternoon,Phlebotomist,Accepted,Not rejected,69.0,False,False
SP101716,2025-02-17,10-19,Male,Inpatient,Blood,Creatinine,Night,Clinical Officer,Accepted,Not rejected,62.0,False,False
SP100668,2025-06-09,10-19,Male,Maternity,Blood,Urea,Morning,Nurse,Accepted,Not rejected,50.0,True,False
SP101485,2025-02-07,0-9,Male,Maternity,Blood,CBC,Morning,Laboratory Technologist,Accepted,Not rejected,55.0,True,False
SP104355,2025-08-07,40-49,Male,Maternity,Blood,Glucose,Morning,Clinical Officer,Accepted,Not rejected,82.0,True,False
SP100044,2025-06-29,60+,Female,Inpatient,Urine,Urine Culture,Afternoon,Clinical Officer,Accepted,Not rejected,60.0,False,False
SP104909,2025-05-21,20-29,Female,Pediatrics,Urine,Urine Culture,Morning,Nurse,Accepted,Not rejected,114.0,False,True
SP100875,2025-08-02,60+,Male,Outpatient,Urine,Urine Culture,Morning,Clinical Officer,Accepted,Not rejected,69.0,False,False
SP102078,2025-07-11,30-39,Male,Emergency,Blood,CBC,Afternoon,Phlebotomist,Accepted,Not rejected,127.0,False,False
SP100819,2025-04-22,0-9,Female,Outpatient,Blood,LFT,Afternoon,Nurse,Accepted,Not rejected,90.0,False,False
SP104971,2025-01-21,50-59,Male,Maternity,CSF,CSF Analysis,Afternoon,Nurse,Accepted,Not rejected,71.0,True,False
SP100997,2025-03-04,10-19,Female,Inpatient,CSF,Culture,Afternoon,Nurse,Accepted,Not rejected,37.0,False,False
SP103428,2025-05-04,40-49,Female,Emergency,Sputum,Gram Stain,Afternoon,Laboratory Technologist,Accepted,Not rejected,81.0,False,False
SP101468,2025-08-09,40-49,Female,Outpatient,Urine,Urine Culture,Night,Phlebotomist,Accepted,Not rejected,77.0,False,False
SP102877,2025-05-16,50-59,Female,Maternity,Swab,Throat Culture,Morning,Phlebotomist,Accepted,Not rejected,93.0,False,False
SP101166,2025-08-30,10-19,Female,Pediatrics,Urine,Urine Culture,Afternoon,Clinical Officer,Accepted,Not rejected,96.0,False,False
SP104496,2025-04-20,30-39,Female,Maternity,Blood,LFT,Morning,Nurse,Accepted,Not rejected,60.0,False,False
SP102831,2025-01-06,60+,Female,Outpatient,Blood,LFT,Afternoon,Nurse,Accepted,Not rejected,100.0,False,False
SP102685,2025-06-28,50-59,Female,Pediatrics,Urine,Urinalysis,Afternoon,Phlebotomist,Accepted,Not rejected,94.0,False,True
SP102604,2025-07-06,20-29,Male,Emergency,Swab,Throat Culture,Afternoon,Phlebotomist,Accepted,Not rejected,76.0,False,False
SP103014,2025-12-21,50-59,Male,Inpatient,Swab,Throat Culture,Afternoon,Clinical Officer,Accepted,Not rejected,59.0,False,False
SP101871,2025-05-06,50-59,Female,Outpatient,Urine,Urinalysis,Morning,Phlebotomist,Accepted,Not rejected,96.0,False,False
SP102756,2025-08-12,20-29,Male,Emergency,CSF,Culture,Afternoon,Nurse,Accepted,Not rejected,82.0,False,False
SP103653,2025-02-20,30-39,Female,Outpatient,Blood,Glucose,Night,Laboratory Technologist,Accepted,Not rejected,60.0,False,False
SP102320,2025-01-15,30-39,Male,Pediatrics,Blood,CBC,Afternoon,Phlebotomist,Accepted,Not rejected,108.0,False,True
SP103680,2025-04-01,20-29,Male,Emergency,Urine,Urine Culture,Afternoon,Phlebotomist,Accepted,Not rejected,44.0,False,False
SP101006,2025-09-23,60+,Female,Emergency,Urine,Urinalysis,Morning,Nurse,Accepted,Not rejected,102.0,False,False
SP102725,2025-01-30,20-29,Female,Maternity,Swab,Wound Culture,Morning,Nurse,Accepted,Not rejected,70.0,False,False
SP101264,2025-05-24,40-49,Male,Outpatient,Blood,CBC,Night,Nurse,Rejected,Insufficient volume,68.0,False,False
SP104697,2025-01-22,20-29,Male,Outpatient,Blood,CBC,Night,Clinical Officer,Accepted,Not rejected,94.0,False,False
SP104299,2025-08-02,0-9,Male,Pediatrics,Sputum,Gram Stain,Morning,Nurse,Accepted,Not rejected,44.0,False,False
SP100054,2025-06-13,50-59,Female,Outpatient,Blood,Creatinine,Morning,Phlebotomist,Accepted,Not rejected,54.0,False,False
SP100956,2025-04-06,30-39,Male,Inpatient,Blood,Urea,Morning,Clinical Officer,Accepted,Not rejected,61.0,False,False
SP101688,2025-06-27,60+,Female,Pediatrics,Blood,Glucose,Morning,Nurse,Accepted,Not rejected,44.0,False,True
SP101761,2025-07-28,50-59,Male,Pediatrics,Swab,Wound Culture,Afternoon,Nurse,Accepted,Not rejected,100.0,False,True
SP101348,2025-02-23,30-39,Male,Outpatient,Blood,LFT,Afternoon,Laboratory Technologist,Accepted,Not rejected,71.0,False,False
SP102557,2025-09-01,0-9,Female,ICU,Swab,Throat Culture,Night,Nurse,Accepted,Not rejected,55.0,False,False
SP103124,2025-08-16,50-59,Female,Outpatient,Blood,Urea,Morning,Clinical Officer,Accepted,Not rejected,80.0,False,False
SP100899,2025-05-11,60+,Female,Outpatient,Swab,Throat Culture,Afternoon,Phlebotomist,Accepted,Not rejected,104.0,False,False
SP104147,2025-05-31,10-19,Male,Emergency,Urine,Urine Culture,Morning,Phlebotomist,Rejected,Wrong container,82.0,False,False
SP102967,2025-06-27,0-9,Male,Emergency,CSF,CSF Analysis,Afternoon,Clinical Officer,Accepted,Not rejected,65.0,False,False
SP104636,2025-09-11,20-29,Male,Outpatient,Sputum,Gram Stain,Afternoon,Nurse,Accepted,Not rejected,105.0,False,False
SP101948,2025-10-30,50-59,Male,Outpatient,Urine,Urinalysis,Night,Laboratory Technologist,Accepted,Not rejected,108.0,False,False
SP101928,2025-11-07,30-39,Male,Emergency,Blood,Urea,Night,Nurse,Accepted,Not rejected,61.0,False,False
SP101492,2025-08-17,40-49,Male,Inpatient,Swab,Wound Culture,Morning,Phlebotomist,Accepted,Not rejected,79.0,False,False
SP102144,2025-07-17,60+,Male,Emergency,Blood,Urea,Afternoon,Nurse,Accepted,Not rejected,61.0,False,False
SP103334,2025-01-26,10-19,Male,Maternity,Blood,Glucose,Afternoon,Clinical Officer,Accepted,Not rejected,59.0,True,False
SP103804,2025-01-31,0-9,Female,Pediatrics,Blood,Glucose,Afternoon,Nurse,Accepted,Not rejected,74.0,False,False
SP102945,2025-10-21,50-59,Male,Pediatrics,Urine,Urinalysis,Afternoon,Nurse,Accepted,Not rejected,90.0,False,True
SP104859,2025-05-14,40-49,Female,Pediatrics,Urine,Urine Culture,Morning,Nurse,Accepted,Not rejected,119.0,False,True
SP104058,2025-03-28,60+,Female,Inpatient,CSF,CSF Analysis,Afternoon,Nurse,Accepted,Not rejected,59.0,False,False
SP102149,2025-07-18,10-19,Male,Pediatrics,Urine,Urinalysis,Afternoon,Unknown,Accepted,Not rejected,60.0,False,False
SP102583,2025-04-29,30-39,Female,Pediatrics,Swab,Wound Culture,Morning,Nurse,Accepted,Not rejected,66.0,False,True
SP100826,2025-10-16,50-59,Female,Inpatient,Urine,Urine Culture,Night,Nurse,Accepted,Not rejected,96.0,False,False
SP100439,2025-11-20,50-59,Female,Outpatient,Urine,Urine Culture,Morning,Laboratory Technologist,Accepted,Not rejected,42.0,False,False
SP100550,2025-02-25,20-29,Male,Emergency,Urine,Urinalysis,Night,Nurse,Rejected,Wrong container,63.0,False,False
SP102220,2025-02-09,50-59,Female,Inpatient,Urine,Urinalysis,Afternoon,Laboratory Technologist,Accepted,Not rejected,73.0,False,False
SP100624,2025-07-25,0-9,Male,Outpatient,CSF,CSF Analysis,Afternoon,Phlebotomist,Accepted,Not rejected,31.0,False,False
SP102222,2025-10-09,30-39,Male,Inpatient,Blood,Glucose,Morning,Phlebotomist,Accepted,Not rejected,60.0,False,False
SP104761,2025-05-21,10-19,Male,ICU,Blood,Glucose,Night,Nurse,Accepted,Not rejected,78.0,False,False
SP104739,2025-10-15,40-49,Male,Inpatient,Urine,Urinalysis,Afternoon,Phlebotomist,Accepted,Not rejected,105.0,False,False
SP100310,2025-09-19,30-39,Female,Maternity,Blood,Creatinine,Afternoon,Nurse,Accepted,Not rejected,95.0,False,False
SP102105,2025-12-24,20-29,Male,Maternity,Urine,Urinalysis,Night,Laboratory Technologist,Accepted,Not rejected,89.0,True,False
SP102414,2025-04-20,10-19,Female,ICU,Swab,Throat Culture,Morning,Nurse,Rejected,Insufficient volume,95.0,False,False
SP104236,2025-05-22,10-19,Male,Outpatient,Stool,Stool O&P,Morning,Phlebotomist,Rejected,Leaking container,48.0,False,False
SP100871,2025-08-07,10-19,Female,Inpatient,Swab,Wound Culture,Afternoon,Nurse,Accepted,Not rejected,42.0,False,False
SP104030,2025-10-18,50-59,Male,Pediatrics,Stool,Culture,Afternoon,Nurse,Accepted,Not rejected,45.0,False,True
SP104325,2025-10-04,50-59,Male,Pediatrics,Blood,CBC,Night,Clinical Officer,Accepted,Not rejected,54.0,False,True
SP102262,2025-03-07,50-59,Male,Inpatient,Blood,Creatinine,Morning,Phlebotomist,Accepted,Not rejected,62.0,False,False
SP102605,2025-04-25,60+,Male,Inpatient,Blood,Glucose,Night,Nurse,Accepted,Not rejected,20.0,False,False
SP102266,2025-04-28,20-29,Male,Outpatient,Swab,Wound Culture,Morning,Nurse,Accepted,Not rejected,99.0,False,False
SP103679,2025-10-06,30-39,Female,Pediatrics,Sputum,Culture,Afternoon,Clinical Officer,Accepted,Not rejected,70.0,False,True
SP103498,2025-05-25,60+,Female,Pediatrics,Swab,Wound Culture,Afternoon,Nurse,Accepted,Not rejected,49.0,False,True
SP100374,2025-08-05,10-19,Male,Pediatrics,Sputum,AFB,Morning,Nurse,Accepted,Not rejected,12.0,False,False
SP104525,2025-09-05,60+,Female,Emergency,Urine,Urinalysis,Afternoon,Phlebotomist,Accepted,Not rejected,41.0,False,False
SP104537,2025-01-30,50-59,Male,Pediatrics,Blood,Glucose,Morning,Laboratory Technologist,Accepted,Not rejected,57.0,False,True
SP101803,2025-08-07,10-19,Female,Outpatient,Blood,LFT,Afternoon,Nurse,Accepted,Not rejected,95.0,False,False
SP102035,2025-10-05,10-19,Male,Inpatient,Blood,CBC,Afternoon,Phlebotomist,Accepted,Not rejected,98.0,False,False
SP103049,2025-01-06,30-39,Female,Maternity,Swab,Throat Culture,Afternoon,Clinical Officer,Accepted,Not rejected,66.0,False,False
SP101228,2025-01-02,50-59,Female,Pediatrics,Sputum,Culture,Morning,Nurse,Accepted,Not rejected,147.0,False,True
SP101311,2025-05-27,40-49,Male,Pediatrics,Blood,Glucose,Afternoon,Phlebotomist,Accepted,Not rejected,88.0,False,True
SP103681,2025-11-01,60+,Female,Outpatient,Urine,Urinalysis,Morning,Clinical Officer,Rejected,Leaking container,67.0,False,False
SP102544,2025-01-02,20-29,Female,Outpatient,Urine,Urinalysis,Afternoon,Clinical Officer,Accepted,Not rejected,103.0,False,False
SP101108,2025-10-23,30-39,Female,Emergency,Blood,Creatinine,Morning,Nurse,Accepted,Not rejected,58.0,False,False
SP100305,2025-03-08,40-49,Female,Outpatient,Blood,Creatinine,Afternoon,Clinical Officer,Accepted,Not rejected,114.0,False,False
SP102638,2025-04-09,30-39,Female,Pediatrics,Urine,Urinalysis,Morning,Clinical Officer,Accepted,Not rejected,88.0,False,True
SP103423,2025-05-09,60+,Male,Outpatient,Blood,Creatinine,Morning,Nurse,Accepted,Not rejected,72.0,False,False
SP104411,2025-08-29,10-19,Male,Pediatrics,Urine,Urine Culture,Afternoon,Clinical Officer,Rejected,Delayed transport,53.0,False,False
SP104882,2025-03-21,20-29,Female,Inpatient,Blood,CBC,Night,Nurse,Accepted,Not rejected,65.0,False,False
SP102348,2025-04-06,20-29,Female,Maternity,Sputum,AFB,Afternoon,Nurse,Accepted,Not rejected,78.0,False,False
SP103881,2025-02-05,20-29,Female,Emergency,Swab,Wound Culture,Afternoon,Nurse,Accepted,Not rejected,77.0,False,False
SP100947,2025-09-21,40-49,Female,Outpatient,Blood,Urea,Afternoon,Laboratory Technologist,Accepted,Not rejected,66.0,False,False
SP100555,2025-11-14,30-39,Male,Emergency,Urine,Urine Culture,Morning,Clinical Officer,Accepted,Not rejected,71.0,False,False
SP102678,2025-04-29,20-29,Male,Maternity,Urine,Urinalysis,Afternoon,Laboratory Technologist,Accepted,Not rejected,92.0,True,False
SP102813,2025-03-10,40-49,Female,Outpatient,Urine,Urine Culture,Afternoon,Phlebotomist,Rejected,Wrong container,69.0,False,False
SP101709,2025-07-07,60+,Male,Inpatient,Blood,Urea,Night,Nurse,Accepted,Not rejected,61.0,False,False
SP103551,2025-01-18,60+,Male,Pediatrics,Stool,Stool O&P,Night,Nurse,Accepted,Not rejected,56.0,False,True
SP103807,2025-03-19,0-9,Female,Inpatient,Swab,Wound Culture,Afternoon,Laboratory Technologist,Accepted,Not rejected,113.0,False,False
SP101008,2025-06-10,10-19,Female,Inpatient,Swab,Throat Culture,Morning,Clinical Officer,Accepted,Not rejected,83.0,False,False
SP101449,2025-04-22,20-29,Male,Pediatrics,Urine,Urine Culture,Night,Clinical Officer,Accepted,Not rejected,78.0,False,True
SP103578,2025-09-09,60+,Male,Inpatient,CSF,Culture,Morning,Nurse,Accepted,Not rejected,72.0,False,False
SP104750,2025-02-26,40-49,Male,ICU,Blood,CBC,Afternoon,Nurse,Accepted,Not rejected,48.0,False,False
SP100675,2025-05-28,10-19,Male,Maternity,Blood,LFT,Night,Clinical Officer,Accepted,Not rejected,92.0,True,False
SP101436,2025-12-08,20-29,Female,Unknown,Blood,Creatinine,Afternoon,Phlebotomist,Accepted,Not rejected,71.0,False,False
SP103379,2025-03-30,30-39,Female,Emergency,Sputum,Culture,Night,Phlebotomist,Accepted,Not rejected,98.0,False,False
SP100007,2025-06-21,30-39,Female,Emergency,Urine,Urine Culture,Morning,Nurse,Accepted,Not rejected,66.0,False,False
SP101753,2025-07-27,10-19,Female,Outpatient,Swab,Throat Culture,Night,Laboratory Technologist,Accepted,Not rejected,152.0,False,False
SP102496,2025-10-06,0-9,Male,Maternity,Sputum,AFB,Morning,Clinical Officer,Rejected,Hemolysis,103.0,True,False
SP103457,2025-08-20,60+,Female,Inpatient,Urine,Urinalysis,Night,Nurse,Accepted,Not rejected,40.0,False,False
SP103252,2025-07-20,30-39,Male,Outpatient,Blood,LFT,Night,Nurse,Accepted,Not rejected,71.0,False,False
SP102548,2025-05-01,40-49,Female,Emergency,Blood,Creatinine,Morning,Clinical Officer,Accepted,Not rejected,38.0,False,False
SP100807,2025-10-12,50-59,Female,Pediatrics,Blood,Urea,Morning,Phlebotomist,Accepted,Not rejected,69.0,False,True
SP102261,2025-08-26,40-49,Female,Maternity,Blood,Urea,Afternoon,Clinical Officer,Accepted,Not rejected,47.0,False,False
SP103968,2025-05-06,60+,Female,Outpatient,Urine,Urinalysis,Night,Clinical Officer,Accepted,Not rejected,100.0,False,False
SP104463,2025-01-05,30-39,Male,Outpatient,Stool,Stool O&P,Afternoon,Nurse,Accepted,Not rejected,68.0,False,False
SP104231,2025-06-23,20-29,Male,Emergency,Sputum,AFB,Morning,Phlebotomist,Accepted,Not rejected,129.0,False,False
SP102778,2025-04-14,30-39,Female,Maternity,Stool,Culture,Night,Nurse,Accepted,Not rejected,82.0,False,False
SP101549,2025-04-04,40-49,Female,Outpatient,Urine,Urinalysis,Morning,Laboratory Technologist,Rejected,Delayed transport,119.0,False,False
SP102833,2025-03-06,30-39,Female,Inpatient,Blood,LFT,Morning,Nurse,Accepted,Not rejected,55.0,False,False
SP103109,2025-08-07,50-59,Male,Pediatrics,Blood,Urea,Afternoon,Nurse,Accepted,Not rejected,85.0,False,True
SP104303,2025-04-15,0-9,Male,Emergency,Blood,LFT,Night,Clinical Officer,Accepted,Not rejected,94.0,False,False
SP103985,2025-04-07,10-19,Female,Inpatient,Urine,Urinalysis,Morning,Phlebotomist,Accepted,Not rejected,79.0,False,False
SP100599,2025-05-02,40-49,Female,Emergency,Swab,Wound Culture,Morning,Clinical Officer,Accepted,Not rejected,82.0,False,False
SP100139,2025-02-26,0-9,Male,Outpatient,Stool,Stool O&P,Night,Clinical Officer,Accepted,Not rejected,91.0,False,False
SP103747,2025-08-07,10-19,Female,Inpatient,Blood,LFT,Afternoon,Clinical Officer,Accepted,Not rejected,44.0,False,False
SP102290,2025-04-08,30-39,Female,Outpatient,Blood,Urea,Night,Nurse,Accepted,Not rejected,101.0,False,False
SP101439,2025-10-18,50-59,Female,Outpatient,Blood,CBC,Night,Nurse,Accepted,Not rejected,81.0,False,False
SP103229,2025-06-16,10-19,Female,Pediatrics,CSF,CSF Analysis,Afternoon,Phlebotomist,Accepted,Not rejected,22.0,False,False
SP101538,2025-09-13,10-19,Male,Outpatient,Blood,Creatinine,Afternoon,Clinical Officer,Accepted,Not rejected,82.0,False,False
SP101988,2025-12-01,0-9,Male,Maternity,Swab,Wound Culture,Night,Phlebotomist,Accepted,Not rejected,41.0,True,False
SP104112,2025-10-20,20-29,Male,Outpatient,Blood,Urea,Morning,Phlebotomist,Accepted,Not rejected,39.0,False,False
SP103027,2025-12-12,60+,Female,Outpatient,Swab,Throat Culture,Afternoon,Clinical Officer,Accepted,Not rejected,109.0,False,False
SP103000,2025-01-10,60+,Female,Outpatient,Blood,Urea,Night,Phlebotomist,Rejected,Insufficient volume,108.0,False,False
SP102068,2025-12-20,60+,Male,Inpatient,Blood,LFT,Afternoon,Laboratory Technologist,Accepted,Not rejected,71.0,False,False
SP101795,2025-06-08,60+,Female,Outpatient,Urine,Urinalysis,Morning,Nurse,Rejected,Wrong container,69.0,False,False
SP102709,2025-11-28,10-19,Female,Outpatient,Urine,Urinalysis,Night,Laboratory Technologist,Accepted,Not rejected,91.0,False,False
SP101260,2025-07-05,20-29,Male,Maternity,Urine,Urinalysis,Morning,Clinical Officer,Accepted,Not rejected,75.0,True,False
SP104665,2025-02-01,30-39,Male,Pediatrics,Swab,Throat Culture,Morning,Laboratory Technologist,Accepted,Not rejected,69.0,False,True
SP100450,2025-02-08,10-19,Male,Pediatrics,Urine,Urinalysis,Afternoon,Clinical Officer,Accepted,Not rejected,55.0,False,False
SP100640,2025-07-02,30-39,Female,Pediatrics,Blood,Urea,Night,Nurse,Accepted,Not rejected,29.0,False,True
SP101625,2025-05-31,50-59,Male,Maternity,Blood,LFT,Morning,Nurse,Accepted,Not rejected,36.0,True,False
SP100891,2025-07-25,30-39,Female,Inpatient,Sputum,AFB,Morning,Nurse,Accepted,Not rejected,59.0,False,False
SP101560,2025-04-12,10-19,Female,Emergency,Blood,Glucose,Morning,Nurse,Accepted,Not rejected,58.0,False,False
SP100707,2025-08-31,20-29,Female,Pediatrics,Blood,CBC,Night,Nurse,Rejected,Hemolysis,71.0,False,True
SP101445,2025-11-19,20-29,Male,Inpatient,CSF,Culture,Afternoon,Phlebotomist,Accepted,Not rejected,54.0,False,False
SP100647,2025-11-15,20-29,Male,Inpatient,Urine,Urinalysis,Morning,Nurse,Accepted,Not rejected,51.0,False,False
SP104060,2025-10-24,20-29,Male,Emergency,Urine,Urinalysis,Night,Clinical Officer,Accepted,Not rejected,60.0,False,False
SP103084,2025-08-07,50-59,Male,Pediatrics,Urine,Urinalysis,Night,Nurse,Accepted,Not rejected,105.0,False,True
SP101329,2025-01-07,40-49,Female,Emergency,Blood,CBC,Morning,Phlebotomist,Accepted,Not rejected,103.0,False,False
SP103983,2025-06-17,60+,Female,Pediatrics,Swab,Throat Culture,Afternoon,Phlebotomist,Accepted,Not rejected,45.0,False,True
SP103213,2025-12-09,40-49,Female,Outpatient,Blood,LFT,Afternoon,Nurse,Accepted,Not rejected,109.0,False,False
SP102958,2025-08-17,0-9,Female,Pediatrics,Sputum,Gram Stain,Morning,Nurse,Accepted,Not rejected,44.0,False,False
SP101603,2025-12-21,30-39,Male,Outpatient,Swab,Wound Culture,Morning,Laboratory Technologist,Accepted,Not rejected,88.0,False,False
SP100796,2025-04-05,30-39,Female,Pediatrics,Blood,Urea,Afternoon,Nurse,Accepted,Not rejected,66.0,False,True
SP102436,2025-05-31,60+,Male,Pediatrics,Sputum,AFB,Morning,Nurse,Accepted,Not rejected,109.0,False,True
SP100458,2025-08-05,20-29,Male,Emergency,Blood,Creatinine,Morning,Phlebotomist,Accepted,Not rejected,55.0,False,False
SP102133,2025-08-27,60+,Male,Outpatient,Urine,Urine Culture,Morning,Laboratory Technologist,Rejected,Clotted specimen,81.0,False,False
SP103981,2025-04-12,20-29,Male,Outpatient,Urine,Urinalysis,Morning,Laboratory Technologist,Accepted,Not rejected,71.0,False,False
SP102688,2025-09-30,50-59,Female,Pediatrics,Blood,LFT,Afternoon,Clinical Officer,Accepted,Not rejected,80.0,False,True
SP100196,2025-08-18,50-59,Male,Pediatrics,Swab,Wound Culture,Night,Nurse,Accepted,Not rejected,109.0,False,True
SP101248,2025-04-10,60+,Male,Inpatient,Swab,Throat Culture,Night,Nurse,Accepted,Not rejected,70.0,False,False
SP102085,2025-01-11,40-49,Male,Pediatrics,Blood,Urea,Night,Clinical Officer,Accepted,Not rejected,69.0,False,True
SP101091,2025-04-20,50-59,Male,ICU,Blood,Urea,Afternoon,Phlebotomist,Accepted,Not rejected,76.0,False,False
SP102337,2025-03-02,20-29,Male,Pediatrics,Urine,Urinalysis,Night,Laboratory Technologist,Accepted,Not rejected,112.0,False,True
SP104255,2025-07-18,40-49,Female,Inpatient,Blood,Creatinine,Afternoon,Nurse,Accepted,Not rejected,88.0,False,False
SP102094,2025-09-08,60+,Male,Emergency,Blood,Urea,Morning,Phlebotomist,Accepted,Not rejected,31.0,False,False
SP102472,2025-07-06,Unknown,Male,Outpatient,Urine,Urine Culture,Morning,Nurse,Accepted,Not rejected,94.0,False,False
SP104620,2025-02-05,20-29,Female,Outpatient,Urine,Urinalysis,Morning,Clinical Officer,Accepted,Not rejected,84.0,False,False
SP104948,2025-08-04,0-9,Male,Pediatrics,Blood,Urea,Night,Clinical Officer,Accepted,Not rejected,58.0,False,False
SP101865,2025-09-19,60+,Male,Pediatrics,Urine,Urine Culture,Afternoon,Nurse,Rejected,Leaking container,33.0,False,True
SP100936,2025-11-19,60+,Male,Inpatient,Urine,Urinalysis,Afternoon,Nurse,Rejected,Wrong container,63.0,False,False
SP103324,2025-01-17,0-9,Female,Inpatient,Urine,Urine Culture,Morning,Clinical Officer,Accepted,Not rejected,78.0,False,False
SP103844,2025-06-22,20-29,Female,Maternity,Sputum,Culture,Night,Clinical Officer,Accepted,Not rejected,79.0,False,False
SP100468,2025-08-14,40-49,Male,Pediatrics,Swab,Throat Culture,Afternoon,Clinical Officer,Accepted,Not rejected,108.0,False,True
SP102419,2025-11-08,60+,Male,Emergency,Blood,Glucose,Morning,Nurse,Accepted,Not rejected,75.0,False,False
SP104061,2025-12-06,20-29,Male,Maternity,Blood,Creatinine,Afternoon,Phlebotomist,Accepted,Not rejected,47.0,True,False
SP101339,2025-12-10,10-19,Male,Outpatient,Swab,Wound Culture,Afternoon,Nurse,Accepted,Not rejected,51.0,False,False
SP100109,2025-08-08,20-29,Male,Inpatient,Blood,CBC,Afternoon,Phlebotomist,Accepted,Not rejected,62.0,False,False
SP101423,2025-11-09,50-59,Male,Outpatient,Blood,LFT,Morning,Nurse,Accepted,Not rejected,48.0,False,False
SP101074,2025-06-05,0-9,Female,Outpatient,Blood,LFT,Morning,Phlebotomist,Accepted,Not rejected,83.0,False,False
SP100273,2025-05-02,10-19,Male,Outpatient,Urine,Urinalysis,Night,Laboratory Technologist,Accepted,Not rejected,54.0,False,False
SP103485,2025-05-01,0-9,Male,Unknown,Swab,Wound Culture,Morning,Nurse,Accepted,Not rejected,98.0,False,False
SP101724,2025-07-18,50-59,Female,Inpatient,Blood,Glucose,Morning,Phlebotomist,Accepted,Not rejected,63.0,False,False
SP103287,2025-09-12,40-49,Female,Maternity,Stool,Stool O&P,Afternoon,Nurse,Accepted,Not rejected,67.0,False,False
SP104449,2025-07-08,10-19,Male,Outpatient,Sputum,Culture,Morning,Nurse,Accepted,Not rejected,91.0,False,False
SP103882,2025-04-23,50-59,Female,Unknown,Blood,LFT,Afternoon,Nurse,Accepted,Not rejected,98.0,False,False
SP103514,2025-09-05,60+,Female,Inpatient,Urine,Urine Culture,Afternoon,Nurse,Accepted,Not rejected,91.0,False,False
SP104992,2025-10-25,0-9,Female,Pediatrics,Stool,Stool O&P,Morning,Phlebotomist,Accepted,Not rejected,83.0,False,False
SP100271,2025-08-02,10-19,Female,Outpatient,CSF,CSF Analysis,Afternoon,Nurse,Accepted,Not rejected,66.0,False,False
SP101908,2025-04-11,50-59,Male,Outpatient,Swab,Wound Culture,Morning,Clinical Officer,Accepted,Not rejected,86.0,False,False
SP101361,2025-01-26,60+,Female,Emergency,Blood,Glucose,Morning,Phlebotomist,Accepted,Not rejected,50.0,False,False
SP103055,2025-01-01,20-29,Female,Outpatient,Swab,Throat Culture,Afternoon,Nurse,Accepted,Not rejected,31.0,False,False
SP102224,2025-08-25,20-29,Female,Outpatient,Blood,Urea,Night,Nurse,Rejected,Wrong container,83.0,False,False
SP100724,2025-08-12,30-39,Male,Pediatrics,Blood,CBC,Afternoon,Phlebotomist,Accepted,Not rejected,50.0,False,True
SP103614,2025-05-14,60+,Female,Inpatient,Sputum,Gram Stain,Afternoon,Clinical Officer,Rejected,Wrong container,76.0,False,False
SP102393,2025-11-11,40-49,Female,Inpatient,Urine,Urinalysis,Night,Clinical Officer,Accepted,Not rejected,121.0,False,False
SP100708,2025-04-27,30-39,Female,Pediatrics,Blood,Creatinine,Night,Nurse,Accepted,Not rejected,85.0,False,True
SP101194,2025-06-12,50-59,Female,ICU,Swab,Wound Culture,Afternoon,Clinical Officer,Accepted,Not rejected,49.0,False,False
SP104080,2025-12-10,10-19,Male,Outpatient,Urine,Urine Culture,Night,Phlebotomist,Accepted,Not rejected,143.0,False,False
SP101161,2025-06-13,50-59,Male,Emergency,Swab,Wound Culture,Afternoon,Nurse,Accepted,Not rejected,81.0,False,False
SP100523,2025-09-07,10-19,Female,Outpatient,Urine,Urinalysis,Afternoon,Nurse,Accepted,Not rejected,72.0,False,False
SP100561,2025-09-04,50-59,Female,ICU,CSF,Culture,Afternoon,Clinical Officer,Accepted,Not rejected,,False,False
SP103649,2025-04-08,60+,Female,Outpatient,Swab,Throat Culture,Afternoon,Clinical Officer,Accepted,Not rejected,53.0,False,False
SP102772,2025-09-09,30-39,Male,Outpatient,Swab,Wound Culture,Afternoon,Clinical Officer,Accepted,Not rejected,93.0,False,False
SP100836,2025-02-01,50-59,Male,Emergency,Blood,LFT,Morning,Nurse,Rejected,Hemolysis,34.0,False,False
SP101542,2025-12-13,60+,Male,Outpatient,Urine,Urine Culture,Night,Nurse,Accepted,Not rejected,73.0,False,False
SP100004,2025-06-23,30-39,Male,Inpatient,Blood,Creatinine,Afternoon,Nurse,Accepted,Not rejected,91.0,False,False
SP102405,2025-04-07,20-29,Male,Inpatient,Sputum,Gram Stain,Morning,Clinical Officer,Accepted,Not rejected,98.0,False,False
SP103160,2025-12-27,10-19,Female,Inpatient,Blood,CBC,Afternoon,Clinical Officer,Accepted,Not rejected,74.0,False,False
SP100125,2025-06-18,20-29,Female,Inpatient,Urine,Urine Culture,Night,Nurse,Accepted,Not rejected,39.0,False,False
SP104300,2025-10-10,0-9,Female,Pediatrics,Urine,Urinalysis,Morning,Phlebotomist,Accepted,Not rejected,65.0,False,False
SP104852,2025-09-27,50-59,Female,Maternity,Urine,Urinalysis,Night,Nurse,Rejected,Delayed transport,103.0,False,False
SP102375,2025-11-23,60+,Female,Maternity,Blood,LFT,Morning,Clinical Officer,Accepted,Not rejected,65.0,False,False
SP100118,2025-02-28,20-29,Male,Inpatient,Swab,Wound Culture,Afternoon,Nurse,Accepted,Not rejected,77.0,False,False
SP102350,2025-09-04,50-59,Male,Pediatrics,Stool,Culture,Morning,Laboratory Technologist,Accepted,Not rejected,51.0,False,True
SP103704,2025-01-21,40-49,Female,Inpatient,Sputum,Culture,Morning,Laboratory Technologist,Accepted,Not rejected,58.0,False,False
SP102062,2025-01-18,50-59,Female,Outpatient,Urine,Urinalysis,Afternoon,Nurse,Rejected,Hemolysis,70.0,False,False
SP102917,2025-11-19,10-19,Female,ICU,Urine,Urine Culture,Night,Phlebotomist,Accepted,Not rejected,86.0,False,False
SP103025,2025-04-20,50-59,Female,Outpatient,Swab,Wound Culture,Morning,Unknown,Rejected,Wrong container,100.0,False,False
SP104715,2025-03-10,60+,Male,Emergency,Stool,Culture,Morning,Clinical Officer,Accepted,Not rejected,74.0,False,False
SP104328,2025-02-27,10-19,Male,Outpatient,Blood,CBC,Morning,Clinical Officer,Accepted,Not rejected,37.0,False,False
SP104346,2025-02-16,30-39,Male,Inpatient,Blood,Glucose,Afternoon,Nurse,Accepted,Not rejected,95.0,False,False
SP103347,2025-11-27,20-29,Female,Emergency,Urine,Urine Culture,Night,Nurse,Accepted,Not rejected,19.0,False,False
SP104367,2025-10-08,20-29,Male,Pediatrics,Blood,LFT,Afternoon,Nurse,Accepted,Not rejected,69.0,False,True
SP104200,2025-07-28,40-49,Female,Outpatient,Blood,Urea,Afternoon,Phlebotomist,Accepted,Not rejected,38.0,False,False
SP101001,2025-03-24,10-19,Female,Outpatient,Blood,LFT,Night,Nurse,Accepted,Not rejected,60.0,False,False
SP104241,2025-02-18,20-29,Male,Inpatient,Urine,Urinalysis,Morning,Nurse,Accepted,Not rejected,39.0,False,False
SP102801,2025-10-12,20-29,Female,Outpatient,Blood,Creatinine,Night,Phlebotomist,Accepted,Not rejected,71.0,False,False
SP103019,2025-12-14,50-59,Male,Emergency,Blood,CBC,Afternoon,Laboratory Technologist,Accepted,Not rejected,48.0,False,False
SP101223,2025-12-09,40-49,Male,Inpatient,Urine,Urinalysis,Morning,Phlebotomist,Accepted,Not rejected,47.0,False,False
SP100677,2025-10-02,30-39,Female,Emergency,Blood,Creatinine,Morning,Nurse,Accepted,Not rejected,94.0,False,False
SP104543,2025-08-03,50-59,Female,Inpatient,Sputum,Gram Stain,Morning,Nurse,Accepted,Not rejected,96.0,False,False
SP101654,2025-11-13,60+,Male,Inpatient,Urine,Urine Culture,Afternoon,Nurse,Accepted,Not rejected,50.0,False,False
SP101501,2025-08-11,20-29,Female,Outpatient,Urine,Urinalysis,Morning,Nurse,Accepted,Not rejected,44.0,False,False
SP104115,2025-01-27,30-39,Male,Outpatient,Blood,Creatinine,Afternoon,Nurse,Accepted,Not rejected,41.0,False,False
SP100367,2025-08-05,60+,Male,Pediatrics,Blood,Creatinine,Afternoon,Laboratory Technologist,Accepted,Not rejected,53.0,False,True
SP100843,2025-11-05,30-39,Male,Outpatient,Stool,Stool O&P,Afternoon,Nurse,Accepted,Not rejected,41.0,False,False
SP100617,2025-11-30,50-59,Female,Inpatient,Urine,Urinalysis,Afternoon,Nurse,Accepted,Not rejected,35.0,False,False
SP100479,2025-05-06,60+,Female,Outpatient,Sputum,AFB,Afternoon,Nurse,Accepted,Not rejected,52.0,False,False
SP104334,2025-02-12,10-19,Female,Inpatient,Blood,LFT,Morning,Laboratory Technologist,Accepted,Not rejected,74.0,False,False
SP101441,2025-01-10,20-29,Female,Outpatient,Blood,Glucose,Morning,Clinical Officer,Accepted,Not rejected,91.0,False,False
SP100697,2025-03-01,10-19,Female,Maternity,Urine,Urinalysis,Afternoon,Nurse,Accepted,Not rejected,68.0,False,False
SP101438,2025-02-28,60+,Male,Inpatient,Sputum,Gram Stain,Morning,Nurse,Accepted,Not rejected,34.0,False,False
SP103399,2025-11-18,50-59,Female,Outpatient,Blood,LFT,Night,Nurse,Accepted,Not rejected,69.0,False,False
SP104159,2025-04-10,10-19,Male,Emergency,Sputum,Gram Stain,Night,Phlebotomist,Accepted,Not rejected,43.0,False,False
SP104383,2025-07-21,30-39,Male,Outpatient,Blood,Creatinine,Night,Nurse,Accepted,Not rejected,76.0,False,False
SP100280,2025-09-12,40-49,Male,Pediatrics,Urine,Urine Culture,Afternoon,Nurse,Accepted,Not rejected,107.0,False,True
SP103896,2025-11-24,40-49,Female,Outpatient,Sputum,Culture,Night,Phlebotomist,Accepted,Not rejected,89.0,False,False
SP100466,2025-06-24,50-59,Male,Inpatient,Urine,Urine Culture,Morning,Nurse,Accepted,Not rejected,26.0,False,False
SP102093,2025-04-23,10-19,Male,ICU,Swab,Throat Culture,Morning,Clinical Officer,Accepted,Not rejected,101.0,False,False
SP104322,2025-02-27,60+,Female,Outpatient,Blood,LFT,Morning,Nurse,Accepted,Not rejected,81.0,False,False
SP101711,2025-08-20,30-39,Female,Outpatient,CSF,Culture,Afternoon,Nurse,Accepted,Not rejected,68.0,False,False
SP101819,2025-04-05,40-49,Female,Outpatient,Blood,CBC,Afternoon,Phlebotomist,Rejected,Insufficient volume,115.0,False,False
SP100104,2025-10-18,60+,Male,Pediatrics,Sputum,AFB,Morning,Phlebotomist,Accepted,Not rejected,62.0,False,True
SP102188,2025-03-01,0-9,Female,ICU,Swab,Throat Culture,Night,Phlebotomist,Accepted,Not rejected,78.0,False,False
SP103326,2025-10-01,40-49,Female,Maternity,Blood,LFT,Afternoon,Nurse,Accepted,Not rejected,23.0,False,False
SP103031,2025-03-05,20-29,Male,Pediatrics,Stool,Culture,Night,Clinical Officer,Accepted,Not rejected,60.0,False,True
SP100729,2025-04-24,60+,Male,Emergency,Urine,Urinalysis,Morning,Clinical Officer,Accepted,Not rejected,96.0,False,False
SP102842,2025-10-11,30-39,Female,Outpatient,Blood,Urea,Afternoon,Nurse,Rejected,Delayed transport,90.0,False,False
SP103801,2025-07-09,50-59,Female,Outpatient,CSF,Culture,Morning,Nurse,Accepted,Not rejected,72.0,False,False
SP104351,2025-01-24,60+,Female,ICU,Urine,Urinalysis,Morning,Clinical Officer,Accepted,Not rejected,78.0,False,False
SP101418,2025-03-29,30-39,Male,Pediatrics,Sputum,Gram Stain,Afternoon,Phlebotomist,Accepted,Not rejected,90.0,False,True
SP100755,2025-02-18,50-59,Female,Outpatient,Urine,Urinalysis,Morning,Clinical Officer,Accepted,Not rejected,155.0,False,False
SP100276,2025-08-27,20-29,Female,Pediatrics,Blood,CBC,Morning,Clinical Officer,Rejected,Hemolysis,128.0,False,True
SP103604,2025-05-30,10-19,Male,Outpatient,Blood,Glucose,Morning,Phlebotomist,Accepted,Not rejected,51.0,False,False
SP103750,2025-07-17,60+,Male,Outpatient,Swab,Throat Culture,Afternoon,Phlebotomist,Accepted,Not rejected,52.0,False,False
SP100803,2025-09-11,60+,Male,Outpatient,Urine,Urinalysis,Morning,Clinical Officer,Accepted,Not rejected,123.0,False,False
SP100396,2025-07-27,0-9,Male,ICU,Urine,Urine Culture,Afternoon,Nurse,Accepted,Not rejected,81.0,False,False
SP101113,2025-04-19,50-59,Male,Pediatrics,Urine,Urinalysis,Morning,Clinical Officer,Accepted,Not rejected,85.0,False,True
SP101853,2025-10-12,60+,Male,Pediatrics,Blood,Creatinine,Morning,Phlebotomist,Accepted,Not rejected,81.0,False,True
SP103228,2025-07-11,40-49,Female,Outpatient,Blood,Glucose,Morning,Nurse,Accepted,Not rejected,64.0,False,False
SP101472,2025-08-11,20-29,Female,Inpatient,Urine,Urinalysis,Afternoon,Nurse,Rejected,Clotted specimen,99.0,False,False
SP103600,2025-09-23,20-29,Male,Inpatient,Blood,Creatinine,Afternoon,Phlebotomist,Accepted,Not rejected,141.0,False,False
SP104276,2025-02-24,10-19,Female,Inpatient,Blood,Urea,Morning,Nurse,Accepted,Not rejected,77.0,False,False
SP102700,2025-11-02,10-19,Female,Inpatient,Urine,Urine Culture,Afternoon,Clinical Officer,Accepted,Not rejected,62.0,False,False
SP102023,2025-12-18,40-49,Female,Pediatrics,Swab,Throat Culture,Afternoon,Clinical Officer,Accepted,Not rejected,13.0,False,True
SP102662,2025-09-08,40-49,Male,ICU,Blood,LFT,Morning,Laboratory Technologist,Accepted,Not rejected,77.0,False,False
SP101038,2025-06-04,20-29,Male,Outpatient,Swab,Wound Culture,Afternoon,Nurse,Accepted,Not rejected,57.0,False,False
SP102868,2025-10-07,20-29,Male,Outpatient,Sputum,Culture,Morning,Nurse,Accepted,Not rejected,92.0,False,False
SP102070,2025-10-29,10-19,Female,ICU,Urine,Urine Culture,Morning,Clinical Officer,Accepted,Not rejected,10.0,False,False
SP102934,2025-01-22,30-39,Female,Unknown,Urine,Urinalysis,Afternoon,Nurse,Accepted,Not rejected,44.0,False,False
SP101280,2025-09-18,60+,Female,Maternity,Blood,Urea,Afternoon,Nurse,Accepted,Not rejected,73.0,False,False
SP101054,2025-01-07,60+,Male,Emergency,Urine,Urine Culture,Morning,Laboratory Technologist,Rejected,Delayed transport,62.0,False,False
SP102141,2025-01-27,20-29,Female,Inpatient,Urine,Urine Culture,Morning,Phlebotomist,Rejected,Insufficient volume,86.0,False,False
SP100726,2025-08-01,40-49,Female,Outpatient,CSF,Culture,Morning,Nurse,Accepted,Not rejected,94.0,False,False
SP103555,2025-05-30,50-59,Male,Emergency,Urine,Urine Culture,Morning,Nurse,Accepted,Not rejected,95.0,False,False
SP102475,2025-06-15,60+,Female,Outpatient,Sputum,AFB,Night,Laboratory Technologist,Accepted,Not rejected,63.0,False,False
SP102432,2025-03-31,10-19,Male,Inpatient,Blood,Glucose,Morning,Laboratory Technologist,Accepted,Not rejected,78.0,False,False
SP101455,2025-01-03,40-49,Female,Pediatrics,Blood,CBC,Morning,Laboratory Technologist,Accepted,Not rejected,83.0,False,True
SP102620,2025-09-19,30-39,Male,Pediatrics,Blood,Urea,Morning,Laboratory Technologist,Accepted,Not rejected,63.0,False,True
SP100680,2025-10-27,60+,Male,Outpatient,Blood,LFT,Morning,Nurse,Accepted,Not rejected,71.0,False,False
SP104752,2025-03-09,0-9,Male,Outpatient,Urine,Urine Culture,Afternoon,Clinical Officer,Accepted,Not rejected,77.0,False,False
SP100340,2025-10-09,0-9,Male,Outpatient,CSF,Culture,Afternoon,Nurse,Accepted,Not rejected,78.0,False,False
SP103789,2025-06-30,60+,Female,Outpatient,Blood,LFT,Afternoon,Phlebotomist,Accepted,Not rejected,79.0,False,False
SP101893,2025-07-26,0-9,Male,Outpatient,Sputum,AFB,Morning,Nurse,Accepted,Not rejected,138.0,False,False
SP103933,2025-01-26,0-9,Male,Pediatrics,Blood,Urea,Morning,Phlebotomist,Accepted,Not rejected,60.0,False,False
SP102450,2025-07-27,50-59,Female,ICU,Blood,LFT,Afternoon,Clinical Officer,Accepted,Not rejected,86.0,False,False
SP100011,2025-05-20,30-39,Male,Inpatient,Blood,CBC,Morning,Clinical Officer,Accepted,Not rejected,73.0,False,False
SP103226,2025-07-12,20-29,Female,Outpatient,Urine,Urinalysis,Afternoon,Nurse,Accepted,Not rejected,59.0,False,False
SP103965,2025-07-21,10-19,Female,ICU,Sputum,AFB,Afternoon,Clinical Officer,Accepted,Not rejected,75.0,False,False
SP100811,2025-09-01,0-9,Male,Inpatient,Urine,Urinalysis,Afternoon,Laboratory Technologist,Accepted,Not rejected,83.0,False,False
SP104704,2025-04-17,10-19,Male,Outpatient,Blood,LFT,Night,Phlebotomist,Accepted,Not rejected,87.0,False,False
SP103118,2025-09-27,20-29,Female,Outpatient,Blood,Creatinine,Afternoon,Nurse,Accepted,Not rejected,28.0,False,False
SP104867,2025-04-23,0-9,Female,Maternity,Swab,Wound Culture,Afternoon,Clinical Officer,Accepted,Not rejected,96.0,False,False
SP104476,2025-10-07,30-39,Female,Inpatient,Blood,Urea,Morning,Phlebotomist,Accepted,Not rejected,74.0,False,False
SP100994,2025-10-06,40-49,Male,Emergency,Sputum,Gram Stain,Morning,Nurse,Accepted,Not rejected,48.0,False,False
SP103100,2025-08-21,0-9,Female,Inpatient,Urine,Urinalysis,Morning,Clinical Officer,Accepted,Not rejected,89.0,False,False
SP104930,2025-01-04,30-39,Female,Outpatient,Blood,Urea,Night,Nurse,Accepted,Not rejected,114.0,False,False
SP104714,2025-04-09,30-39,Male,ICU,Blood,LFT,Morning,Laboratory Technologist,Accepted,Not rejected,78.0,False,False
SP101793,2025-10-01,30-39,Female,Maternity,Sputum,Gram Stain,Night,Nurse,Accepted,Not rejected,84.0,False,False
SP101200,2025-09-13,10-19,Female,Emergency,Swab,Wound Culture,Morning,Nurse,Accepted,Not rejected,64.0,False,False
SP103432,2025-11-02,20-29,Male,Inpatient,Swab,Wound Culture,Morning,Nurse,Accepted,Not rejected,89.0,False,False
SP103523,2025-06-07,60+,Female,Maternity,Swab,Wound Culture,Afternoon,Phlebotomist,Accepted,Not rejected,81.0,False,False
SP103971,2025-04-05,30-39,Male,Inpatient,Blood,LFT,Morning,Phlebotomist,Accepted,Not rejected,66.0,False,False
SP102714,2025-05-13,30-39,Female,Pediatrics,Blood,LFT,Afternoon,Nurse,Accepted,Not rejected,54.0,False,True
SP102911,2025-07-13,50-59,Male,Pediatrics,Blood,Urea,Night,Nurse,Accepted,Not rejected,28.0,False,True
SP101346,2025-04-10,30-39,Female,Inpatient,Urine,Urinalysis,Afternoon,Clinical Officer,Accepted,Not rejected,96.0,False,False
SP104965,2025-08-06,50-59,Male,Inpatient,Blood,CBC,Night,Phlebotomist,Accepted,Not rejected,88.0,False,False
SP104894,2025-06-03,60+,Male,Maternity,Swab,Throat Culture,Afternoon,Nurse,Accepted,Not rejected,17.0,True,False
SP101237,2025-02-10,40-49,Female,Outpatient,Sputum,Culture,Night,Nurse,Accepted,Not rejected,34.0,False,False
SP102708,2025-05-13,50-59,Male,Outpatient,Sputum,AFB,Morning,Nurse,Accepted,Not rejected,49.0,False,False
SP103754,2025-07-18,60+,Female,Inpatient,Urine,Urine Culture,Afternoon,Nurse,Accepted,Not rejected,55.0,False,False
SP100572,2025-07-20,40-49,Male,Inpatient,Sputum,Gram Stain,Morning,Nurse,Accepted,Not rejected,77.0,False,False
SP103365,2025-01-21,60+,Female,Outpatient,Blood,Glucose,Morning,Phlebotomist,Accepted,Not rejected,94.0,False,False
SP100508,2025-09-08,10-19,Female,Outpatient,Blood,Glucose,Morning,Phlebotomist,Accepted,Not rejected,67.0,False,False
SP104723,2025-05-31,60+,Male,Inpatient,Blood,Glucose,Night,Nurse,Accepted,Not rejected,114.0,False,False
SP101521,2025-02-07,20-29,Female,Inpatient,Blood,LFT,Afternoon,Nurse,Accepted,Not rejected,65.0,False,False
SP101400,2025-03-01,10-19,Male,Inpatient,Swab,Throat Culture,Morning,Clinical Officer,Accepted,Not rejected,140.0,False,False
SP100366,2025-05-03,50-59,Female,Maternity,Blood,CBC,Morning,Laboratory Technologist,Accepted,Not rejected,72.0,False,False
SP101951,2025-08-30,50-59,Male,ICU,CSF,Culture,Night,Nurse,Accepted,Not rejected,139.0,False,False
SP101738,2025-07-28,60+,Female,Emergency,Swab,Throat Culture,Night,Phlebotomist,Accepted,Not rejected,86.0,False,False
SP100026,2025-10-21,20-29,Male,Inpatient,Blood,LFT,Afternoon,Phlebotomist,Accepted,Not rejected,41.0,False,False
SP100300,2025-03-14,50-59,Male,Emergency,Blood,CBC,Morning,Laboratory Technologist,Accepted,Not rejected,114.0,False,False
SP101891,2025-01-22,40-49,Male,Outpatient,Sputum,AFB,Afternoon,Clinical Officer,Accepted,Not rejected,83.0,False,False
SP103937,2025-09-07,10-19,Male,Outpatient,Urine,Urine Culture,Night,Nurse,Accepted,Not rejected,51.0,False,False
SP104872,2025-01-27,20-29,Male,Outpatient,Blood,Glucose,Morning,Nurse,Accepted,Not rejected,11.0,False,False
SP104432,2025-11-05,60+,Female,Emergency,Urine,Urinalysis,Morning,Clinical Officer,Accepted,Not rejected,84.0,False,False
SP101500,2025-05-22,10-19,Male,Outpatient,Blood,Creatinine,Morning,Phlebotomist,Accepted,Not rejected,113.0,False,False
SP100517,2025-04-03,10-19,Female,Inpatient,Blood,LFT,Afternoon,Phlebotomist,Accepted,Not rejected,10.0,False,False
SP104338,2025-11-04,60+,Male,Emergency,Urine,Urinalysis,Morning,Nurse,Accepted,Not rejected,116.0,False,False
SP103376,2025-04-09,10-19,Male,Outpatient,Blood,Glucose,Morning,Nurse,Rejected,Insufficient volume,113.0,False,False
SP104721,2025-04-24,50-59,Male,Inpatient,Stool,Culture,Morning,Clinical Officer,Accepted,Not rejected,56.0,False,False
SP102913,2025-05-21,10-19,Female,Inpatient,Blood,Urea,Afternoon,Nurse,Rejected,Leaking container,104.0,False,False
SP104158,2025-02-14,20-29,Male,Inpatient,Blood,CBC,Morning,Laboratory Technologist,Accepted,Not rejected,55.0,False,False
SP103329,2025-01-30,50-59,Male,Pediatrics,Blood,Creatinine,Morning,Nurse,Accepted,Not rejected,59.0,False,True
SP100767,2025-10-13,30-39,Male,Emergency,Stool,Culture,Morning,Clinical Officer,Accepted,Not rejected,41.0,False,False
SP100866,2025-01-29,60+,Female,Outpatient,Swab,Throat Culture,Afternoon,Nurse,Accepted,Not rejected,81.0,False,False
SP101517,2025-12-01,30-39,Female,Emergency,Swab,Wound Culture,Afternoon,Laboratory Technologist,Rejected,Wrong container,85.0,False,False
SP103866,2025-08-07,10-19,Female,ICU,Swab,Throat Culture,Afternoon,Nurse,Accepted,Not rejected,110.0,False,False
SP103268,2025-06-24,50-59,Male,Inpatient,Sputum,Gram Stain,Afternoon,Clinical Officer,Accepted,Not rejected,94.0,False,False
SP104833,2025-06-26,30-39,Male,Inpatient,Swab,Wound Culture,Morning,Nurse,Accepted,Not rejected,82.0,False,False
SP101206,2025-10-21,20-29,Female,Pediatrics,Sputum,Culture,Afternoon,Nurse,Accepted,Not rejected,74.0,False,True
SP102873,2025-06-17,60+,Male,Inpatient,Blood,Creatinine,Night,Unknown,Accepted,Not rejected,104.0,False,False
SP102072,2025-07-17,30-39,Female,Inpatient,Blood,Urea,Morning,Phlebotomist,Accepted,Not rejected,49.0,False,False
SP104306,2025-08-22,40-49,Male,Inpatient,Urine,Urine Culture,Afternoon,Clinical Officer,Accepted,Not rejected,72.0,False,False
SP104305,2025-03-21,20-29,Male,Pediatrics,Blood,Glucose,Morning,Nurse,Rejected,Leaking container,81.0,False,True
SP102019,2025-12-26,0-9,Male,Outpatient,Blood,Glucose,Night,Clinical Officer,Accepted,Not rejected,65.0,False,False
SP104783,2025-06-19,20-29,Female,Outpatient,Swab,Throat Culture,Morning,Clinical Officer,Accepted,Not rejected,94.0,False,False
SP103262,2025-01-03,40-49,Male,ICU,Blood,CBC,Morning,Nurse,Accepted,Not rejected,124.0,False,False
SP104874,2025-07-20,40-49,Female,Outpatient,Blood,LFT,Afternoon,Nurse,Accepted,Not rejected,81.0,False,False
SP104174,2025-01-28,40-49,Female,ICU,Sputum,Culture,Afternoon,Phlebotomist,Accepted,Not rejected,93.0,False,False
SP101072,2025-04-27,10-19,Male,Outpatient,Urine,Urinalysis,Morning,Laboratory Technologist,Accepted,Not rejected,72.0,False,False
SP103057,2025-03-27,60+,Male,Inpatient,Stool,Culture,Morning,Nurse,Accepted,Not rejected,61.0,False,False
SP101405,2025-07-27,0-9,Female,Pediatrics,Stool,Stool O&P,Afternoon,Laboratory Technologist,Accepted,Not rejected,113.0,False,False
SP103370,2025-02-15,0-9,Male,ICU,Blood,Creatinine,Morning,Nurse,Accepted,Not rejected,80.0,False,False
SP104243,2025-07-23,30-39,Male,Pediatrics,Blood,CBC,Morning,Clinical Officer,Accepted,Not rejected,122.0,False,True
SP102230,2025-04-12,60+,Female,Pediatrics,Urine,Urinalysis,Afternoon,Clinical Officer,Rejected,Leaking container,41.0,False,True
SP104056,2025-11-03,30-39,Female,Inpatient,Sputum,Gram Stain,Night,Clinical Officer,Accepted,Not rejected,100.0,False,False
SP104608,2025-10-16,20-29,Female,Outpatient,Blood,Urea,Afternoon,Nurse,Accepted,Not rejected,28.0,False,False
SP104546,2025-11-18,30-39,Male,Emergency,Sputum,Culture,Afternoon,Clinical Officer,Accepted,Not rejected,84.0,False,False
SP104923,2025-03-15,60+,Female,Pediatrics,Urine,Urinalysis,Morning,Phlebotomist,Accepted,Not rejected,103.0,False,True
SP100173,2025-10-17,0-9,Male,Maternity,Blood,LFT,Morning,Phlebotomist,Accepted,Not rejected,68.0,True,False
SP103982,2025-05-06,60+,Male,Pediatrics,Urine,Urinalysis,Night,Clinical Officer,Accepted,Not rejected,36.0,False,True
SP104109,2025-03-20,20-29,Male,ICU,Urine,Urine Culture,Afternoon,Phlebotomist,Accepted,Not rejected,51.0,False,False
SP100648,2025-12-22,0-9,Male,Inpatient,Blood,CBC,Morning,Nurse,Accepted,Not rejected,97.0,False,False
SP101387,2025-07-03,10-19,Female,Pediatrics,Urine,Urinalysis,Morning,Nurse,Accepted,Not rejected,109.0,False,False
SP103427,2025-06-22,0-9,Female,Emergency,Blood,LFT,Night,Phlebotomist,Accepted,Not rejected,46.0,False,False
SP104239,2025-01-24,30-39,Male,Inpatient,Stool,Culture,Night,Nurse,Accepted,Not rejected,81.0,False,False
SP100379,2025-02-20,40-49,Female,Emergency,Urine,Urinalysis,Morning,Nurse,Accepted,Not rejected,91.0,False,False
SP100683,2025-09-01,40-49,Female,Inpatient,Swab,Throat Culture,Morning,Nurse,Accepted,Not rejected,58.0,False,False
SP101831,2025-05-13,60+,Male,Outpatient,Stool,Stool O&P,Night,Nurse,Accepted,Not rejected,73.0,False,False
SP101822,2025-06-15,60+,Female,Inpatient,Sputum,Gram Stain,Night,Nurse,Accepted,Not rejected,102.0,False,False
SP104936,2025-04-15,40-49,Male,Outpatient,Urine,Urinalysis,Afternoon,Nurse,Accepted,Not rejected,55.0,False,False
SP104864,2025-04-26,30-39,Female,Pediatrics,Blood,Creatinine,Afternoon,Nurse,Accepted,Not rejected,76.0,False,True
SP100914,2025-11-03,Unknown,Male,Maternity,Blood,CBC,Night,Laboratory Technologist,Accepted,Not rejected,106.0,True,False
SP103107,2025-05-29,20-29,Female,Outpatient,Swab,Wound Culture,Morning,Clinical Officer,Accepted,Not rejected,48.0,False,False
SP104083,2025-03-12,40-49,Female,Outpatient,CSF,Culture,Night,Clinical Officer,Accepted,Not rejected,126.0,False,False
SP102213,2025-10-14,50-59,Female,ICU,Urine,Urinalysis,Morning,Laboratory Technologist,Accepted,Not rejected,85.0,False,False
SP101487,2025-03-12,60+,Female,Outpatient,Blood,LFT,Morning,Laboratory Technologist,Accepted,Not rejected,38.0,False,False
SP103658,2025-03-05,0-9,Male,Maternity,Urine,Urine Culture,Afternoon,Phlebotomist,Accepted,Not rejected,71.0,True,False
SP101550,2025-03-26,20-29,Male,Emergency,Stool,Culture,Night,Phlebotomist,Accepted,Not rejected,29.0,False,False
SP100938,2025-02-18,0-9,Male,Outpatient,Swab,Throat Culture,Morning,Phlebotomist,Rejected,Delayed transport,76.0,False,False
SP104477,2025-05-23,60+,Male,ICU,Urine,Urine Culture,Afternoon,Clinical Officer,Rejected,Leaking container,86.0,False,False
SP103889,2025-08-22,0-9,Female,Outpatient,Urine,Urine Culture,Morning,Phlebotomist,Accepted,Not rejected,96.0,False,False
SP100963,2025-12-10,60+,Female,Outpatient,Blood,Creatinine,Afternoon,Nurse,Accepted,Not rejected,102.0,False,False
SP103869,2025-02-08,10-19,Female,Outpatient,Blood,LFT,Night,Clinical Officer,Accepted,Not rejected,44.0,False,False
SP103952,2025-08-03,10-19,Male,Pediatrics,Blood,Creatinine,Night,Clinical Officer,Accepted,Not rejected,41.0,False,False
SP102107,2025-01-12,30-39,Male,Inpatient,Blood,Urea,Afternoon,Clinical Officer,Accepted,Not rejected,57.0,False,False
SP100357,2025-07-20,10-19,Male,Emergency,Blood,Glucose,Morning,Nurse,Accepted,Not rejected,96.0,False,False
SP101351,2025-12-05,20-29,Male,Inpatient,Swab,Wound Culture,Afternoon,Laboratory Technologist,Rejected,Leaking container,109.0,False,False
SP101606,2025-07-19,30-39,Male,Outpatient,Urine,Urine Culture,Afternoon,Nurse,Accepted,Not rejected,73.0,False,False
SP100378,2025-08-10,30-39,Male,Pediatrics,Urine,Urinalysis,Morning,Laboratory Technologist,Accepted,Not rejected,81.0,False,True
SP103393,2025-09-27,20-29,Male,Pediatrics,Swab,Throat Culture,Afternoon,Phlebotomist,Accepted,Not rejected,96.0,False,True
SP103117,2025-11-10,20-29,Male,Emergency,Stool,Stool O&P,Afternoon,Nurse,Accepted,Not rejected,34.0,False,False
SP103259,2025-03-12,10-19,Female,Outpatient,Blood,Creatinine,Afternoon,Nurse,Accepted,Not rejected,81.0,False,False
SP103097,2025-07-06,50-59,Female,Maternity,Urine,Urine Culture,Morning,Phlebotomist,Accepted,Not rejected,71.0,False,False
SP104018,2025-08-08,30-39,Female,Inpatient,Blood,Urea,Night,Nurse,Accepted,Not rejected,88.0,False,False
SP104667,2025-01-29,40-49,Male,Pediatrics,Blood,LFT,Afternoon,Phlebotomist,Accepted,Not rejected,76.0,False,True
SP102621,2025-07-08,20-29,Female,Outpatient,Stool,Culture,Morning,Nurse,Rejected,Mislabeling,90.0,False,False
SP103218,2025-05-01,20-29,Female,Pediatrics,Blood,CBC,Afternoon,Clinical Officer,Accepted,Not rejected,95.0,False,True
SP104019,2025-05-07,0-9,Male,Maternity,Blood,Glucose,Night,Laboratory Technologist,Accepted,Not rejected,35.0,True,False
SP100243,2025-08-30,30-39,Male,Pediatrics,Blood,Urea,Afternoon,Phlebotomist,Accepted,Not rejected,67.0,False,True
SP100302,2025-08-31,0-9,Female,Inpatient,Urine,Urinalysis,Afternoon,Laboratory Technologist,Accepted,Not rejected,73.0,False,False
SP103663,2025-04-16,20-29,Female,Outpatient,Stool,Culture,Night,Clinical Officer,Accepted,Not rejected,79.0,False,False
SP100237,2025-10-23,50-59,Male,Outpatient,Swab,Throat Culture,Morning,Laboratory Technologist,Accepted,Not rejected,96.0,False,False
SP102421,2025-03-06,50-59,Male,Outpatient,Stool,Culture,Afternoon,Phlebotomist,Accepted,Not rejected,47.0,False,False
SP101463,2025-06-29,40-49,Male,Emergency,Blood,Glucose,Afternoon,Phlebotomist,Accepted,Not rejected,62.0,False,False
SP102692,2025-08-28,30-39,Male,Inpatient,Blood,LFT,Afternoon,Phlebotomist,Accepted,Not rejected,90.0,False,False
SP101417,2025-11-20,10-19,Male,ICU,Blood,Creatinine,Night,Nurse,Accepted,Not rejected,67.0,False,False
SP103540,2025-10-15,40-49,Male,Emergency,CSF,CSF Analysis,Afternoon,Laboratory Technologist,Accepted,Not rejected,74.0,False,False
SP104551,2025-11-06,50-59,Male,Pediatrics,Swab,Wound Culture,Morning,Nurse,Accepted,Not rejected,95.0,False,True
SP101955,2025-08-26,30-39,Female,Outpatient,Blood,Glucose,Morning,Clinical Officer,Accepted,Not rejected,100.0,False,False
SP100147,2025-12-27,0-9,Male,Outpatient,Blood,Glucose,Morning,Clinical Officer,Accepted,Not rejected,81.0,False,False
SP103885,2025-06-02,30-39,Female,Outpatient,Blood,Creatinine,Afternoon,Clinical Officer,Accepted,Not rejected,33.0,False,False
SP102482,2025-05-06,10-19,Female,Inpatient,Urine,Urine Culture,Afternoon,Phlebotomist,Accepted,Not rejected,100.0,False,False
SP104538,2025-09-03,0-9,Male,Outpatient,Sputum,Culture,Morning,Nurse,Accepted,Not rejected,120.0,False,False
SP102115,2025-03-15,40-49,Male,Outpatient,Urine,Urinalysis,Afternoon,Nurse,Accepted,Not rejected,51.0,False,False
SP104116,2025-06-24,20-29,Male,Pediatrics,Urine,Urinalysis,Afternoon,Nurse,Accepted,Not rejected,74.0,False,True
SP104780,2025-03-10,10-19,Male,Maternity,Swab,Throat Culture,Morning,Nurse,Accepted,Not rejected,67.0,True,False
SP103793,2025-07-01,50-59,Male,Inpatient,Blood,LFT,Morning,Phlebotomist,Accepted,Not rejected,67.0,False,False
SP103838,2025-09-03,20-29,Female,Emergency,Sputum,AFB,Afternoon,Clinical Officer,Accepted,Not rejected,71.0,False,False
SP102630,2025-02-22,10-19,Male,Maternity,Stool,Stool O&P,Morning,Nurse,Accepted,Not rejected,94.0,True,False
SP104323,2025-01-19,10-19,Female,Emergency,Swab,Throat Culture,Afternoon,Nurse,Accepted,Not rejected,32.0,False,False
SP103016,2025-08-06,10-19,Male,Inpatient,CSF,Culture,Afternoon,Nurse,Accepted,Not rejected,99.0,False,False
SP103836,2025-03-08,30-39,Female,Emergency,Blood,CBC,Morning,Nurse,Accepted,Not rejected,60.0,False,False
SP104212,2025-10-09,10-19,Female,Pediatrics,Sputum,AFB,Night,Clinical Officer,Accepted,Not rejected,77.0,False,False
SP103337,2025-06-11,40-49,Female,Pediatrics,Urine,Urine Culture,Night,Nurse,Accepted,Not rejected,89.0,False,True
SP100605,2025-08-08,60+,Female,Inpatient,Sputum,Culture,Morning,Nurse,Accepted,Not rejected,50.0,False,False
SP100538,2025-05-06,0-9,Female,Maternity,Urine,Urine Culture,Morning,Nurse,Accepted,Not rejected,48.0,False,False
SP102666,2025-11-18,0-9,Female,ICU,Urine,Urinalysis,Night,Laboratory Technologist,Accepted,Not rejected,56.0,False,False
SP101727,2025-07-20,60+,Female,Inpatient,Sputum,Culture,Morning,Laboratory Technologist,Accepted,Not rejected,64.0,False,False
SP104649,2025-08-06,10-19,Female,Outpatient,Blood,Creatinine,Night,Nurse,Accepted,Not rejected,80.0,False,False
SP102891,2025-03-03,20-29,Male,Outpatient,Urine,Urinalysis,Morning,Phlebotomist,Accepted,Not rejected,40.0,False,False
SP101253,2025-03-04,10-19,Female,Maternity,Swab,Throat Culture,Night,Clinical Officer,Accepted,Not rejected,62.0,False,False
SP104048,2025-02-17,50-59,Female,Emergency,Blood,CBC,Afternoon,Nurse,Rejected,Wrong container,36.0,False,False
SP100443,2025-04-28,60+,Male,Maternity,Blood,Glucose,Morning,Nurse,Accepted,Not rejected,111.0,True,False
SP100477,2025-09-15,20-29,Female,Emergency,Urine,Urine Culture,Night,Phlebotomist,Accepted,Not rejected,63.0,False,False
SP101592,2025-09-30,20-29,Female,Outpatient,Urine,Urinalysis,Morning,Nurse,Accepted,Not rejected,96.0,False,False
SP103095,2025-11-26,50-59,Male,Inpatient,Sputum,Gram Stain,Afternoon,Clinical Officer,Accepted,Not rejected,84.0,False,False
SP103526,2025-03-28,30-39,Female,Pediatrics,Sputum,Culture,Morning,Phlebotomist,Accepted,Not rejected,36.0,False,True
SP102159,2025-07-26,20-29,Female,Outpatient,Urine,Urine Culture,Morning,Laboratory Technologist,Accepted,Not rejected,98.0,False,False
SP100388,2025-01-16,30-39,Male,ICU,Blood,LFT,Night,Nurse,Rejected,Mislabeling,104.0,False,False
SP101916,2025-05-06,20-29,Female,Pediatrics,Blood,LFT,Afternoon,Nurse,Accepted,Not rejected,41.0,False,True
SP100932,2025-11-14,50-59,Female,Outpatient,Urine,Urinalysis,Afternoon,Clinical Officer,Accepted,Not rejected,124.0,False,False
SP102966,2025-11-26,30-39,Female,Inpatient,Urine,Urinalysis,Morning,Phlebotomist,Accepted,Not rejected,84.0,False,False
SP104975,2025-02-03,60+,Male,Maternity,Stool,Stool O&P,Afternoon,Nurse,Accepted,Not rejected,66.0,True,False
SP104928,2025-03-01,40-49,Female,Pediatrics,Sputum,Gram Stain,Morning,Phlebotomist,Accepted,Not rejected,79.0,False,True
SP102536,2025-10-11,30-39,Female,Pediatrics,Sputum,AFB,Afternoon,Clinical Officer,Accepted,Not rejected,40.0,False,True
SP104363,2025-09-22,20-29,Male,Inpatient,Blood,LFT,Afternoon,Clinical Officer,Accepted,Not rejected,113.0,False,False
SP102331,2025-05-19,10-19,Female,Pediatrics,Blood,CBC,Morning,Nurse,Accepted,Not rejected,89.0,False,False
SP100009,2025-08-30,60+,Male,Outpatient,CSF,CSF Analysis,Morning,Nurse,Accepted,Not rejected,78.0,False,False
SP104292,2025-03-02,20-29,Male,Emergency,Blood,Urea,Afternoon,Nurse,Accepted,Not rejected,115.0,False,False
SP102137,2025-09-30,10-19,Female,Maternity,Swab,Throat Culture,Morning,Laboratory Technologist,Accepted,Not rejected,102.0,False,False
SP101490,2025-01-17,30-39,Male,Pediatrics,Urine,Urine Culture,Morning,Laboratory Technologist,Rejected,Wrong container,136.0,False,True
SP100312,2025-05-09,0-9,Male,Outpatient,Blood,Glucose,Night,Nurse,Accepted,Not rejected,55.0,False,False
SP102609,2025-07-07,30-39,Male,Outpatient,Blood,LFT,Afternoon,Nurse,Accepted,Not rejected,55.0,False,False
SP100456,2025-01-01,60+,Female,Maternity,Blood,Glucose,Night,Nurse,Rejected,Clotted specimen,137.0,False,False
SP102887,2025-05-04,10-19,Female,Outpatient,Blood,Creatinine,Morning,Clinical Officer,Accepted,Not rejected,99.0,False,False
SP104775,2025-11-17,50-59,Female,Outpatient,Blood,Creatinine,Night,Clinical Officer,Accepted,Not rejected,63.0,False,False
SP104517,2025-01-27,40-49,Male,Pediatrics,Urine,Urinalysis,Morning,Nurse,Accepted,Not rejected,65.0,False,True
SP100082,2025-06-05,40-49,Female,Outpatient,Blood,CBC,Night,Nurse,Accepted,Not rejected,37.0,False,False
SP102806,2025-10-09,10-19,Male,Inpatient,Blood,LFT,Morning,Clinical Officer,Accepted,Not rejected,60.0,False,False
SP103637,2025-09-26,30-39,Male,Outpatient,Blood,CBC,Morning,Phlebotomist,Accepted,Not rejected,94.0,False,False
SP100352,2025-06-09,20-29,Male,Unknown,Blood,Urea,Morning,Clinical Officer,Accepted,Not rejected,58.0,False,False
SP100329,2025-05-24,60+,Female,Maternity,Urine,Urinalysis,Afternoon,Phlebotomist,Accepted,Not rejected,100.0,False,False
SP103561,2025-12-17,50-59,Female,Outpatient,Blood,Urea,Afternoon,Clinical Officer,Accepted,Not rejected,26.0,False,False
SP101408,2025-10-14,20-29,Female,Outpatient,Blood,Urea,Afternoon,Nurse,Accepted,Not rejected,103.0,False,False
SP101508,2025-10-18,0-9,Male,ICU,CSF,CSF Analysis,Morning,Laboratory Technologist,Accepted,Not rejected,70.0,False,False
SP100183,2025-06-27,10-19,Female,Inpatient,Urine,Urinalysis,Afternoon,Phlebotomist,Accepted,Not rejected,58.0,False,False
SP101183,2025-03-02,60+,Male,Pediatrics,Urine,Urinalysis,Morning,Clinical Officer,Accepted,Not rejected,62.0,False,True
SP100041,2025-02-18,30-39,Female,ICU,Blood,LFT,Morning,Clinical Officer,Accepted,Not rejected,93.0,False,False
SP101559,2025-09-05,60+,Male,Inpatient,Blood,CBC,Morning,Laboratory Technologist,Accepted,Not rejected,76.0,False,False
SP102043,2025-10-13,50-59,Female,Maternity,Blood,LFT,Morning,Laboratory Technologist,Accepted,Not rejected,107.0,False,False
SP101470,2025-10-19,10-19,Female,Outpatient,Blood,LFT,Morning,Nurse,Accepted,Not rejected,118.0,False,False
SP100094,2025-09-17,30-39,Male,Inpatient,Blood,LFT,Night,Nurse,Accepted,Not rejected,88.0,False,False
SP102075,2025-06-30,10-19,Female,Maternity,Swab,Wound Culture,Morning,Phlebotomist,Accepted,Not rejected,47.0,False,False
SP101402,2025-01-04,60+,Female,Maternity,CSF,Culture,Afternoon,Nurse,Accepted,Not rejected,81.0,False,False
SP100653,2025-06-22,10-19,Female,Inpatient,Swab,Throat Culture,Morning,Nurse,Accepted,Not rejected,114.0,False,False
SP102508,2025-12-29,20-29,Male,Outpatient,Blood,Creatinine,Night,Clinical Officer,Accepted,Not rejected,109.0,False,False
SP102379,2025-10-14,20-29,Female,Inpatient,Blood,LFT,Night,Clinical Officer,Accepted,Not rejected,90.0,False,False
SP101767,2025-04-15,0-9,Male,Maternity,Blood,Creatinine,Morning,Nurse,Accepted,Not rejected,79.0,True,False
SP102905,2025-05-10,0-9,Male,Emergency,Swab,Wound Culture,Afternoon,Nurse,Accepted,Not rejected,46.0,False,False
SP102556,2025-12-25,60+,Male,Inpatient,Urine,Urine Culture,Afternoon,Phlebotomist,Accepted,Not rejected,85.0,False,False
SP103940,2025-06-17,60+,Female,Maternity,Sputum,Culture,Night,Clinical Officer,Accepted,Not rejected,37.0,False,False
SP103030,2025-06-27,10-19,Female,Outpatient,Blood,LFT,Morning,Phlebotomist,Accepted,Not rejected,61.0,False,False
SP100283,2025-03-16,40-49,Female,Inpatient,Urine,Urinalysis,Morning,Nurse,Accepted,Not rejected,74.0,False,False
SP100298,2025-04-01,20-29,Female,Maternity,Urine,Urinalysis,Afternoon,Laboratory Technologist,Accepted,Not rejected,83.0,False,False
SP101000,2025-12-09,40-49,Female,Emergency,Swab,Wound Culture,Morning,Phlebotomist,Accepted,Not rejected,74.0,False,False
SP104416,2025-01-15,20-29,Female,Maternity,Swab,Throat Culture,Night,Nurse,Accepted,Not rejected,119.0,False,False
SP101307,2025-06-22,30-39,Female,Maternity,Sputum,AFB,Afternoon,Laboratory Technologist,Accepted,Not rejected,68.0,False,False
SP103694,2025-12-22,40-49,Male,Outpatient,Blood,LFT,Afternoon,Clinical Officer,Accepted,Not rejected,41.0,False,False
SP104729,2025-07-28,20-29,Female,Outpatient,Urine,Urine Culture,Night,Clinical Officer,Accepted,Not rejected,71.0,False,False
SP102827,2025-09-25,10-19,Male,Pediatrics,Blood,Urea,Night,Nurse,Accepted,Not rejected,61.0,False,False
SP103645,2025-11-15,10-19,Female,Emergency,Swab,Wound Culture,Night,Clinical Officer,Accepted,Not rejected,47.0,False,False
SP102855,2025-12-18,0-9,Male,Outpatient,Stool,Culture,Morning,Phlebotomist,Accepted,Not rejected,112.0,False,False
SP103790,2025-02-15,20-29,Female,Maternity,Swab,Wound Culture,Morning,Laboratory Technologist,Accepted,Not rejected,54.0,False,False
SP104738,2025-12-08,40-49,Female,Inpatient,Blood,Glucose,Morning,Nurse,Accepted,Not rejected,73.0,False,False
SP103872,2025-07-12,60+,Female,Pediatrics,Urine,Urinalysis,Afternoon,Phlebotomist,Accepted,Not rejected,100.0,False,True
SP103020,2025-11-30,60+,Male,Emergency,Blood,CBC,Night,Clinical Officer,Accepted,Not rejected,109.0,False,False
SP100034,2025-11-16,60+,Female,ICU,Urine,Urine Culture,Morning,Nurse,Accepted,Not rejected,82.0,False,False
SP104341,2025-09-27,40-49,Male,Emergency,Sputum,Culture,Afternoon,Clinical Officer,Accepted,Not rejected,44.0,False,False
SP104884,2025-02-20,50-59,Female,Pediatrics,Blood,Creatinine,Night,Phlebotomist,Rejected,Wrong container,71.0,False,True
SP101736,2025-05-09,0-9,Female,Inpatient,Urine,Urinalysis,Morning,Nurse,Accepted,Not rejected,26.0,False,False
SP103255,2025-04-28,10-19,Male,Outpatient,Blood,Urea,Afternoon,Clinical Officer,Rejected,Leaking container,41.0,False,False
SP102204,2025-03-11,60+,Male,Emergency,Urine,Urinalysis,Morning,Clinical Officer,Accepted,Not rejected,58.0,False,False
SP104465,2025-09-16,30-39,Male,Emergency,Blood,Glucose,Afternoon,Nurse,Accepted,Not rejected,41.0,False,False
SP100277,2025-02-19,20-29,Female,Outpatient,Urine,Urinalysis,Night,Clinical Officer,Accepted,Not rejected,125.0,False,False
SP103812,2025-11-06,10-19,Male,Outpatient,Blood,Urea,Night,Laboratory Technologist,Accepted,Not rejected,106.0,False,False
SP103530,2025-06-26,40-49,Male,Inpatient,Blood,Glucose,Morning,Clinical Officer,Accepted,Not rejected,86.0,False,False
SP102470,2025-06-10,60+,Male,Pediatrics,Blood,CBC,Night,Phlebotomist,Accepted,Not rejected,40.0,False,True
SP104430,2025-11-23,40-49,Male,ICU,Blood,Creatinine,Afternoon,Nurse,Accepted,Not rejected,60.0,False,False
SP101827,2025-05-10,50-59,Male,Outpatient,Urine,Urinalysis,Afternoon,Phlebotomist,Accepted,Not rejected,10.0,False,False
SP101613,2025-08-02,50-59,Female,Maternity,Sputum,Gram Stain,Afternoon,Nurse,Accepted,Not rejected,76.0,False,False
SP100037,2025-07-15,50-59,Male,Maternity,Stool,Culture,Afternoon,Clinical Officer,Accepted,Not rejected,111.0,True,False
SP103466,2025-08-06,10-19,Female,Inpatient,Blood,Glucose,Night,Clinical Officer,Accepted,Not rejected,120.0,False,False
SP103576,2025-03-27,40-49,Female,Outpatient,Blood,Urea,Afternoon,Laboratory Technologist,Rejected,Hemolysis,34.0,False,False
SP103461,2025-09-15,20-29,Female,Emergency,Urine,Urine Culture,Night,Clinical Officer,Accepted,Not rejected,61.0,False,False
SP101524,2025-05-04,0-9,Female,Outpatient,Urine,Urine Culture,Afternoon,Clinical Officer,Accepted,Not rejected,59.0,False,False
SP104143,2025-05-06,20-29,Male,Emergency,Swab,Wound Culture,Afternoon,Phlebotomist,Accepted,Not rejected,72.0,False,False
SP102346,2025-11-27,50-59,Male,Outpatient,Sputum,Gram Stain,Morning,Laboratory Technologist,Accepted,Not rejected,103.0,False,False
SP101444,2025-05-05,50-59,Male,Inpatient,Blood,CBC,Afternoon,Phlebotomist,Accepted,Not rejected,112.0,False,False
SP102289,2025-02-10,20-29,Male,Emergency,Stool,Stool O&P,Morning,Nurse,Accepted,Not rejected,84.0,False,False
SP100261,2025-12-29,20-29,Female,Pediatrics,Stool,Culture,Afternoon,Clinical Officer,Accepted,Not rejected,81.0,False,True
SP101363,2025-02-11,60+,Male,ICU,Urine,Urine Culture,Afternoon,Nurse,Accepted,Not rejected,45.0,False,False
SP104218,2025-04-11,20-29,Male,Emergency,CSF,CSF Analysis,Afternoon,Nurse,Accepted,Not rejected,108.0,False,False
SP101093,2025-05-09,50-59,Male,Pediatrics,Swab,Throat Culture,Night,Laboratory Technologist,Accepted,Not rejected,66.0,False,True
SP102878,2025-06-06,50-59,Female,Pediatrics,Blood,CBC,Night,Nurse,Accepted,Not rejected,63.0,False,True
SP104584,2025-12-30,50-59,Female,Outpatient,Urine,Urinalysis,Morning,Nurse,Accepted,Not rejected,86.0,False,False
SP101715,2025-12-20,20-29,Female,Outpatient,CSF,Culture,Afternoon,Nurse,Accepted,Not rejected,71.0,False,False
SP101366,2025-05-30,20-29,Male,Emergency,Swab,Wound Culture,Afternoon,Nurse,Accepted,Not rejected,41.0,False,False
SP101193,2025-09-28,10-19,Male,Inpatient,Blood,Urea,Morning,Nurse,Accepted,Not rejected,61.0,False,False
SP100848,2025-02-21,10-19,Female,Emergency,Blood,Creatinine,Night,Laboratory Technologist,Accepted,Not rejected,33.0,False,False
SP103666,2025-07-18,10-19,Female,Pediatrics,Blood,LFT,Afternoon,Laboratory Technologist,Accepted,Not rejected,99.0,False,False
SP101640,2025-03-20,20-29,Female,Inpatient,Urine,Urinalysis,Afternoon,Clinical Officer,Accepted,Not rejected,104.0,False,False
SP101282,2025-10-07,10-19,Male,Emergency,Swab,Throat Culture,Night,Nurse,Accepted,Not rejected,32.0,False,False
SP104524,2025-05-30,60+,Female,Outpatient,Urine,Urinalysis,Morning,Clinical Officer,Accepted,Not rejected,85.0,False,False
SP101835,2025-08-30,60+,Female,Emergency,Urine,Urine Culture,Afternoon,Clinical Officer,Accepted,Not rejected,77.0,False,False
SP101864,2025-04-03,30-39,Female,ICU,Swab,Wound Culture,Afternoon,Clinical Officer,Accepted,Not rejected,83.0,False,False
SP100165,2025-11-07,10-19,Male,Maternity,Blood,LFT,Afternoon,Phlebotomist,Accepted,Not rejected,58.0,True,False
SP100720,2025-10-25,60+,Female,Emergency,Sputum,Culture,Afternoon,Clinical Officer,Rejected,Leaking container,75.0,False,False
SP101994,2025-03-18,20-29,Male,Inpatient,Urine,Urinalysis,Morning,Nurse,Rejected,Delayed transport,81.0,False,False
SP103618,2025-09-12,10-19,Male,Inpatient,Blood,CBC,Night,Phlebotomist,Accepted,Not rejected,58.0,False,False
SP101676,2025-03-15,20-29,Female,Inpatient,Stool,Culture,Morning,Clinical Officer,Accepted,Not rejected,33.0,False,False
SP102170,2025-03-30,10-19,Male,Outpatient,Urine,Urinalysis,Night,Clinical Officer,Accepted,Not rejected,55.0,False,False
SP104423,2025-06-05,30-39,Male,ICU,Urine,Urinalysis,Morning,Nurse,Accepted,Not rejected,151.0,False,False
SP104790,2025-07-18,50-59,Male,ICU,CSF,CSF Analysis,Morning,Phlebotomist,Accepted,Not rejected,62.0,False,False
SP103990,2025-11-25,60+,Male,Inpatient,Blood,Urea,Afternoon,Nurse,Accepted,Not rejected,77.0,False,False
SP100917,2025-08-09,10-19,Female,Outpatient,Blood,LFT,Afternoon,Clinical Officer,Accepted,Not rejected,53.0,False,False
SP103034,2025-09-29,40-49,Female,Emergency,Urine,Urine Culture,Afternoon,Phlebotomist,Accepted,Not rejected,92.0,False,False
SP103248,2025-11-04,30-39,Male,Pediatrics,Blood,Urea,Morning,Clinical Officer,Accepted,Not rejected,78.0,False,True
SP104953,2025-03-01,60+,Female,Outpatient,Blood,Urea,Afternoon,Nurse,Accepted,Not rejected,48.0,False,False
SP102103,2025-10-08,50-59,Male,Emergency,CSF,CSF Analysis,Morning,Nurse,Accepted,Not rejected,64.0,False,False
SP101626,2025-12-30,40-49,Male,Pediatrics,Sputum,Culture,Morning,Clinical Officer,Rejected,Wrong container,60.0,False,True
SP103116,2025-05-03,40-49,Female,Emergency,CSF,Culture,Afternoon,Clinical Officer,Accepted,Not rejected,78.0,False,False
SP104222,2025-05-20,20-29,Female,Outpatient,Swab,Throat Culture,Night,Nurse,Rejected,Mislabeling,86.0,False,False
SP103654,2025-10-21,10-19,Female,Emergency,Urine,Urine Culture,Night,Unknown,Rejected,Clotted specimen,39.0,False,False
SP101825,2025-03-05,20-29,Female,Emergency,Blood,Creatinine,Afternoon,Nurse,Accepted,Not rejected,56.0,False,False
SP102809,2025-03-20,50-59,Female,Emergency,Sputum,AFB,Night,Phlebotomist,Accepted,Not rejected,61.0,False,False
SP101597,2025-06-26,0-9,Male,Inpatient,Stool,Stool O&P,Morning,Clinical Officer,Accepted,Not rejected,103.0,False,False
SP102101,2025-03-23,0-9,Female,Pediatrics,Urine,Urine Culture,Morning,Clinical Officer,Accepted,Not rejected,50.0,False,False
SP102521,2025-05-20,10-19,Female,Emergency,Blood,Urea,Afternoon,Nurse,Rejected,Mislabeling,51.0,False,False
SP103204,2025-04-22,10-19,Male,Maternity,Sputum,AFB,Morning,Clinical Officer,Accepted,Not rejected,116.0,True,False
SP102152,2025-11-27,10-19,Male,Outpatient,Blood,CBC,Afternoon,Phlebotomist,Accepted,Not rejected,128.0,False,False
SP104989,2025-04-20,10-19,Female,ICU,Blood,CBC,Afternoon,Clinical Officer,Rejected,Wrong container,67.0,False,False
SP104495,2025-02-21,20-29,Male,Inpatient,Swab,Wound Culture,Morning,Clinical Officer,Accepted,Not rejected,79.0,False,False
SP104915,2025-07-26,20-29,Male,Emergency,Swab,Throat Culture,Morning,Clinical Officer,Accepted,Not rejected,95.0,False,False
SP103042,2025-06-29,50-59,Male,Inpatient,Urine,Urinalysis,Morning,Clinical Officer,Accepted,Not rejected,34.0,False,False
SP103911,2025-06-29,60+,Female,Outpatient,Blood,CBC,Morning,Nurse,Accepted,Not rejected,93.0,False,False
SP104102,2025-07-27,20-29,Female,Pediatrics,Blood,LFT,Morning,Laboratory Technologist,Accepted,Not rejected,63.0,False,True
SP104145,2025-04-03,0-9,Female,Outpatient,Blood,Glucose,Afternoon,Nurse,Accepted,Not rejected,39.0,False,False
SP104785,2025-02-13,0-9,Male,Emergency,Urine,Urinalysis,Morning,Clinical Officer,Accepted,Not rejected,85.0,False,False
SP100320,2025-06-12,0-9,Female,Outpatient,Swab,Wound Culture,Night,Nurse,Rejected,Mislabeling,102.0,False,False
SP102595,2025-05-21,30-39,Female,Outpatient,Urine,Urinalysis,Night,Phlebotomist,Accepted,Not rejected,105.0,False,False
SP103270,2025-08-26,20-29,Male,Pediatrics,Sputum,AFB,Afternoon,Nurse,Accepted,Not rejected,46.0,False,True
SP102816,2025-09-16,20-29,Male,Inpatient,Urine,Urine Culture,Morning,Phlebotomist,Accepted,Not rejected,44.0,False,False
SP104097,2025-10-05,50-59,Female,Outpatient,Stool,Stool O&P,Night,Nurse,Accepted,Not rejected,42.0,False,False
SP102566,2025-04-20,60+,Male,Emergency,Swab,Throat Culture,Afternoon,Clinical Officer,Accepted,Not rejected,36.0,False,False
SP100757,2025-12-08,10-19,Male,Maternity,CSF,Culture,Morning,Laboratory Technologist,Accepted,Not rejected,122.0,True,False
SP104213,2025-10-19,60+,Male,Pediatrics,Blood,Creatinine,Night,Clinical Officer,Accepted,Not rejected,45.0,False,True
SP103855,2025-09-01,50-59,Male,ICU,CSF,Culture,Morning,Clinical Officer,Accepted,Not rejected,90.0,False,False
SP103166,2025-03-31,30-39,Female,Emergency,Blood,LFT,Morning,Phlebotomist,Accepted,Not rejected,80.0,False,False
SP101266,2025-06-02,40-49,Male,Inpatient,Urine,Urinalysis,Morning,Nurse,Rejected,Insufficient volume,74.0,False,False
SP102469,2025-12-01,30-39,Male,Maternity,Blood,CBC,Morning,Clinical Officer,Accepted,Not rejected,84.0,True,False
SP100112,2025-08-27,0-9,Female,Outpatient,Urine,Urinalysis,Morning,Phlebotomist,Accepted,Not rejected,26.0,False,False
SP102491,2025-12-12,50-59,Male,Inpatient,Sputum,AFB,Morning,Nurse,Accepted,Not rejected,66.0,False,False
SP100709,2025-02-06,60+,Male,Outpatient,Sputum,Culture,Morning,Clinical Officer,Rejected,Delayed transport,78.0,False,False
SP100077,2025-06-19,60+,Female,Outpatient,Blood,LFT,Afternoon,Phlebotomist,Accepted,Not rejected,87.0,False,False
SP100321,2025-08-27,40-49,Female,Inpatient,Blood,Creatinine,Morning,Clinical Officer,Accepted,Not rejected,53.0,False,False
SP101658,2025-09-10,0-9,Female,Outpatient,Blood,Urea,Morning,Nurse,Rejected,Mislabeling,69.0,False,False
SP102574,2025-07-16,60+,Male,Outpatient,CSF,CSF Analysis,Morning,Clinical Officer,Accepted,Not rejected,98.0,False,False
SP100655,2025-03-07,10-19,Male,Pediatrics,Sputum,Gram Stain,Morning,Laboratory Technologist,Accepted,Not rejected,115.0,False,False
SP102108,2025-02-02,40-49,Female,Outpatient,Blood,Glucose,Night,Clinical Officer,Accepted,Not rejected,95.0,False,False
SP103948,2025-10-03,50-59,Male,ICU,Urine,Urinalysis,Morning,Nurse,Accepted,Not rejected,60.0,False,False
SP104309,2025-10-03,30-39,Male,Inpatient,Blood,CBC,Morning,Nurse,Accepted,Not rejected,65.0,False,False
SP103225,2025-05-19,50-59,Female,Inpatient,Sputum,Gram Stain,Night,Laboratory Technologist,Accepted,Not rejected,130.0,False,False
SP103929,2025-07-14,50-59,Male,Outpatient,Sputum,AFB,Night,Phlebotomist,Accepted,Not rejected,71.0,False,False
SP103205,2025-12-14,50-59,Female,Outpatient,Swab,Throat Culture,Morning,Clinical Officer,Rejected,Insufficient volume,75.0,False,False
SP100897,2025-07-13,60+,Female,Outpatient,Blood,Creatinine,Morning,Nurse,Accepted,Not rejected,112.0,False,False
SP101359,2025-10-18,60+,Female,Inpatient,Urine,Urinalysis,Night,Nurse,Accepted,Not rejected,58.0,False,False
SP101808,2025-03-23,10-19,Male,Inpatient,Swab,Wound Culture,Morning,Nurse,Accepted,Not rejected,107.0,False,False
SP100923,2025-08-27,10-19,Female,Pediatrics,Swab,Wound Culture,Night,Clinical Officer,Rejected,Leaking container,61.0,False,False
SP103761,2025-10-10,40-49,Female,Inpatient,Sputum,Culture,Night,Clinical Officer,Accepted,Not rejected,69.0,False,False
SP104808,2025-12-30,0-9,Male,Maternity,Blood,Urea,Morning,Nurse,Accepted,Not rejected,65.0,True,False
SP100250,2025-08-13,20-29,Male,Inpatient,Urine,Urine Culture,Afternoon,Nurse,Accepted,Not rejected,94.0,False,False
SP100750,2025-06-07,30-39,Female,Inpatient,Blood,Creatinine,Morning,Nurse,Accepted,Not rejected,109.0,False,False
SP102487,2025-09-09,30-39,Female,Pediatrics,Swab,Wound Culture,Afternoon,Laboratory Technologist,Rejected,Hemolysis,64.0,False,True
SP102226,2025-02-02,50-59,Female,Outpatient,Urine,Urine Culture,Night,Laboratory Technologist,Accepted,Not rejected,99.0,False,False
SP104284,2025-01-04,10-19,Female,Outpatient,Urine,Urine Culture,Afternoon,Nurse,Accepted,Not rejected,177.0,False,False
SP104087,2025-02-22,20-29,Female,Outpatient,CSF,Culture,Morning,Nurse,Accepted,Not rejected,86.0,False,False
SP101088,2025-01-25,60+,Female,Outpatient,Urine,Urine Culture,Morning,Laboratory Technologist,Accepted,Not rejected,50.0,False,False
SP103744,2025-03-15,60+,Male,Pediatrics,Blood,CBC,Afternoon,Clinical Officer,Accepted,Not rejected,85.0,False,True
SP102941,2025-04-06,60+,Male,Emergency,Blood,Urea,Night,Nurse,Rejected,Delayed transport,58.0,False,False
SP100974,2025-04-17,40-49,Male,Maternity,Urine,Urinalysis,Afternoon,Phlebotomist,Accepted,Not rejected,98.0,True,False
SP100570,2025-12-03,30-39,Female,Outpatient,Urine,Urinalysis,Morning,Nurse,Accepted,Not rejected,81.0,False,False
SP102819,2025-01-18,30-39,Female,Pediatrics,Urine,Urine Culture,Afternoon,Laboratory Technologist,Accepted,Not rejected,44.0,False,True
SP103675,2025-06-24,20-29,Male,Inpatient,Blood,Urea,Morning,Nurse,Accepted,Not rejected,108.0,False,False
SP102803,2025-06-21,20-29,Female,Inpatient,Blood,CBC,Night,Clinical Officer,Accepted,Not rejected,70.0,False,False
SP104003,2025-06-25,0-9,Female,ICU,Blood,CBC,Morning,Laboratory Technologist,Rejected,Mislabeling,45.0,False,False
SP102061,2025-09-12,0-9,Female,Emergency,Stool,Stool O&P,Night,Phlebotomist,Accepted,Not rejected,61.0,False,False
SP102338,2025-04-08,40-49,Female,Maternity,Sputum,Culture,Afternoon,Phlebotomist,Accepted,Not rejected,96.0,False,False
SP102022,2025-10-05,40-49,Female,ICU,Blood,LFT,Morning,Nurse,Accepted,Not rejected,20.0,False,False
SP103552,2025-06-07,0-9,Female,Pediatrics,Stool,Stool O&P,Morning,Nurse,Accepted,Not rejected,53.0,False,False
SP103194,2025-10-29,50-59,Male,Inpatient,Blood,LFT,Morning,Clinical Officer,Accepted,Not rejected,33.0,False,False
SP104880,2025-03-21,20-29,Male,Inpatient,Blood,LFT,Afternoon,Nurse,Accepted,Not rejected,78.0,False,False
SP104062,2025-05-01,20-29,Male,Outpatient,Blood,Glucose,Morning,Clinical Officer,Accepted,Not rejected,42.0,False,False
SP103497,2025-12-22,60+,Male,Inpatient,Urine,Urinalysis,Morning,Clinical Officer,Accepted,Not rejected,64.0,False,False
SP103867,2025-08-10,20-29,Female,Inpatient,Blood,LFT,Night,Nurse,Accepted,Not rejected,69.0,False,False
SP102613,2025-10-28,30-39,Male,ICU,Blood,Creatinine,Morning,Clinical Officer,Accepted,Not rejected,66.0,False,False
SP100317,2025-02-12,10-19,Female,Outpatient,Sputum,AFB,Morning,Phlebotomist,Accepted,Not rejected,97.0,False,False
SP103261,2025-07-24,0-9,Male,Outpatient,Urine,Urine Culture,Morning,Phlebotomist,Accepted,Not rejected,102.0,False,False
SP102392,2025-02-27,10-19,Male,Outpatient,Blood,Urea,Night,Phlebotomist,Accepted,Not rejected,78.0,False,False
SP100651,2025-06-12,30-39,Female,Outpatient,Blood,CBC,Night,Phlebotomist,Accepted,Not rejected,51.0,False,False
SP104140,2025-08-17,60+,Female,Emergency,Blood,CBC,Morning,Nurse,Accepted,Not rejected,45.0,False,False
SP102711,2025-09-09,20-29,Male,Maternity,Urine,Urine Culture,Night,Nurse,Accepted,Not rejected,69.0,True,False
SP100799,2025-01-04,30-39,Male,Maternity,Swab,Wound Culture,Night,Nurse,Accepted,Not rejected,105.0,True,False
SP104033,2025-02-04,40-49,Male,Emergency,Blood,LFT,Morning,Nurse,Accepted,Not rejected,76.0,False,False
SP101132,2025-03-18,60+,Female,Inpatient,Swab,Wound Culture,Night,Laboratory Technologist,Accepted,Not rejected,88.0,False,False
SP101987,2025-12-13,60+,Female,ICU,Sputum,AFB,Night,Nurse,Accepted,Not rejected,33.0,False,False
SP103781,2025-07-03,30-39,Male,Inpatient,Urine,Urinalysis,Afternoon,Clinical Officer,Accepted,Not rejected,96.0,False,False
SP100081,2025-09-17,20-29,Female,Emergency,Swab,Wound Culture,Morning,Clinical Officer,Accepted,Not rejected,64.0,False,False
SP104012,2025-01-15,20-29,Female,Maternity,Swab,Wound Culture,Afternoon,Laboratory Technologist,Accepted,Not rejected,33.0,False,False
SP101332,2025-01-11,60+,Female,ICU,Blood,Urea,Morning,Laboratory Technologist,Accepted,Not rejected,66.0,False,False
SP100025,2025-03-25,60+,Male,Pediatrics,Stool,Stool O&P,Afternoon,Nurse,Accepted,Not rejected,91.0,False,True
SP104460,2025-06-26,30-39,Female,Outpatient,Swab,Throat Culture,Morning,Clinical Officer,Accepted,Not rejected,147.0,False,False
SP103806,2025-06-13,60+,Male,Inpatient,Stool,Culture,Afternoon,Phlebotomist,Accepted,Not rejected,124.0,False,False
SP102689,2025-11-12,30-39,Male,Pediatrics,Stool,Stool O&P,Afternoon,Clinical Officer,Accepted,Not rejected,59.0,False,True
SP102986,2025-09-29,20-29,Female,Inpatient,Urine,Urinalysis,Afternoon,Nurse,Accepted,Not rejected,74.0,False,False
SP102738,2025-12-30,20-29,Male,Outpatient,Blood,LFT,Night,Clinical Officer,Accepted,Not rejected,87.0,False,False
SP103791,2025-09-01,60+,Male,Emergency,Sputum,Gram Stain,Morning,Nurse,Accepted,Not rejected,77.0,False,False
SP101919,2025-03-07,0-9,Male,Outpatient,Stool,Stool O&P,Night,Nurse,Accepted,Not rejected,80.0,False,False
SP104307,2025-10-30,20-29,Female,Pediatrics,Blood,Glucose,Morning,Phlebotomist,Accepted,Not rejected,34.0,False,True
SP103102,2025-07-23,60+,Female,Inpatient,Swab,Throat Culture,Afternoon,Nurse,Accepted,Not rejected,88.0,False,False
SP103709,2025-07-29,30-39,Male,Outpatient,Urine,Urine Culture,Morning,Unknown,Accepted,Not rejected,100.0,False,False
SP104043,2025-04-23,0-9,Male,Emergency,Blood,CBC,Afternoon,Nurse,Accepted,Not rejected,76.0,False,False
SP102707,2025-10-13,30-39,Male,Emergency,CSF,Culture,Night,Clinical Officer,Accepted,Not rejected,69.0,False,False
SP102286,2025-03-20,50-59,Female,Pediatrics,Urine,Urinalysis,Afternoon,Nurse,Accepted,Not rejected,55.0,False,True
SP103900,2025-03-13,60+,Female,Pediatrics,Swab,Wound Culture,Morning,Phlebotomist,Accepted,Not rejected,94.0,False,True
SP101160,2025-09-23,40-49,Male,Outpatient,Sputum,Culture,Afternoon,Phlebotomist,Accepted,Not rejected,99.0,False,False
SP100211,2025-03-23,60+,Male,Pediatrics,Sputum,Gram Stain,Night,Nurse,Accepted,Not rejected,104.0,False,True
SP104070,2025-12-17,30-39,Female,ICU,Urine,Urine Culture,Morning,Nurse,Accepted,Not rejected,64.0,False,False
SP103230,2025-10-09,30-39,Female,Inpatient,Blood,Urea,Afternoon,Nurse,Rejected,Insufficient volume,89.0,False,False
SP100264,2025-10-04,10-19,Male,Inpatient,Blood,Glucose,Morning,Nurse,Accepted,Not rejected,94.0,False,False
SP101020,2025-02-20,10-19,Male,Maternity,Blood,Urea,Morning,Laboratory Technologist,Accepted,Not rejected,82.0,True,False
SP103159,2025-01-09,50-59,Male,Inpatient,Urine,Urine Culture,Morning,Nurse,Accepted,Not rejected,25.0,False,False
SP104617,2025-07-14,60+,Male,Outpatient,Blood,Creatinine,Afternoon,Phlebotomist,Rejected,Mislabeling,72.0,False,False
SP102593,2025-08-29,10-19,Female,Emergency,Blood,Glucose,Morning,Phlebotomist,Accepted,Not rejected,66.0,False,False
SP102932,2025-08-21,40-49,Female,Outpatient,Blood,Urea,Afternoon,Clinical Officer,Rejected,Mislabeling,89.0,False,False
SP100781,2025-05-04,0-9,Male,Maternity,Stool,Culture,Afternoon,Nurse,Accepted,Not rejected,58.0,True,False
SP104889,2025-02-14,10-19,Male,Emergency,Stool,Culture,Afternoon,Phlebotomist,Accepted,Not rejected,64.0,False,False
SP101980,2025-06-03,10-19,Female,ICU,Blood,LFT,Afternoon,Phlebotomist,Accepted,Not rejected,94.0,False,False
SP100306,2025-01-14,10-19,Male,Maternity,Sputum,Gram Stain,Afternoon,Phlebotomist,Accepted,Not rejected,16.0,True,False
SP103558,2025-07-24,40-49,Female,Outpatient,Blood,Creatinine,Morning,Laboratory Technologist,Accepted,Not rejected,46.0,False,False
SP104203,2025-09-27,30-39,Female,Emergency,Blood,CBC,Morning,Nurse,Accepted,Not rejected,95.0,False,False
SP100898,2025-09-13,40-49,Male,Pediatrics,Urine,Urine Culture,Afternoon,Nurse,Accepted,Not rejected,98.0,False,True
SP100544,2025-10-05,30-39,Male,Outpatient,Blood,CBC,Afternoon,Phlebotomist,Accepted,Not rejected,63.0,False,False
SP101757,2025-05-14,60+,Male,Emergency,Urine,Urine Culture,Night,Unknown,Accepted,Not rejected,73.0,False,False
SP102811,2025-07-31,20-29,Female,Inpatient,Blood,Creatinine,Afternoon,Clinical Officer,Accepted,Not rejected,138.0,False,False
SP103877,2025-12-26,30-39,Female,Inpatient,Swab,Throat Culture,Morning,Phlebotomist,Accepted,Not rejected,63.0,False,False
SP101079,2025-07-01,50-59,Male,Outpatient,Urine,Urinalysis,Morning,Nurse,Accepted,Not rejected,68.0,False,False
SP102038,2025-09-16,20-29,Male,Outpatient,Sputum,AFB,Night,Laboratory Technologist,Accepted,Not rejected,58.0,False,False
SP102236,2025-08-27,60+,Female,Outpatient,Urine,Urinalysis,Night,Nurse,Rejected,Wrong container,87.0,False,False
SP103361,2025-06-02,30-39,Female,Inpatient,Blood,LFT,Afternoon,Nurse,Accepted,Not rejected,72.0,False,False
SP100089,2025-07-07,20-29,Female,Emergency,Blood,Creatinine,Morning,Clinical Officer,Accepted,Not rejected,98.0,False,False
SP102762,2025-08-15,60+,Female,Pediatrics,Sputum,Gram Stain,Afternoon,Clinical Officer,Accepted,Not rejected,75.0,False,True
SP102324,2025-06-10,10-19,Female,Maternity,Blood,LFT,Morning,Phlebotomist,Accepted,Not rejected,66.0,False,False
SP103503,2025-09-05,50-59,Female,Pediatrics,Blood,LFT,Morning,Nurse,Accepted,Not rejected,52.0,False,True
SP103575,2025-01-15,30-39,Female,Pediatrics,Blood,CBC,Night,Nurse,Accepted,Not rejected,98.0,False,True
SP102433,2025-09-15,0-9,Male,Maternity,Sputum,AFB,Morning,Nurse,Accepted,Not rejected,128.0,True,False
SP101659,2025-03-05,0-9,Female,Pediatrics,Sputum,Culture,Night,Nurse,Accepted,Not rejected,121.0,False,False
SP102088,2025-06-08,0-9,Male,Pediatrics,Stool,Stool O&P,Afternoon,Phlebotomist,Accepted,Not rejected,103.0,False,False
SP104134,2025-07-02,0-9,Male,Outpatient,Blood,CBC,Afternoon,Clinical Officer,Accepted,Not rejected,96.0,False,False
SP104378,2025-05-25,50-59,Male,ICU,Blood,Creatinine,Morning,Laboratory Technologist,Accepted,Not rejected,72.0,False,False
SP102205,2025-06-06,0-9,Male,Outpatient,Blood,LFT,Night,Nurse,Accepted,Not rejected,110.0,False,False
SP101907,2025-04-30,50-59,Female,Outpatient,Blood,Creatinine,Night,Nurse,Accepted,Not rejected,99.0,False,False
SP100704,2025-07-30,40-49,Male,Emergency,Blood,LFT,Afternoon,Laboratory Technologist,Accepted,Not rejected,116.0,False,False
SP100943,2025-10-13,0-9,Female,Inpatient,Swab,Throat Culture,Afternoon,Laboratory Technologist,Rejected,Leaking container,88.0,False,False
SP102951,2025-05-20,40-49,Female,Inpatient,Urine,Urine Culture,Morning,Nurse,Accepted,Not rejected,38.0,False,False
SP103673,2025-10-14,10-19,Female,Outpatient,Blood,Glucose,Afternoon,Clinical Officer,Rejected,Delayed transport,105.0,False,False
SP100222,2025-03-21,10-19,Male,Pediatrics,Sputum,Culture,Morning,Clinical Officer,Accepted,Not rejected,59.0,False,False
SP102315,2025-05-24,20-29,Male,Emergency,Swab,Throat Culture,Afternoon,Laboratory Technologist,Accepted,Not rejected,69.0,False,False
SP102514,2025-09-06,0-9,Female,Outpatient,Blood,Creatinine,Night,Nurse,Rejected,Mislabeling,80.0,False,False
SP102789,2025-05-21,40-49,Female,Emergency,Blood,Glucose,Morning,Nurse,Accepted,Not rejected,87.0,False,False
SP101413,2025-05-16,30-39,Female,Inpatient,Sputum,Culture,Night,Clinical Officer,Accepted,Not rejected,67.0,False,False
SP103661,2025-12-14,50-59,Male,Emergency,Blood,LFT,Afternoon,Clinical Officer,Accepted,Not rejected,100.0,False,False
SP101992,2025-01-13,50-59,Female,Inpatient,Sputum,Gram Stain,Afternoon,Nurse,Accepted,Not rejected,49.0,False,False
SP101320,2025-04-30,40-49,Male,Maternity,CSF,CSF Analysis,Night,Clinical Officer,Accepted,Not rejected,48.0,True,False
SP104572,2025-11-21,10-19,Male,Outpatient,Blood,CBC,Morning,Laboratory Technologist,Rejected,Clotted specimen,127.0,False,False
SP102817,2025-10-02,40-49,Male,Emergency,Swab,Wound Culture,Morning,Laboratory Technologist,Accepted,Not rejected,35.0,False,False
SP101028,2025-04-02,0-9,Male,Outpatient,Blood,Creatinine,Morning,Laboratory Technologist,Accepted,Not rejected,92.0,False,False
SP101665,2025-12-22,0-9,Male,Pediatrics,Stool,Stool O&P,Afternoon,Phlebotomist,Accepted,Not rejected,96.0,False,False
SP101747,2025-01-22,40-49,Female,Outpatient,Urine,Urine Culture,Morning,Nurse,Accepted,Not rejected,72.0,False,False
SP104388,2025-07-22,10-19,Male,Pediatrics,Blood,Glucose,Morning,Nurse,Accepted,Not rejected,83.0,False,False
SP102584,2025-07-21,40-49,Male,Emergency,Urine,Urinalysis,Morning,Nurse,Accepted,Not rejected,87.0,False,False
SP100108,2025-05-18,10-19,Female,Outpatient,Blood,LFT,Afternoon,Nurse,Accepted,Not rejected,72.0,False,False
SP100877,2025-10-18,20-29,Female,Emergency,Sputum,AFB,Morning,Nurse,Accepted,Not rejected,38.0,False,False
SP101610,2025-10-01,0-9,Male,Outpatient,Urine,Urinalysis,Night,Nurse,Accepted,Not rejected,68.0,False,False
SP104870,2025-07-13,50-59,Female,ICU,Blood,LFT,Night,Clinical Officer,Rejected,Delayed transport,89.0,False,False
SP102804,2025-03-01,50-59,Male,Emergency,Urine,Urine Culture,Morning,Nurse,Rejected,Clotted specimen,84.0,False,False
SP100844,2025-08-19,20-29,Female,Maternity,Swab,Wound Culture,Afternoon,Laboratory Technologist,Accepted,Not rejected,68.0,False,False
SP102207,2025-08-15,40-49,Male,Pediatrics,Urine,Urine Culture,Morning,Nurse,Accepted,Not rejected,82.0,False,True
SP104421,2025-01-05,30-39,Male,ICU,Swab,Throat Culture,Afternoon,Nurse,Accepted,Not rejected,47.0,False,False
SP102148,2025-09-29,50-59,Male,Inpatient,Blood,Creatinine,Night,Nurse,Accepted,Not rejected,32.0,False,False
SP102793,2025-09-11,20-29,Male,ICU,Sputum,AFB,Morning,Clinical Officer,Accepted,Not rejected,67.0,False,False
SP103299,2025-01-03,0-9,Female,Outpatient,Stool,Stool O&P,Afternoon,Phlebotomist,Accepted,Not rejected,81.0,False,False
SP101399,2025-11-11,40-49,Male,Outpatient,Blood,Creatinine,Afternoon,Phlebotomist,Accepted,Not rejected,63.0,False,False
SP102047,2025-03-19,60+,Male,ICU,Blood,LFT,Morning,Clinical Officer,Accepted,Not rejected,20.0,False,False
SP104577,2025-11-27,30-39,Male,Maternity,Sputum,Gram Stain,Morning,Clinical Officer,Accepted,Not rejected,25.0,True,False
SP104513,2025-01-22,30-39,Female,Outpatient,Sputum,AFB,Afternoon,Phlebotomist,Accepted,Not rejected,95.0,False,False
SP101448,2025-12-09,30-39,Male,Outpatient,Stool,Culture,Morning,Nurse,Accepted,Not rejected,32.0,False,False
SP104389,2025-07-21,60+,Female,Pediatrics,Blood,Creatinine,Morning,Clinical Officer,Accepted,Not rejected,57.0,False,True
SP102537,2025-01-14,10-19,Male,Outpatient,Blood,LFT,Afternoon,Clinical Officer,Rejected,Delayed transport,137.0,False,False
SP100291,2025-01-21,20-29,Male,Outpatient,Sputum,AFB,Night,Clinical Officer,Rejected,Delayed transport,52.0,False,False
SP104994,2025-12-11,0-9,Female,Emergency,Sputum,Gram Stain,Afternoon,Nurse,Accepted,Not rejected,122.0,False,False
SP101691,2025-04-21,30-39,Female,Pediatrics,Blood,Urea,Night,Nurse,Rejected,Clotted specimen,79.0,False,True
SP104094,2025-11-06,50-59,Female,Emergency,Urine,Urine Culture,Morning,Nurse,Accepted,Not rejected,65.0,False,False
SP100778,2025-03-11,30-39,Male,Emergency,Blood,Creatinine,Morning,Nurse,Accepted,Not rejected,87.0,False,False
SP100982,2025-06-06,50-59,Female,Pediatrics,Swab,Wound Culture,Night,Nurse,Accepted,Not rejected,71.0,False,True
SP101519,2025-06-02,30-39,Female,Emergency,CSF,Culture,Afternoon,Clinical Officer,Accepted,Not rejected,75.0,False,False
SP104392,2025-05-01,60+,Male,Outpatient,Urine,Urine Culture,Night,Nurse,Accepted,Not rejected,36.0,False,False
SP104903,2025-06-06,40-49,Male,ICU,Stool,Stool O&P,Afternoon,Nurse,Accepted,Not rejected,66.0,False,False
SP101883,2025-02-25,50-59,Male,Pediatrics,Blood,Urea,Morning,Nurse,Accepted,Not rejected,98.0,False,True
SP100229,2025-10-05,20-29,Male,Emergency,Blood,Glucose,Morning,Clinical Officer,Accepted,Not rejected,86.0,False,False
SP102582,2025-02-11,60+,Female,Outpatient,Blood,CBC,Morning,Phlebotomist,Accepted,Not rejected,59.0,False,False
SP102675,2025-08-19,0-9,Male,Maternity,Urine,Urinalysis,Night,Phlebotomist,Accepted,Not rejected,22.0,True,False
SP103086,2025-08-04,10-19,Male,Outpatient,Blood,LFT,Afternoon,Clinical Officer,Accepted,Not rejected,37.0,False,False
SP102696,2025-01-14,60+,Female,Emergency,Urine,Urine Culture,Night,Phlebotomist,Accepted,Not rejected,53.0,False,False
SP103987,2025-04-11,20-29,Female,Outpatient,Blood,Urea,Night,Nurse,Accepted,Not rejected,49.0,False,False
SP104896,2025-07-11,10-19,Female,Outpatient,Blood,Glucose,Afternoon,Clinical Officer,Accepted,Not rejected,56.0,False,False
SP100055,2025-01-26,10-19,Female,Outpatient,Sputum,Culture,Morning,Clinical Officer,Accepted,Not rejected,84.0,False,False
SP103385,2025-08-04,40-49,Female,Inpatient,Blood,Urea,Afternoon,Phlebotomist,Accepted,Not rejected,94.0,False,False
SP101030,2025-08-21,40-49,Female,Outpatient,Blood,CBC,Afternoon,Clinical Officer,Accepted,Not rejected,100.0,False,False
SP103715,2025-05-23,20-29,Male,Outpatient,Swab,Throat Culture,Morning,Nurse,Accepted,Not rejected,134.0,False,False
SP101044,2025-01-06,60+,Female,Outpatient,Blood,CBC,Night,Laboratory Technologist,Rejected,Wrong container,88.0,False,False
SP101277,2025-05-27,20-29,Male,Emergency,Blood,Urea,Afternoon,Nurse,Accepted,Not rejected,85.0,False,False
SP104135,2025-08-20,20-29,Female,Outpatient,Blood,Glucose,Night,Nurse,Accepted,Not rejected,117.0,False,False
SP102775,2025-01-05,60+,Female,Emergency,Blood,LFT,Afternoon,Nurse,Accepted,Not rejected,81.0,False,False
SP104372,2025-02-15,0-9,Female,Emergency,Urine,Urine Culture,Morning,Nurse,Accepted,Not rejected,85.0,False,False
SP104380,2025-10-02,20-29,Female,Outpatient,Swab,Throat Culture,Night,Phlebotomist,Accepted,Not rejected,47.0,False,False
SP102100,2025-08-12,0-9,Female,Pediatrics,Blood,CBC,Morning,Nurse,Accepted,Not rejected,68.0,False,False
SP104400,2025-10-02,20-29,Male,Pediatrics,Urine,Urine Culture,Morning,Nurse,Accepted,Not rejected,73.0,False,True
SP100643,2025-09-29,0-9,Female,Outpatient,Sputum,Gram Stain,Night,Nurse,Accepted,Not rejected,22.0,False,False
SP102423,2025-08-06,60+,Female,ICU,Sputum,Gram Stain,Afternoon,Nurse,Accepted,Not rejected,43.0,False,False
SP101787,2025-04-25,10-19,Female,Pediatrics,Blood,Creatinine,Afternoon,Laboratory Technologist,Accepted,Not rejected,76.0,False,False
SP100140,2025-02-08,20-29,Male,Inpatient,Urine,Urine Culture,Afternoon,Clinical Officer,Accepted,Not rejected,73.0,False,False
SP100499,2025-10-18,20-29,Female,Outpatient,Sputum,Culture,Morning,Nurse,Accepted,Not rejected,84.0,False,False
SP104947,2025-06-09,50-59,Male,Emergency,Blood,Glucose,Afternoon,Nurse,Accepted,Not rejected,63.0,False,False
SP100798,2025-09-30,0-9,Female,Emergency,Swab,Wound Culture,Morning,Phlebotomist,Accepted,Not rejected,99.0,False,False
SP102045,2025-01-17,30-39,Male,Pediatrics,Urine,Urine Culture,Afternoon,Nurse,Accepted,Not rejected,64.0,False,True
SP104819,2025-01-23,60+,Female,Maternity,Urine,Urinalysis,Morning,Clinical Officer,Rejected,Insufficient volume,124.0,False,False
SP100246,2025-08-24,60+,Male,Pediatrics,Blood,LFT,Morning,Phlebotomist,Accepted,Not rejected,44.0,False,True
SP104233,2025-11-21,10-19,Female,Emergency,Urine,Urine Culture,Night,Phlebotomist,Accepted,Not rejected,95.0,False,False
SP104571,2025-04-17,50-59,Female,Outpatient,Blood,Glucose,Afternoon,Nurse,Accepted,Not rejected,73.0,False,False
SP104986,2025-03-02,10-19,Female,Outpatient,Urine,Urine Culture,Night,Nurse,Accepted,Not rejected,69.0,False,False
SP104583,2025-10-21,40-49,Male,Emergency,Urine,Urine Culture,Morning,Nurse,Accepted,Not rejected,116.0,False,False
SP102373,2025-09-12,40-49,Male,Maternity,Blood,LFT,Night,Clinical Officer,Accepted,Not rejected,88.0,True,False
SP101003,2025-09-27,10-19,Male,Outpatient,Urine,Urine Culture,Night,Laboratory Technologist,Rejected,Insufficient volume,41.0,False,False
SP104144,2025-10-10,20-29,Female,Pediatrics,Blood,CBC,Morning,Clinical Officer,Accepted,Not rejected,147.0,False,True
SP102721,2025-02-10,50-59,Male,Outpatient,Stool,Stool O&P,Morning,Laboratory Technologist,Accepted,Not rejected,99.0,False,False
SP101841,2025-06-01,20-29,Male,Inpatient,Urine,Urinalysis,Afternoon,Nurse,Accepted,Not rejected,95.0,False,False
SP104042,2025-05-03,60+,Male,ICU,Blood,LFT,Afternoon,Laboratory Technologist,Accepted,Not rejected,51.0,False,False
SP102304,2025-12-30,10-19,Male,Inpatient,Swab,Throat Culture,Morning,Clinical Officer,Accepted,Not rejected,97.0,False,False
SP104153,2025-06-18,10-19,Female,Outpatient,Urine,Urinalysis,Morning,Clinical Officer,Accepted,Not rejected,42.0,False,False
SP104690,2025-11-11,30-39,Male,Emergency,Blood,CBC,Night,Phlebotomist,Rejected,Insufficient volume,49.0,False,False
SP101135,2025-03-12,50-59,Male,Inpatient,Blood,Glucose,Morning,Nurse,Accepted,Not rejected,73.0,False,False
SP102354,2025-01-27,Unknown,Male,Outpatient,Urine,Urinalysis,Morning,Clinical Officer,Accepted,Not rejected,72.0,False,False
SP103587,2025-01-21,0-9,Male,Inpatient,Blood,Urea,Afternoon,Phlebotomist,Accepted,Not rejected,52.0,False,False
SP102453,2025-08-02,40-49,Female,Outpatient,Blood,Glucose,Morning,Nurse,Accepted,Not rejected,100.0,False,False
SP104393,2025-11-19,20-29,Female,Emergency,Urine,Urinalysis,Morning,Laboratory Technologist,Accepted,Not rejected,89.0,False,False
SP103696,2025-04-15,Unknown,Female,Inpatient,Blood,Creatinine,Morning,Clinical Officer,Accepted,Not rejected,81.0,False,False
SP104245,2025-11-11,40-49,Male,Pediatrics,Blood,LFT,Afternoon,Phlebotomist,Accepted,Not rejected,128.0,False,True
SP101722,2025-07-06,20-29,Female,Outpatient,Sputum,Gram Stain,Afternoon,Nurse,Accepted,Not rejected,25.0,False,False
SP100356,2025-02-13,30-39,Male,Emergency,Blood,LFT,Afternoon,Nurse,Accepted,Not rejected,65.0,False,False
SP103501,2025-10-14,30-39,Male,Inpatient,Swab,Wound Culture,Night,Clinical Officer,Accepted,Not rejected,31.0,False,False
SP104647,2025-08-25,20-29,Male,Inpatient,Blood,Urea,Afternoon,Nurse,Accepted,Not rejected,78.0,False,False
SP101934,2025-04-22,40-49,Female,Outpatient,Urine,Urinalysis,Morning,Nurse,Rejected,Insufficient volume,60.0,False,False
SP100285,2025-12-13,60+,Female,ICU,Blood,LFT,Morning,Nurse,Accepted,Not rejected,91.0,False,False
SP101238,2025-08-07,20-29,Female,Outpatient,Blood,Glucose,Morning,Nurse,Accepted,Not rejected,44.0,False,False
SP103740,2025-09-18,60+,Male,Inpatient,Blood,CBC,Morning,Nurse,Rejected,Leaking container,0.0,False,False
SP104755,2025-07-04,60+,Male,Outpatient,Sputum,AFB,Night,Nurse,Accepted,Not rejected,43.0,False,False
SP103633,2025-08-09,0-9,Male,Outpatient,Sputum,AFB,Night,Clinical Officer,Rejected,Insufficient volume,73.0,False,False
SP101421,2025-06-04,0-9,Male,Outpatient,Blood,Creatinine,Night,Nurse,Accepted,Not rejected,64.0,False,False
SP104133,2025-06-03,0-9,Female,Pediatrics,Sputum,AFB,Morning,Laboratory Technologist,Accepted,Not rejected,72.0,False,False
SP101663,2025-10-21,20-29,Male,Outpatient,Urine,Urine Culture,Afternoon,Nurse,Accepted,Not rejected,88.0,False,False
SP102960,2025-12-29,50-59,Female,Pediatrics,Urine,Urinalysis,Night,Clinical Officer,Accepted,Not rejected,25.0,False,True
SP100252,2025-02-06,50-59,Male,Outpatient,Urine,Urine Culture,Afternoon,Nurse,Accepted,Not rejected,88.0,False,False
SP103507,2025-10-02,60+,Female,Inpatient,Swab,Wound Culture,Morning,Nurse,Accepted,Not rejected,87.0,False,False
SP100907,2025-03-04,20-29,Male,Outpatient,Blood,Urea,Morning,Phlebotomist,Accepted,Not rejected,85.0,False,False
SP104798,2025-07-01,30-39,Female,Maternity,Sputum,AFB,Night,Laboratory Technologist,Rejected,Delayed transport,105.0,False,False
SP101632,2025-01-09,40-49,Male,Maternity,Swab,Throat Culture,Morning,Phlebotomist,Rejected,Hemolysis,106.0,True,False
SP104480,2025-06-21,30-39,Female,Pediatrics,Blood,LFT,Morning,Phlebotomist,Accepted,Not rejected,71.0,False,True
SP104675,2025-07-21,20-29,Female,Pediatrics,Blood,CBC,Night,Laboratory Technologist,Rejected,Clotted specimen,63.0,False,True
SP100692,2025-12-14,0-9,Male,Emergency,Swab,Throat Culture,Night,Clinical Officer,Accepted,Not rejected,70.0,False,False
SP101595,2025-02-16,0-9,Female,Maternity,Blood,LFT,Afternoon,Phlebotomist,Accepted,Not rejected,67.0,False,False
SP104312,2025-05-27,0-9,Female,ICU,Blood,LFT,Night,Clinical Officer,Accepted,Not rejected,70.0,False,False
SP102533,2025-01-30,20-29,Male,Emergency,Swab,Throat Culture,Night,Nurse,Accepted,Not rejected,81.0,False,False
SP103989,2025-01-11,20-29,Female,Outpatient,Blood,LFT,Morning,Clinical Officer,Accepted,Not rejected,56.0,False,False
SP100686,2025-05-18,10-19,Female,Maternity,Swab,Throat Culture,Morning,Clinical Officer,Accepted,Not rejected,41.0,False,False
SP100641,2025-09-29,20-29,Female,Outpatient,Sputum,Gram Stain,Morning,Clinical Officer,Accepted,Not rejected,85.0,False,False
SP102299,2025-07-17,50-59,Female,Outpatient,Urine,Urine Culture,Afternoon,Clinical Officer,Accepted,Not rejected,68.0,False,False
SP102161,2025-09-21,0-9,Female,Inpatient,Urine,Urinalysis,Morning,Laboratory Technologist,Rejected,Insufficient volume,115.0,False,False
SP104163,2025-01-30,30-39,Male,Outpatient,Swab,Wound Culture,Morning,Nurse,Accepted,Not rejected,73.0,False,False
SP103548,2025-05-24,50-59,Female,Emergency,Blood,LFT,Morning,Nurse,Accepted,Not rejected,61.0,False,False
SP103524,2025-04-13,0-9,Female,Outpatient,Sputum,Culture,Afternoon,Phlebotomist,Accepted,Not rejected,52.0,False,False
SP100426,2025-01-03,30-39,Male,Outpatient,Blood,Urea,Afternoon,Nurse,Accepted,Not rejected,80.0,False,False
SP100234,2025-06-12,30-39,Female,Inpatient,Blood,LFT,Morning,Nurse,Accepted,Not rejected,75.0,False,False
SP101939,2025-06-06,30-39,Female,Emergency,Urine,Urine Culture,Afternoon,Nurse,Accepted,Not rejected,77.0,False,False
SP102564,2025-03-17,0-9,Female,Pediatrics,Blood,Urea,Morning,Phlebotomist,Accepted,Not rejected,71.0,False,False
SP103433,2025-04-06,10-19,Male,Maternity,Stool,Culture,Morning,Laboratory Technologist,Accepted,Not rejected,78.0,True,False
SP102312,2025-01-04,40-49,Female,Emergency,Blood,LFT,Morning,Nurse,Accepted,Not rejected,66.0,False,False
SP103756,2025-04-03,60+,Female,Inpatient,Sputum,AFB,Night,Nurse,Accepted,Not rejected,52.0,False,False
SP100341,2025-11-27,30-39,Male,Outpatient,Blood,CBC,Afternoon,Clinical Officer,Accepted,Not rejected,65.0,False,False
SP100529,2025-10-17,30-39,Female,ICU,Stool,Culture,Afternoon,Nurse,Accepted,Not rejected,56.0,False,False
SP102852,2025-10-28,0-9,Male,ICU,Blood,LFT,Night,Nurse,Accepted,Not rejected,88.0,False,False
SP104885,2025-03-11,0-9,Male,Emergency,Urine,Urinalysis,Morning,Nurse,Accepted,Not rejected,,False,False
SP101039,2025-05-30,10-19,Female,Emergency,Blood,Urea,Afternoon,Clinical Officer,Accepted,Not rejected,120.0,False,False
SP100274,2025-10-09,50-59,Female,Outpatient,Urine,Urinalysis,Morning,Laboratory Technologist,Accepted,Not rejected,90.0,False,False
SP102462,2025-08-05,10-19,Male,ICU,Sputum,AFB,Night,Nurse,Accepted,Not rejected,74.0,False,False
SP103121,2025-06-04,50-59,Male,Emergency,Blood,Glucose,Afternoon,Nurse,Accepted,Not rejected,30.0,False,False
SP101042,2025-08-03,40-49,Male,Pediatrics,Sputum,Culture,Afternoon,Phlebotomist,Accepted,Not rejected,54.0,False,True
SP103353,2025-04-07,10-19,Female,Pediatrics,Urine,Urinalysis,Morning,Nurse,Accepted,Not rejected,74.0,False,False
SP104075,2025-06-27,0-9,Female,Outpatient,Urine,Urine Culture,Morning,Clinical Officer,Accepted,Not rejected,119.0,False,False
SP100541,2025-08-03,20-29,Male,Pediatrics,Urine,Urine Culture,Afternoon,Nurse,Accepted,Not rejected,55.0,False,True
SP101094,2025-10-02,20-29,Male,Maternity,CSF,CSF Analysis,Afternoon,Laboratory Technologist,Accepted,Not rejected,71.0,True,False
SP104052,2025-05-01,60+,Male,ICU,Blood,CBC,Morning,Clinical Officer,Accepted,Not rejected,37.0,False,False
SP103724,2025-12-10,50-59,Female,Inpatient,Sputum,AFB,Morning,Laboratory Technologist,Accepted,Not rejected,29.0,False,False
SP101781,2025-02-16,30-39,Female,Pediatrics,Blood,CBC,Afternoon,Nurse,Accepted,Not rejected,83.0,False,True
SP104946,2025-11-18,10-19,Female,Inpatient,Sputum,Culture,Night,Phlebotomist,Accepted,Not rejected,111.0,False,False
SP104982,2025-04-11,10-19,Female,ICU,Urine,Urinalysis,Afternoon,Clinical Officer,Accepted,Not rejected,70.0,False,False
SP102742,2025-01-27,50-59,Female,Emergency,Urine,Urinalysis,Night,Clinical Officer,Accepted,Not rejected,49.0,False,False
SP104565,2025-11-28,50-59,Male,Emergency,Urine,Urine Culture,Afternoon,Nurse,Accepted,Not rejected,77.0,False,False
SP104311,2025-08-07,50-59,Female,Inpatient,Urine,Urine Culture,Afternoon,Laboratory Technologist,Accepted,Not rejected,63.0,False,False
SP101217,2025-10-12,50-59,Male,Inpatient,Blood,LFT,Afternoon,Nurse,Accepted,Not rejected,86.0,False,False
SP103956,2025-06-05,0-9,Female,Outpatient,Swab,Throat Culture,Morning,Nurse,Accepted,Not rejected,110.0,False,False
SP100245,2025-12-12,50-59,Female,Outpatient,Blood,LFT,Morning,Phlebotomist,Accepted,Not rejected,41.0,False,False
SP100834,2025-08-31,20-29,Male,Inpatient,Blood,Glucose,Morning,Nurse,Accepted,Not rejected,31.0,False,False
SP104407,2025-04-08,60+,Female,Outpatient,Urine,Urine Culture,Morning,Clinical Officer,Accepted,Not rejected,81.0,False,False
SP102590,2025-11-05,30-39,Male,Inpatient,Urine,Urinalysis,Afternoon,Phlebotomist,Accepted,Not rejected,74.0,False,False
SP103400,2025-10-20,0-9,Male,Outpatient,Blood,Creatinine,Morning,Phlebotomist,Accepted,Not rejected,84.0,False,False
SP103068,2025-02-15,10-19,Female,Outpatient,Sputum,AFB,Afternoon,Phlebotomist,Accepted,Not rejected,101.0,False,False
SP100449,2025-06-14,10-19,Male,Inpatient,Blood,Creatinine,Night,Phlebotomist,Accepted,Not rejected,79.0,False,False
SP100415,2025-02-12,30-39,Male,Maternity,Sputum,Gram Stain,Afternoon,Clinical Officer,Rejected,Insufficient volume,46.0,True,False
SP100462,2025-02-06,30-39,Female,Inpatient,CSF,Culture,Night,Clinical Officer,Accepted,Not rejected,116.0,False,False
SP104792,2025-04-28,10-19,Female,Maternity,Swab,Wound Culture,Morning,Laboratory Technologist,Accepted,Not rejected,62.0,False,False
SP104829,2025-12-02,30-39,Male,Inpatient,Urine,Urinalysis,Night,Clinical Officer,Accepted,Not rejected,52.0,False,False
SP102119,2025-03-12,20-29,Male,Pediatrics,Swab,Wound Culture,Morning,Phlebotomist,Accepted,Not rejected,87.0,False,True
SP104120,2025-09-29,50-59,Male,Outpatient,Blood,Glucose,Night,Laboratory Technologist,Accepted,Not rejected,43.0,False,False
SP100516,2025-01-12,0-9,Female,Outpatient,Urine,Urine Culture,Afternoon,Nurse,Accepted,Not rejected,72.0,False,False
SP101936,2025-04-05,10-19,Female,Outpatient,Sputum,AFB,Afternoon,Nurse,Accepted,Not rejected,38.0,False,False
SP104444,2025-04-10,50-59,Female,Inpatient,Blood,Creatinine,Morning,Laboratory Technologist,Accepted,Not rejected,81.0,False,False
SP102464,2025-07-18,40-49,Female,Outpatient,Stool,Culture,Morning,Clinical Officer,Accepted,Not rejected,72.0,False,False
SP100583,2025-04-19,10-19,Male,Inpatient,Swab,Throat Culture,Morning,Nurse,Accepted,Not rejected,81.0,False,False
SP102739,2025-02-23,50-59,Female,Outpatient,Urine,Urinalysis,Night,Laboratory Technologist,Accepted,Not rejected,57.0,False,False
SP100530,2025-04-16,60+,Female,Outpatient,CSF,Culture,Morning,Nurse,Accepted,Not rejected,76.0,False,False
SP100167,2025-01-26,60+,Male,Inpatient,Urine,Urinalysis,Morning,Nurse,Accepted,Not rejected,58.0,False,False
SP103655,2025-08-19,30-39,Female,Inpatient,Urine,Urine Culture,Morning,Nurse,Accepted,Not rejected,119.0,False,False
SP104000,2025-01-31,30-39,Male,ICU,Stool,Stool O&P,Afternoon,Nurse,Accepted,Not rejected,72.0,False,False
SP102851,2025-12-12,30-39,Male,Pediatrics,Sputum,AFB,Morning,Nurse,Rejected,Hemolysis,99.0,False,True
SP103960,2025-12-14,60+,Female,Inpatient,CSF,CSF Analysis,Afternoon,Nurse,Accepted,Not rejected,94.0,False,False
SP102340,2025-07-18,0-9,Female,Inpatient,Blood,Urea,Morning,Clinical Officer,Rejected,Wrong container,93.0,False,False
SP102737,2025-10-14,60+,Female,ICU,Stool,Stool O&P,Morning,Clinical Officer,Accepted,Not rejected,46.0,False,False
SP100448,2025-08-08,0-9,Female,Emergency,Blood,LFT,Morning,Phlebotomist,Accepted,Not rejected,107.0,False,False
SP100821,2025-03-15,50-59,Male,Outpatient,Blood,CBC,Night,Nurse,Accepted,Not rejected,78.0,False,False
SP101138,2025-12-31,20-29,Female,Emergency,Blood,LFT,Morning,Nurse,Accepted,Not rejected,100.0,False,False
SP104671,2025-06-30,10-19,Male,Emergency,Sputum,AFB,Afternoon,Nurse,Accepted,Not rejected,98.0,False,False
SP101749,2025-08-06,20-29,Female,Outpatient,Stool,Stool O&P,Night,Phlebotomist,Accepted,Not rejected,88.0,False,False
SP101589,2025-11-16,30-39,Female,Pediatrics,Swab,Wound Culture,Night,Nurse,Rejected,Mislabeling,70.0,False,True
SP100953,2025-05-29,40-49,Female,Pediatrics,Urine,Urinalysis,Morning,Clinical Officer,Accepted,Not rejected,20.0,False,True
SP103305,2025-01-30,60+,Male,Maternity,Blood,LFT,Afternoon,Laboratory Technologist,Accepted,Not rejected,98.0,True,False
SP103354,2025-01-18,40-49,Male,Inpatient,Swab,Wound Culture,Afternoon,Clinical Officer,Accepted,Not rejected,116.0,False,False
SP104733,2025-02-06,40-49,Male,ICU,Blood,CBC,Morning,Clinical Officer,Accepted,Not rejected,90.0,False,False
SP101958,2025-09-27,40-49,Male,Outpatient,Blood,CBC,Afternoon,Phlebotomist,Rejected,Insufficient volume,39.0,False,False
SP100223,2025-08-11,10-19,Female,Emergency,Blood,Urea,Morning,Phlebotomist,Accepted,Not rejected,76.0,False,False
SP103502,2025-08-11,60+,Male,Outpatient,Urine,Urine Culture,Morning,Nurse,Accepted,Not rejected,20.0,False,False
SP102231,2025-02-21,0-9,Male,Outpatient,CSF,Culture,Morning,Clinical Officer,Accepted,Not rejected,70.0,False,False
SP103413,2025-07-17,20-29,Female,Inpatient,Blood,Urea,Night,Clinical Officer,Rejected,Delayed transport,117.0,False,False
SP104082,2025-01-04,40-49,Female,Pediatrics,Sputum,AFB,Afternoon,Nurse,Accepted,Not rejected,52.0,False,True
SP104040,2025-05-29,60+,Male,Emergency,Blood,LFT,Morning,Nurse,Accepted,Not rejected,65.0,False,False
SP100318,2025-05-18,50-59,Female,Emergency,Urine,Urinalysis,Morning,Nurse,Accepted,Not rejected,95.0,False,False
SP101252,2025-05-24,0-9,Female,Emergency,Blood,CBC,Night,Clinical Officer,Accepted,Not rejected,77.0,False,False
SP102473,2025-04-17,20-29,Male,Emergency,Blood,Glucose,Afternoon,Nurse,Accepted,Not rejected,38.0,False,False
SP103119,2025-11-24,0-9,Male,Maternity,Blood,LFT,Night,Clinical Officer,Rejected,Hemolysis,92.0,True,False
SP101102,2025-08-07,50-59,Female,Emergency,Swab,Wound Culture,Morning,Phlebotomist,Rejected,Clotted specimen,80.0,False,False
SP102365,2025-06-23,50-59,Female,Inpatient,Urine,Urine Culture,Night,Laboratory Technologist,Rejected,Clotted specimen,94.0,False,False
SP102370,2025-09-05,10-19,Male,Inpatient,Blood,CBC,Afternoon,Phlebotomist,Rejected,Wrong container,65.0,False,False
SP100400,2025-03-28,40-49,Male,Maternity,Blood,Creatinine,Afternoon,Nurse,Accepted,Not rejected,55.0,True,False
SP100739,2025-12-20,30-39,Male,Emergency,Blood,CBC,Morning,Nurse,Accepted,Not rejected,87.0,False,False
SP103164,2025-01-17,20-29,Female,Outpatient,Blood,Glucose,Afternoon,Phlebotomist,Accepted,Not rejected,66.0,False,False
SP101990,2025-08-09,30-39,Female,Outpatient,Blood,Urea,Afternoon,Clinical Officer,Accepted,Not rejected,82.0,False,False
SP101769,2025-05-28,0-9,Male,Inpatient,Urine,Urine Culture,Night,Phlebotomist,Accepted,Not rejected,61.0,False,False
SP103954,2025-08-30,20-29,Male,Inpatient,Urine,Urinalysis,Morning,Unknown,Accepted,Not rejected,46.0,False,False
SP104122,2025-09-14,30-39,Male,Emergency,Sputum,Culture,Night,Nurse,Accepted,Not rejected,65.0,False,False
SP100892,2025-05-28,40-49,Male,Outpatient,Urine,Urine Culture,Afternoon,Phlebotomist,Accepted,Not rejected,77.0,False,False
SP102024,2025-08-27,50-59,Female,Emergency,Sputum,AFB,Morning,Nurse,Accepted,Not rejected,138.0,False,False
SP104816,2025-01-27,0-9,Male,ICU,Blood,LFT,Afternoon,Phlebotomist,Accepted,Not rejected,70.0,False,False
SP101164,2025-07-07,0-9,Male,Inpatient,Urine,Urine Culture,Afternoon,Laboratory Technologist,Accepted,Not rejected,62.0,False,False
SP104568,2025-06-30,40-49,Female,Inpatient,Blood,Glucose,Morning,Laboratory Technologist,Accepted,Not rejected,65.0,False,False
SP103509,2025-10-27,30-39,Male,Outpatient,CSF,CSF Analysis,Afternoon,Laboratory Technologist,Accepted,Not rejected,54.0,False,False
SP100240,2025-11-12,50-59,Female,ICU,Stool,Culture,Morning,Phlebotomist,Accepted,Not rejected,68.0,False,False
SP103700,2025-12-03,50-59,Female,Outpatient,CSF,CSF Analysis,Morning,Clinical Officer,Accepted,Not rejected,101.0,False,False
SP102385,2025-03-28,40-49,Female,Pediatrics,Urine,Urine Culture,Night,Nurse,Accepted,Not rejected,118.0,False,True
SP102547,2025-07-08,60+,Male,Inpatient,Urine,Urinalysis,Afternoon,Laboratory Technologist,Accepted,Not rejected,48.0,False,False
SP101704,2025-07-04,50-59,Male,Inpatient,Stool,Culture,Morning,Laboratory Technologist,Accepted,Not rejected,48.0,False,False
SP103571,2025-05-09,30-39,Female,Inpatient,Blood,LFT,Morning,Phlebotomist,Accepted,Not rejected,45.0,False,False
SP100722,2025-06-22,20-29,Male,ICU,Blood,CBC,Night,Clinical Officer,Accepted,Not rejected,90.0,False,False
SP102223,2025-03-12,60+,Male,Pediatrics,Urine,Urine Culture,Morning,Nurse,Accepted,Not rejected,78.0,False,True
SP104740,2025-12-31,10-19,Female,Maternity,Urine,Urine Culture,Afternoon,Nurse,Accepted,Not rejected,81.0,False,False
SP101047,2025-10-10,50-59,Male,Outpatient,Swab,Wound Culture,Afternoon,Nurse,Accepted,Not rejected,111.0,False,False
SP100385,2025-04-13,60+,Female,Emergency,Sputum,Gram Stain,Afternoon,Nurse,Accepted,Not rejected,87.0,False,False
SP104512,2025-04-04,40-49,Male,Outpatient,Blood,CBC,Afternoon,Nurse,Accepted,Not rejected,76.0,False,False
SP101681,2025-03-02,Unknown,Female,Maternity,Blood,LFT,Morning,Laboratory Technologist,Accepted,Not rejected,82.0,False,False
SP102642,2025-12-12,60+,Female,Pediatrics,Blood,Urea,Afternoon,Nurse,Accepted,Not rejected,58.0,False,True
SP104498,2025-07-05,Unknown,Female,Outpatient,Sputum,Gram Stain,Morning,Nurse,Accepted,Not rejected,48.0,False,False
SP100520,2025-07-09,60+,Male,ICU,Blood,LFT,Afternoon,Clinical Officer,Accepted,Not rejected,79.0,False,False
SP100098,2025-09-26,30-39,Male,Maternity,Blood,Creatinine,Afternoon,Nurse,Rejected,Wrong container,83.0,True,False
SP102440,2025-07-27,60+,Female,Emergency,Urine,Urinalysis,Morning,Nurse,Accepted,Not rejected,59.0,False,False
SP102534,2025-11-14,20-29,Male,Pediatrics,Blood,Urea,Afternoon,Phlebotomist,Accepted,Not rejected,87.0,False,True
SP103112,2025-10-07,30-39,Male,Outpatient,Blood,LFT,Morning,Clinical Officer,Accepted,Not rejected,88.0,False,False
SP103006,2025-04-03,30-39,Female,Emergency,Stool,Culture,Morning,Phlebotomist,Accepted,Not rejected,61.0,False,False
SP104417,2025-02-19,50-59,Male,Pediatrics,CSF,Culture,Night,Nurse,Accepted,Not rejected,53.0,False,True
SP103150,2025-11-16,20-29,Female,Maternity,Swab,Wound Culture,Night,Phlebotomist,Accepted,Not rejected,40.0,False,False
SP104842,2025-10-15,50-59,Female,Inpatient,Urine,Urinalysis,Morning,Clinical Officer,Accepted,Not rejected,94.0,False,False
SP100207,2025-02-14,50-59,Male,Outpatient,Blood,Creatinine,Night,Nurse,Accepted,Not rejected,74.0,False,False
SP101368,2025-06-09,60+,Male,Outpatient,Blood,LFT,Night,Phlebotomist,Accepted,Not rejected,69.0,False,False
SP103478,2025-02-07,40-49,Male,Outpatient,Swab,Wound Culture,Morning,Laboratory Technologist,Rejected,Mislabeling,96.0,False,False
SP100478,2025-03-22,30-39,Female,Outpatient,Urine,Urinalysis,Morning,Nurse,Accepted,Not rejected,98.0,False,False
SP100485,2025-06-23,10-19,Female,Pediatrics,Stool,Stool O&P,Afternoon,Clinical Officer,Accepted,Not rejected,73.0,False,False
SP101426,2025-07-09,50-59,Female,Pediatrics,Blood,Creatinine,Afternoon,Nurse,Accepted,Not rejected,29.0,False,True
SP104678,2025-12-30,50-59,Female,Emergency,Sputum,Culture,Morning,Phlebotomist,Accepted,Not rejected,62.0,False,False
SP103599,2025-09-22,50-59,Female,Emergency,Urine,Urine Culture,Morning,Phlebotomist,Accepted,Not rejected,75.0,False,False
SP102703,2025-05-04,60+,Female,ICU,Blood,Creatinine,Morning,Phlebotomist,Accepted,Not rejected,71.0,False,False
SP100031,2025-11-03,20-29,Female,Emergency,Urine,Urinalysis,Night,Phlebotomist,Accepted,Not rejected,47.0,False,False
SP100096,2025-08-14,10-19,Female,Emergency,Urine,Urine Culture,Night,Nurse,Accepted,Not rejected,65.0,False,False
SP103802,2025-03-22,20-29,Male,Outpatient,Sputum,Gram Stain,Morning,Nurse,Accepted,Not rejected,56.0,False,False
SP101150,2025-09-15,30-39,Female,Pediatrics,CSF,Culture,Night,Nurse,Accepted,Not rejected,97.0,False,True
SP100409,2025-11-14,60+,Male,Inpatient,Sputum,Culture,Afternoon,Nurse,Accepted,Not rejected,73.0,False,False
SP103277,2025-11-16,10-19,Male,Emergency,Blood,Creatinine,Afternoon,Laboratory Technologist,Accepted,Not rejected,98.0,False,False
SP103562,2025-09-11,30-39,Female,Outpatient,Swab,Wound Culture,Afternoon,Nurse,Accepted,Not rejected,57.0,False,False
SP103528,2025-07-18,10-19,Male,Emergency,Urine,Urinalysis,Morning,Nurse,Accepted,Not rejected,73.0,False,False
SP102884,2025-09-23,20-29,Female,Outpatient,Blood,Urea,Afternoon,Phlebotomist,Accepted,Not rejected,77.0,False,False
SP103722,2025-01-08,40-49,Female,Outpatient,Blood,Creatinine,Afternoon,Phlebotomist,Accepted,Not rejected,102.0,False,False
SP102189,2025-02-02,50-59,Female,Inpatient,Blood,Urea,Afternoon,Nurse,Accepted,Not rejected,100.0,False,False
SP100422,2025-07-08,50-59,Female,Emergency,CSF,CSF Analysis,Night,Clinical Officer,Accepted,Not rejected,74.0,False,False
SP103628,2025-07-07,40-49,Male,Maternity,Blood,CBC,Night,Nurse,Accepted,Not rejected,73.0,True,False
SP100926,2025-10-13,0-9,Male,Pediatrics,Swab,Throat Culture,Morning,Nurse,Accepted,Not rejected,59.0,False,False
SP101530,2025-07-08,10-19,Male,Inpatient,Sputum,Culture,Morning,Phlebotomist,Accepted,Not rejected,116.0,False,False
SP102303,2025-07-06,0-9,Female,Emergency,Sputum,Gram Stain,Morning,Clinical Officer,Accepted,Not rejected,118.0,False,False
SP104353,2025-01-28,10-19,Male,Emergency,Blood,Glucose,Morning,Laboratory Technologist,Accepted,Not rejected,125.0,False,False
SP100841,2025-08-22,50-59,Female,Inpatient,Blood,Creatinine,Afternoon,Nurse,Accepted,Not rejected,102.0,False,False
SP101419,2025-01-10,20-29,Male,Outpatient,Blood,Urea,Morning,Nurse,Accepted,Not rejected,72.0,False,False
SP102502,2025-10-26,10-19,Male,ICU,Blood,Glucose,Night,Laboratory Technologist,Rejected,Leaking container,109.0,False,False
SP102025,2025-02-04,10-19,Male,Inpatient,Blood,CBC,Afternoon,Clinical Officer,Accepted,Not rejected,121.0,False,False
SP101875,2025-09-21,50-59,Female,Inpatient,Blood,CBC,Night,Laboratory Technologist,Accepted,Not rejected,62.0,False,False
SP102196,2025-10-22,20-29,Male,Outpatient,Urine,Urine Culture,Night,Clinical Officer,Accepted,Not rejected,61.0,False,False
SP100093,2025-03-30,10-19,Male,Maternity,Urine,Urine Culture,Night,Nurse,Accepted,Not rejected,51.0,True,False
SP103438,2025-11-03,0-9,Male,Pediatrics,Urine,Urine Culture,Morning,Clinical Officer,Accepted,Not rejected,38.0,False,False
SP100831,2025-06-09,50-59,Male,Outpatient,Urine,Urinalysis,Afternoon,Laboratory Technologist,Accepted,Not rejected,46.0,False,False
SP102254,2025-11-06,50-59,Female,Outpatient,Blood,CBC,Morning,Phlebotomist,Accepted,Not rejected,83.0,False,False
SP101263,2025-07-31,40-49,Male,Emergency,Swab,Wound Culture,Morning,Nurse,Rejected,Mislabeling,100.0,False,False
SP101999,2025-10-20,50-59,Female,Inpatient,Blood,CBC,Morning,Laboratory Technologist,Accepted,Not rejected,88.0,False,False
SP100376,2025-04-21,50-59,Male,Outpatient,Blood,Creatinine,Morning,Laboratory Technologist,Accepted,Not rejected,74.0,False,False
SP101095,2025-08-30,50-59,Female,Pediatrics,Swab,Wound Culture,Afternoon,Laboratory Technologist,Accepted,Not rejected,47.0,False,True
SP101989,2025-07-04,20-29,Male,Outpatient,Blood,Creatinine,Night,Nurse,Rejected,Insufficient volume,53.0,False,False
SP100858,2025-10-16,40-49,Female,Emergency,Blood,CBC,Morning,Phlebotomist,Accepted,Not rejected,71.0,False,False
SP101336,2025-02-24,60+,Female,Outpatient,Stool,Culture,Morning,Nurse,Accepted,Not rejected,77.0,False,False
SP103727,2025-08-23,10-19,Female,Emergency,Swab,Throat Culture,Morning,Nurse,Accepted,Not rejected,86.0,False,False
SP102910,2025-03-15,Unknown,Male,Pediatrics,Swab,Wound Culture,Morning,Nurse,Accepted,Not rejected,46.0,False,True
SP104550,2025-05-31,60+,Male,Inpatient,Swab,Throat Culture,Night,Clinical Officer,Accepted,Not rejected,116.0,False,False
SP104672,2025-03-11,40-49,Male,Emergency,Urine,Urine Culture,Morning,Nurse,Accepted,Not rejected,64.0,False,False
SP104981,2025-12-01,50-59,Female,Inpatient,Urine,Urinalysis,Night,Nurse,Accepted,Not rejected,67.0,False,False
SP104137,2025-05-26,20-29,Female,Pediatrics,Urine,Urine Culture,Morning,Nurse,Accepted,Not rejected,82.0,False,True
SP101326,2025-10-11,40-49,Male,Pediatrics,Swab,Wound Culture,Afternoon,Nurse,Accepted,Not rejected,92.0,False,True
SP104119,2025-05-15,60+,Male,Outpatient,Swab,Wound Culture,Night,Clinical Officer,Accepted,Not rejected,42.0,False,False
SP103572,2025-12-09,0-9,Male,Outpatient,Swab,Throat Culture,Night,Nurse,Accepted,Not rejected,76.0,False,False
SP100838,2025-12-17,0-9,Female,Pediatrics,Stool,Stool O&P,Morning,Nurse,Accepted,Not rejected,59.0,False,False
SP102825,2025-07-22,50-59,Male,Inpatient,Urine,Urinalysis,Night,Nurse,Accepted,Not rejected,69.0,False,False
SP103047,2025-05-01,20-29,Female,Outpatient,Blood,CBC,Afternoon,Clinical Officer,Accepted,Not rejected,38.0,False,False
SP100322,2025-05-31,30-39,Female,Unknown,Swab,Wound Culture,Morning,Laboratory Technologist,Accepted,Not rejected,94.0,False,False
SP104599,2025-05-20,0-9,Male,Emergency,Blood,LFT,Afternoon,Phlebotomist,Accepted,Not rejected,114.0,False,False
SP100993,2025-11-03,10-19,Female,Maternity,Blood,Urea,Afternoon,Phlebotomist,Accepted,Not rejected,91.0,False,False
SP104689,2025-02-18,60+,Male,Inpatient,Urine,Urine Culture,Night,Clinical Officer,Accepted,Not rejected,83.0,False,False
SP103327,2025-05-14,40-49,Male,Emergency,Urine,Urinalysis,Morning,Nurse,Rejected,Wrong container,126.0,False,False
SP101465,2025-04-08,10-19,Male,Pediatrics,CSF,Culture,Afternoon,Laboratory Technologist,Accepted,Not rejected,88.0,False,False
SP103077,2025-12-20,30-39,Female,Inpatient,Blood,Glucose,Night,Clinical Officer,Accepted,Not rejected,73.0,False,False
SP101382,2025-01-18,30-39,Male,Outpatient,Sputum,Culture,Morning,Clinical Officer,Accepted,Not rejected,65.0,False,False
SP103381,2025-05-01,60+,Male,Outpatient,Blood,CBC,Morning,Laboratory Technologist,Accepted,Not rejected,31.0,False,False
SP101942,2025-03-14,10-19,Female,ICU,Urine,Urinalysis,Night,Nurse,Accepted,Not rejected,15.0,False,False
SP104985,2025-05-27,50-59,Male,Pediatrics,Blood,LFT,Afternoon,Nurse,Accepted,Not rejected,72.0,False,True
SP104221,2025-12-06,20-29,Male,Outpatient,Blood,Glucose,Afternoon,Nurse,Accepted,Not rejected,95.0,False,False
SP102755,2025-04-01,0-9,Male,Outpatient,Blood,CBC,Morning,Clinical Officer,Accepted,Not rejected,78.0,False,False
SP101608,2025-05-10,10-19,Female,Maternity,Urine,Urine Culture,Afternoon,Phlebotomist,Accepted,Not rejected,,False,False
SP101902,2025-07-26,20-29,Male,Outpatient,Urine,Urinalysis,Night,Clinical Officer,Accepted,Not rejected,73.0,False,False
SP100336,2025-11-11,10-19,Male,Emergency,Blood,Glucose,Night,Nurse,Rejected,Hemolysis,54.0,False,False
SP102091,2025-02-09,10-19,Female,Outpatient,Sputum,Culture,Night,Clinical Officer,Rejected,Mislabeling,113.0,False,False
SP100828,2025-06-30,40-49,Male,Inpatient,Blood,Urea,Night,Nurse,Accepted,Not rejected,71.0,False,False
SP102251,2025-04-21,60+,Male,Outpatient,Sputum,Culture,Morning,Nurse,Accepted,Not rejected,115.0,False,False
SP100131,2025-10-08,10-19,Female,Outpatient,Blood,Glucose,Afternoon,Laboratory Technologist,Accepted,Not rejected,22.0,False,False
SP100775,2025-03-16,10-19,Female,Pediatrics,Swab,Wound Culture,Afternoon,Nurse,Accepted,Not rejected,118.0,False,False
SP102372,2025-11-03,50-59,Male,Outpatient,Blood,Creatinine,Morning,Clinical Officer,Accepted,Not rejected,69.0,False,False
SP102051,2025-02-09,50-59,Male,Outpatient,Blood,Glucose,Morning,Laboratory Technologist,Accepted,Not rejected,28.0,False,False
SP102333,2025-02-07,60+,Male,Emergency,Blood,CBC,Night,Clinical Officer,Accepted,Not rejected,56.0,False,False
SP104850,2025-06-25,60+,Female,Inpatient,Urine,Urinalysis,Morning,Nurse,Accepted,Not rejected,95.0,False,False
SP101623,2025-05-11,10-19,Female,Outpatient,Urine,Urinalysis,Afternoon,Phlebotomist,Accepted,Not rejected,137.0,False,False
SP100699,2025-03-08,10-19,Female,Outpatient,Urine,Urinalysis,Morning,Clinical Officer,Accepted,Not rejected,62.0,False,False
SP102468,2025-12-26,10-19,Female,Pediatrics,Urine,Urine Culture,Afternoon,Nurse,Accepted,Not rejected,66.0,False,False
SP104924,2025-08-11,50-59,Female,ICU,Blood,Creatinine,Afternoon,Phlebotomist,Accepted,Not rejected,101.0,False,False
SP102573,2025-03-29,30-39,Male,Outpatient,Blood,Glucose,Morning,Laboratory Technologist,Accepted,Not rejected,129.0,False,False
SP103176,2025-01-02,40-49,Male,Inpatient,Swab,Wound Culture,Night,Clinical Officer,Accepted,Not rejected,28.0,False,False
SP101295,2025-12-02,20-29,Female,Inpatient,Urine,Urine Culture,Morning,Laboratory Technologist,Rejected,Insufficient volume,14.0,False,False
SP100867,2025-11-13,0-9,Male,Outpatient,Blood,Urea,Morning,Laboratory Technologist,Accepted,Not rejected,133.0,False,False
SP103004,2025-03-15,0-9,Male,Inpatient,Blood,Urea,Afternoon,Nurse,Accepted,Not rejected,93.0,False,False
SP103344,2025-10-07,40-49,Female,Outpatient,Blood,Creatinine,Morning,Phlebotomist,Accepted,Not rejected,63.0,False,False
SP101973,2025-06-11,20-29,Female,Pediatrics,CSF,Culture,Night,Nurse,Accepted,Not rejected,74.0,False,True
SP100906,2025-10-15,0-9,Male,Inpatient,Swab,Throat Culture,Afternoon,Phlebotomist,Accepted,Not rejected,78.0,False,False
SP103367,2025-03-05,50-59,Female,Inpatient,Urine,Urine Culture,Afternoon,Clinical Officer,Accepted,Not rejected,55.0,False,False
SP100671,2025-04-20,10-19,Female,Maternity,Blood,Glucose,Morning,Clinical Officer,Accepted,Not rejected,98.0,False,False
SP103032,2025-01-18,10-19,Female,Emergency,Stool,Stool O&P,Night,Clinical Officer,Accepted,Not rejected,59.0,False,False
SP104214,2025-03-07,30-39,Female,Emergency,Urine,Urine Culture,Morning,Phlebotomist,Accepted,Not rejected,56.0,False,False
SP103028,2025-10-23,40-49,Female,Emergency,Blood,Glucose,Morning,Nurse,Accepted,Not rejected,83.0,False,False
SP100846,2025-08-24,60+,Female,Pediatrics,Urine,Urine Culture,Afternoon,Nurse,Accepted,Not rejected,69.0,False,True
SP104470,2025-12-14,10-19,Female,Outpatient,Blood,Urea,Afternoon,Nurse,Accepted,Not rejected,44.0,False,False
SP102526,2025-06-17,0-9,Female,Outpatient,Sputum,Culture,Night,Clinical Officer,Accepted,Not rejected,99.0,False,False
SP102121,2025-07-03,60+,Female,Outpatient,Swab,Throat Culture,Afternoon,Clinical Officer,Rejected,Leaking container,21.0,False,False
SP100301,2025-10-04,50-59,Female,ICU,Swab,Wound Culture,Morning,Clinical Officer,Accepted,Not rejected,94.0,False,False
SP103581,2025-04-27,20-29,Female,Maternity,Urine,Urine Culture,Afternoon,Nurse,Accepted,Not rejected,66.0,False,False
SP100033,2025-03-05,60+,Female,Outpatient,Blood,CBC,Morning,Nurse,Rejected,Clotted specimen,61.0,False,False
SP104621,2025-05-04,0-9,Female,Outpatient,Stool,Culture,Morning,Clinical Officer,Accepted,Not rejected,43.0,False,False
SP103820,2025-04-14,50-59,Female,Emergency,Urine,Urine Culture,Afternoon,Laboratory Technologist,Accepted,Not rejected,64.0,False,False
SP102876,2025-01-24,10-19,Female,Emergency,Urine,Urine Culture,Morning,Phlebotomist,Accepted,Not rejected,63.0,False,False
SP100762,2025-10-26,10-19,Male,Emergency,Blood,Creatinine,Afternoon,Clinical Officer,Accepted,Not rejected,90.0,False,False
SP103826,2025-05-25,20-29,Male,Outpatient,Sputum,Culture,Afternoon,Nurse,Accepted,Not rejected,116.0,False,False
SP102560,2025-12-02,10-19,Male,Pediatrics,Blood,Urea,Afternoon,Phlebotomist,Accepted,Not rejected,99.0,False,False
SP103110,2025-01-15,20-29,Male,Outpatient,Stool,Culture,Night,Nurse,Rejected,Insufficient volume,65.0,False,False
SP104108,2025-07-19,60+,Female,Pediatrics,Blood,Urea,Afternoon,Nurse,Accepted,Not rejected,79.0,False,True
SP102501,2025-10-21,60+,Female,Inpatient,Urine,Urine Culture,Afternoon,Laboratory Technologist,Accepted,Not rejected,103.0,False,False
SP100432,2025-09-04,10-19,Female,Maternity,Sputum,AFB,Afternoon,Clinical Officer,Accepted,Not rejected,87.0,False,False
SP101494,2025-05-19,60+,Female,Outpatient,Blood,Glucose,Afternoon,Phlebotomist,Accepted,Not rejected,55.0,False,False
SP100092,2025-07-05,10-19,Male,Outpatient,Blood,CBC,Morning,Clinical Officer,Accepted,Not rejected,35.0,False,False
SP104776,2025-04-30,20-29,Female,Pediatrics,Swab,Wound Culture,Morning,Nurse,Accepted,Not rejected,103.0,False,True
SP100205,2025-08-19,10-19,Female,Outpatient,Blood,Urea,Morning,Laboratory Technologist,Accepted,Not rejected,30.0,False,False
SP103266,2025-11-20,20-29,Female,Pediatrics,Stool,Stool O&P,Morning,Clinical Officer,Accepted,Not rejected,91.0,False,True
SP102740,2025-06-08,60+,Male,Outpatient,Urine,Urinalysis,Night,Phlebotomist,Accepted,Not rejected,67.0,False,False
SP102728,2025-06-24,30-39,Male,Pediatrics,Urine,Urinalysis,Afternoon,Laboratory Technologist,Accepted,Not rejected,112.0,False,True
SP101657,2025-01-09,40-49,Male,Outpatient,Blood,LFT,Morning,Nurse,Accepted,Not rejected,33.0,False,False
SP101442,2025-03-18,50-59,Male,Outpatient,Blood,Creatinine,Night,Nurse,Accepted,Not rejected,77.0,False,False
SP100905,2025-08-23,40-49,Female,Pediatrics,Urine,Urinalysis,Afternoon,Nurse,Accepted,Not rejected,83.0,False,True
SP103207,2025-04-20,60+,Female,Pediatrics,Urine,Urine Culture,Morning,Phlebotomist,Accepted,Not rejected,70.0,False,True
SP104724,2025-04-17,20-29,Male,Pediatrics,Urine,Urine Culture,Night,Nurse,Accepted,Not rejected,45.0,False,True
SP100382,2025-12-06,40-49,Male,Outpatient,Blood,Creatinine,Morning,Clinical Officer,Accepted,Not rejected,99.0,False,False
SP100498,2025-04-02,10-19,Female,Pediatrics,Blood,Creatinine,Morning,Phlebotomist,Accepted,Not rejected,94.0,False,False
SP104910,2025-10-01,0-9,Male,Pediatrics,Blood,Urea,Morning,Clinical Officer,Accepted,Not rejected,69.0,False,False
SP101981,2025-06-30,30-39,Male,Outpatient,Blood,Creatinine,Afternoon,Nurse,Accepted,Not rejected,102.0,False,False
SP103586,2025-06-06,60+,Male,Maternity,Blood,LFT,Afternoon,Nurse,Accepted,Not rejected,34.0,True,False
SP101924,2025-11-17,10-19,Male,Maternity,Blood,Urea,Night,Clinical Officer,Rejected,Wrong container,109.0,True,False
SP100631,2025-02-12,50-59,Male,Pediatrics,Blood,Creatinine,Morning,Nurse,Accepted,Not rejected,99.0,False,True
SP104536,2025-11-02,10-19,Female,Emergency,Urine,Urine Culture,Afternoon,Nurse,Accepted,Not rejected,49.0,False,False
SP104666,2025-08-29,20-29,Female,Pediatrics,Blood,LFT,Morning,Clinical Officer,Accepted,Not rejected,46.0,False,True
SP101350,2025-01-23,0-9,Male,Outpatient,Swab,Throat Culture,Afternoon,Clinical Officer,Accepted,Not rejected,119.0,False,False
SP101695,2025-07-19,60+,Female,Maternity,Blood,LFT,Morning,Phlebotomist,Accepted,Not rejected,104.0,False,False
SP101682,2025-12-15,60+,Male,ICU,CSF,Culture,Morning,Nurse,Accepted,Not rejected,61.0,False,False
SP101319,2025-09-20,60+,Male,Emergency,Urine,Urine Culture,Morning,Laboratory Technologist,Accepted,Not rejected,57.0,False,False
SP104469,2025-05-17,60+,Male,Emergency,Blood,Urea,Morning,Nurse,Accepted,Not rejected,115.0,False,False
SP103101,2025-02-13,20-29,Female,Outpatient,Swab,Wound Culture,Morning,Phlebotomist,Accepted,Not rejected,82.0,False,False
SP102710,2025-10-10,40-49,Female,Inpatient,CSF,CSF Analysis,Morning,Clinical Officer,Accepted,Not rejected,73.0,False,False
SP103388,2025-11-08,40-49,Female,Pediatrics,Sputum,AFB,Night,Phlebotomist,Accepted,Not rejected,66.0,False,True
SP101064,2025-02-27,10-19,Female,Emergency,Swab,Wound Culture,Morning,Nurse,Accepted,Not rejected,30.0,False,False
SP104515,2025-08-08,50-59,Male,Pediatrics,Urine,Urine Culture,Night,Nurse,Accepted,Not rejected,107.0,False,True
SP103778,2025-01-26,10-19,Female,Emergency,Swab,Throat Culture,Morning,Clinical Officer,Accepted,Not rejected,78.0,False,False
SP101637,2025-05-30,30-39,Male,Inpatient,Blood,Glucose,Night,Clinical Officer,Accepted,Not rejected,75.0,False,False
SP101063,2025-12-11,20-29,Female,Inpatient,Swab,Throat Culture,Afternoon,Clinical Officer,Accepted,Not rejected,82.0,False,False
SP103689,2025-10-04,60+,Female,Outpatient,Swab,Wound Culture,Afternoon,Clinical Officer,Accepted,Not rejected,72.0,False,False
SP103406,2025-01-13,20-29,Male,Outpatient,Blood,CBC,Afternoon,Clinical Officer,Accepted,Not rejected,68.0,False,False
SP102124,2025-03-17,60+,Female,Outpatient,Swab,Wound Culture,Night,Nurse,Rejected,Wrong container,56.0,False,False
SP103792,2025-03-21,50-59,Male,Pediatrics,Urine,Urinalysis,Morning,Phlebotomist,Accepted,Not rejected,65.0,False,True
SP101283,2025-06-13,0-9,Male,Inpatient,Swab,Throat Culture,Night,Phlebotomist,Accepted,Not rejected,48.0,False,False
SP101844,2025-02-16,40-49,Male,ICU,Blood,Creatinine,Morning,Nurse,Accepted,Not rejected,73.0,False,False
SP102211,2025-01-25,10-19,Male,Inpatient,Urine,Urinalysis,Morning,Clinical Officer,Accepted,Not rejected,72.0,False,False
SP102837,2025-05-19,0-9,Male,Outpatient,Urine,Urinalysis,Morning,Clinical Officer,Accepted,Not rejected,63.0,False,False
SP104555,2025-03-25,30-39,Male,Outpatient,Sputum,Culture,Afternoon,Clinical Officer,Accepted,Not rejected,32.0,False,False
SP101154,2025-06-19,40-49,Female,Maternity,Blood,Urea,Morning,Nurse,Rejected,Leaking container,30.0,False,False
SP104518,2025-11-09,40-49,Male,Emergency,Blood,Urea,Afternoon,Nurse,Accepted,Not rejected,75.0,False,False
SP102256,2025-12-19,30-39,Male,Outpatient,Swab,Wound Culture,Morning,Nurse,Rejected,Wrong container,55.0,False,False
SP103419,2025-08-11,50-59,Male,Emergency,Urine,Urinalysis,Night,Nurse,Accepted,Not rejected,109.0,False,False
SP102057,2025-10-18,0-9,Female,Pediatrics,Stool,Stool O&P,Morning,Clinical Officer,Accepted,Not rejected,78.0,False,False
SP101792,2025-09-14,60+,Male,Outpatient,Urine,Urine Culture,Morning,Phlebotomist,Accepted,Not rejected,37.0,False,False
SP103886,2025-03-29,10-19,Female,Outpatient,Blood,LFT,Afternoon,Clinical Officer,Accepted,Not rejected,87.0,False,False
SP100650,2025-01-17,30-39,Female,Outpatient,Urine,Urinalysis,Morning,Nurse,Accepted,Not rejected,66.0,False,False
SP104034,2025-03-21,10-19,Male,ICU,Sputum,Culture,Night,Clinical Officer,Accepted,Not rejected,78.0,False,False
SP101615,2025-08-10,50-59,Male,Inpatient,Urine,Urine Culture,Morning,Laboratory Technologist,Accepted,Not rejected,99.0,False,False
SP103491,2025-03-24,30-39,Male,Pediatrics,Blood,LFT,Morning,Nurse,Accepted,Not rejected,103.0,False,True
SP102581,2025-10-13,0-9,Female,Emergency,Sputum,Culture,Afternoon,Nurse,Accepted,Not rejected,129.0,False,False
SP100888,2025-01-23,60+,Male,Outpatient,Blood,Urea,Afternoon,Phlebotomist,Accepted,Not rejected,93.0,False,False
SP101188,2025-03-23,10-19,Female,Outpatient,Sputum,Gram Stain,Afternoon,Nurse,Rejected,Hemolysis,23.0,False,False
SP100126,2025-04-16,0-9,Female,Pediatrics,Urine,Urine Culture,Morning,Nurse,Rejected,Leaking container,39.0,False,False
SP102751,2025-04-25,10-19,Male,Outpatient,Blood,Creatinine,Morning,Laboratory Technologist,Accepted,Not rejected,54.0,False,False
SP104037,2025-08-26,20-29,Male,Pediatrics,Blood,Creatinine,Morning,Laboratory Technologist,Accepted,Not rejected,64.0,False,True
SP104171,2025-03-29,50-59,Female,Inpatient,Blood,Urea,Night,Phlebotomist,Accepted,Not rejected,37.0,False,False
SP102378,2025-03-23,50-59,Female,Outpatient,Swab,Wound Culture,Afternoon,Nurse,Accepted,Not rejected,100.0,False,False
SP102646,2025-08-04,50-59,Male,Emergency,Urine,Urinalysis,Night,Nurse,Rejected,Leaking container,98.0,False,False
SP101885,2025-02-12,10-19,Female,Inpatient,Blood,Urea,Morning,Nurse,Accepted,Not rejected,42.0,False,False
SP103733,2025-12-21,10-19,Female,Inpatient,Swab,Wound Culture,Morning,Laboratory Technologist,Accepted,Not rejected,106.0,False,False
SP100248,2025-03-11,10-19,Male,Pediatrics,Blood,Urea,Afternoon,Clinical Officer,Accepted,Not rejected,67.0,False,False
SP103483,2025-08-14,0-9,Female,Inpatient,Blood,LFT,Afternoon,Nurse,Accepted,Not rejected,64.0,False,False
SP100849,2025-11-01,20-29,Female,Outpatient,Urine,Urinalysis,Morning,Nurse,Accepted,Not rejected,89.0,False,False
SP102371,2025-01-06,10-19,Female,Outpatient,Urine,Urinalysis,Morning,Nurse,Accepted,Not rejected,46.0,False,False
SP101168,2025-09-26,50-59,Male,Pediatrics,Blood,Urea,Night,Phlebotomist,Accepted,Not rejected,120.0,False,True
SP104806,2025-01-18,0-9,Female,Pediatrics,Stool,Stool O&P,Afternoon,Nurse,Accepted,Not rejected,35.0,False,False
SP102937,2025-05-08,40-49,Female,ICU,Blood,Creatinine,Afternoon,Nurse,Accepted,Not rejected,103.0,False,False
SP100323,2025-09-01,50-59,Male,Outpatient,Sputum,Culture,Morning,Phlebotomist,Accepted,Not rejected,72.0,False,False
SP104180,2025-05-16,60+,Female,Pediatrics,Swab,Wound Culture,Night,Nurse,Accepted,Not rejected,51.0,False,True
SP102366,2025-05-25,50-59,Male,Inpatient,Blood,Creatinine,Afternoon,Nurse,Accepted,Not rejected,113.0,False,False
SP100725,2025-10-14,10-19,Female,Inpatient,Urine,Urinalysis,Night,Laboratory Technologist,Rejected,Delayed transport,139.0,False,False
SP102456,2025-09-23,40-49,Female,Emergency,Blood,Glucose,Morning,Phlebotomist,Accepted,Not rejected,77.0,False,False
SP101163,2025-03-05,30-39,Female,Pediatrics,Sputum,AFB,Afternoon,Nurse,Accepted,Not rejected,86.0,False,True
SP100886,2025-04-22,40-49,Male,Outpatient,Sputum,Gram Stain,Night,Clinical Officer,Accepted,Not rejected,110.0,False,False
SP101009,2025-01-17,20-29,Female,Maternity,Stool,Stool O&P,Morning,Nurse,Accepted,Not rejected,38.0,False,False
SP100412,2025-11-20,0-9,Male,ICU,Urine,Urine Culture,Night,Phlebotomist,Accepted,Not rejected,103.0,False,False
SP103061,2025-11-20,60+,Male,ICU,Sputum,AFB,Morning,Nurse,Accepted,Not rejected,79.0,False,False
SP103217,2025-08-28,10-19,Male,Emergency,Blood,Urea,Morning,Unknown,Accepted,Not rejected,80.0,False,False
SP102056,2025-10-12,20-29,Male,Outpatient,Blood,Glucose,Morning,Phlebotomist,Accepted,Not rejected,71.0,False,False
SP103739,2025-12-07,0-9,Male,Outpatient,Sputum,AFB,Afternoon,Nurse,Accepted,Not rejected,91.0,False,False
SP101904,2025-04-13,10-19,Male,Pediatrics,Urine,Urine Culture,Morning,Nurse,Accepted,Not rejected,55.0,False,False
SP100837,2025-11-04,30-39,Male,ICU,Urine,Urine Culture,Morning,Nurse,Accepted,Not rejected,96.0,False,False
SP101514,2025-06-15,60+,Male,Emergency,Urine,Urinalysis,Morning,Nurse,Accepted,Not rejected,68.0,False,False
SP101226,2025-01-08,0-9,Male,Inpatient,Urine,Urine Culture,Morning,Clinical Officer,Accepted,Not rejected,96.0,False,False
SP102082,2025-01-14,30-39,Male,Inpatient,Urine,Urinalysis,Morning,Clinical Officer,Accepted,Not rejected,92.0,False,False
SP104814,2025-04-30,40-49,Male,Emergency,Blood,Urea,Afternoon,Laboratory Technologist,Accepted,Not rejected,131.0,False,False
SP101403,2025-10-25,60+,Male,Emergency,Urine,Urinalysis,Morning,Nurse,Rejected,Wrong container,94.0,False,False
SP103692,2025-09-16,40-49,Male,Inpatient,Blood,Urea,Night,Nurse,Rejected,Delayed transport,52.0,False,False
SP104509,2025-01-16,60+,Female,Inpatient,Urine,Urinalysis,Night,Clinical Officer,Accepted,Not rejected,147.0,False,False
SP101304,2025-08-27,40-49,Male,Inpatient,Blood,Glucose,Night,Nurse,Accepted,Not rejected,119.0,False,False
SP102694,2025-01-17,50-59,Female,Outpatient,Swab,Wound Culture,Night,Phlebotomist,Rejected,Leaking container,63.0,False,False
SP101471,2025-10-01,10-19,Female,Emergency,Urine,Urine Culture,Afternoon,Laboratory Technologist,Accepted,Not rejected,101.0,False,False
SP102921,2025-01-02,20-29,Male,Inpatient,Stool,Stool O&P,Morning,Clinical Officer,Accepted,Not rejected,96.0,False,False
SP104466,2025-10-19,0-9,Female,Outpatient,Blood,Glucose,Morning,Unknown,Accepted,Not rejected,84.0,False,False
SP101114,2025-08-22,50-59,Female,ICU,Swab,Wound Culture,Afternoon,Phlebotomist,Accepted,Not rejected,33.0,False,False
SP100436,2025-07-18,50-59,Male,Pediatrics,Swab,Wound Culture,Afternoon,Phlebotomist,Accepted,Not rejected,67.0,False,True
SP100608,2025-11-17,60+,Female,Outpatient,Blood,Glucose,Night,Clinical Officer,Accepted,Not rejected,89.0,False,False
SP103078,2025-12-05,60+,Male,Outpatient,Urine,Urine Culture,Morning,Nurse,Accepted,Not rejected,70.0,False,False
SP101155,2025-04-03,40-49,Female,Inpatient,Swab,Wound Culture,Afternoon,Nurse,Accepted,Not rejected,86.0,False,False
SP104139,2025-05-03,50-59,Male,Outpatient,Blood,Glucose,Afternoon,Phlebotomist,Accepted,Not rejected,71.0,False,False
SP100325,2025-07-28,40-49,Female,Pediatrics,Swab,Throat Culture,Night,Nurse,Accepted,Not rejected,85.0,False,True
SP104126,2025-06-30,40-49,Male,Maternity,Swab,Throat Culture,Afternoon,Nurse,Accepted,Not rejected,35.0,True,False
SP100386,2025-10-24,20-29,Male,ICU,Blood,Creatinine,Afternoon,Phlebotomist,Accepted,Not rejected,62.0,False,False
SP102949,2025-01-02,20-29,Female,Pediatrics,Urine,Urinalysis,Morning,Nurse,Accepted,Not rejected,75.0,False,True
SP104516,2025-09-12,10-19,Female,Inpatient,Blood,CBC,Morning,Clinical Officer,Accepted,Not rejected,64.0,False,False
SP104084,2025-01-02,40-49,Male,Pediatrics,Sputum,Gram Stain,Night,Nurse,Accepted,Not rejected,77.0,False,True
SP100992,2025-07-24,40-49,Female,Outpatient,Blood,LFT,Afternoon,Nurse,Accepted,Not rejected,77.0,False,False
SP103606,2025-11-27,50-59,Male,Maternity,Blood,CBC,Afternoon,Phlebotomist,Accepted,Not rejected,84.0,True,False
SP104530,2025-04-06,10-19,Female,Inpatient,Urine,Urine Culture,Morning,Clinical Officer,Accepted,Not rejected,82.0,False,False
SP104330,2025-05-27,0-9,Male,Maternity,CSF,CSF Analysis,Morning,Phlebotomist,Accepted,Not rejected,93.0,True,False
SP104815,2025-12-15,0-9,Male,Outpatient,Swab,Wound Culture,Afternoon,Nurse,Accepted,Not rejected,55.0,False,False
SP100390,2025-11-10,0-9,Female,Maternity,Blood,CBC,Afternoon,Clinical Officer,Accepted,Not rejected,74.0,False,False
SP101367,2025-02-15,60+,Female,Maternity,Swab,Wound Culture,Morning,Clinical Officer,Accepted,Not rejected,92.0,False,False
SP101879,2025-06-28,60+,Male,Inpatient,Blood,LFT,Morning,Nurse,Accepted,Not rejected,56.0,False,False
SP101291,2025-02-17,50-59,Male,Emergency,Sputum,AFB,Morning,Phlebotomist,Accepted,Not rejected,63.0,False,False
SP104702,2025-12-24,10-19,Female,Inpatient,Blood,Urea,Morning,Laboratory Technologist,Accepted,Not rejected,92.0,False,False
SP103238,2025-03-14,0-9,Male,Maternity,Blood,Urea,Morning,Clinical Officer,Accepted,Not rejected,46.0,True,False
SP104809,2025-11-26,10-19,Female,Emergency,Urine,Urinalysis,Morning,Phlebotomist,Accepted,Not rejected,66.0,False,False
SP104344,2025-08-18,50-59,Female,Inpatient,Blood,LFT,Morning,Phlebotomist,Accepted,Not rejected,97.0,False,False
SP103815,2025-04-08,10-19,Male,Outpatient,Swab,Throat Culture,Afternoon,Nurse,Accepted,Not rejected,87.0,False,False
SP104184,2025-11-26,20-29,Female,Pediatrics,Urine,Urinalysis,Afternoon,Nurse,Accepted,Not rejected,76.0,False,True
SP101498,2025-03-19,30-39,Female,Inpatient,Swab,Wound Culture,Night,Nurse,Accepted,Not rejected,74.0,False,False
SP101117,2025-02-13,50-59,Female,Inpatient,Blood,LFT,Morning,Nurse,Accepted,Not rejected,86.0,False,False
SP104629,2025-01-25,20-29,Male,Emergency,Blood,LFT,Morning,Phlebotomist,Accepted,Not rejected,86.0,False,False
SP103508,2025-06-28,40-49,Male,Emergency,Urine,Urinalysis,Night,Nurse,Accepted,Not rejected,94.0,False,False
SP103621,2025-07-30,50-59,Female,Pediatrics,Urine,Urine Culture,Afternoon,Nurse,Accepted,Not rejected,90.0,False,True
SP101482,2025-11-09,30-39,Male,Outpatient,Urine,Urine Culture,Morning,Phlebotomist,Accepted,Not rejected,110.0,False,False
SP104846,2025-08-09,0-9,Female,Inpatient,Swab,Wound Culture,Morning,Nurse,Accepted,Not rejected,83.0,False,False
SP103894,2025-12-17,0-9,Male,Outpatient,Stool,Stool O&P,Afternoon,Nurse,Accepted,Not rejected,57.0,False,False
SP100870,2025-07-21,0-9,Female,Outpatient,Sputum,AFB,Night,Nurse,Rejected,Hemolysis,10.0,False,False
SP103828,2025-05-13,40-49,Male,ICU,Urine,Urinalysis,Afternoon,Nurse,Accepted,Not rejected,25.0,False,False
SP102344,2025-01-19,20-29,Female,Outpatient,Blood,Creatinine,Night,Nurse,Accepted,Not rejected,70.0,False,False
SP104044,2025-06-03,50-59,Male,ICU,Blood,LFT,Afternoon,Nurse,Accepted,Not rejected,107.0,False,False
SP103475,2025-06-06,30-39,Female,Outpatient,Blood,Urea,Morning,Phlebotomist,Accepted,Not rejected,75.0,False,False
SP101644,2025-01-06,60+,Female,Outpatient,Sputum,AFB,Morning,Nurse,Accepted,Not rejected,86.0,False,False
SP101649,2025-03-25,50-59,Male,Outpatient,Urine,Urinalysis,Morning,Nurse,Accepted,Not rejected,65.0,False,False
SP104899,2025-06-23,30-39,Female,ICU,Urine,Urine Culture,Afternoon,Clinical Officer,Accepted,Not rejected,56.0,False,False
SP102835,2025-06-19,40-49,Female,Pediatrics,Sputum,Culture,Afternoon,Laboratory Technologist,Accepted,Not rejected,99.0,False,True
SP104687,2025-10-19,20-29,Female,Outpatient,Urine,Urinalysis,Morning,Clinical Officer,Accepted,Not rejected,107.0,False,False
SP102777,2025-04-27,40-49,Male,Inpatient,Urine,Urine Culture,Afternoon,Clinical Officer,Accepted,Not rejected,31.0,False,False
SP101388,2025-06-29,20-29,Female,Outpatient,Blood,CBC,Afternoon,Phlebotomist,Rejected,Mislabeling,62.0,False,False
SP102649,2025-05-28,30-39,Male,Emergency,Swab,Throat Culture,Afternoon,Clinical Officer,Accepted,Not rejected,97.0,False,False
SP102146,2025-06-14,10-19,Female,Emergency,Blood,LFT,Afternoon,Clinical Officer,Accepted,Not rejected,98.0,False,False
SP104736,2025-08-09,50-59,Male,Emergency,Swab,Throat Culture,Night,Nurse,Accepted,Not rejected,87.0,False,False
SP104712,2025-04-10,40-49,Male,Outpatient,Swab,Wound Culture,Morning,Clinical Officer,Accepted,Not rejected,82.0,False,False
SP104681,2025-10-15,10-19,Female,Outpatient,Sputum,Culture,Afternoon,Nurse,Rejected,Leaking container,25.0,False,False
SP103115,2025-07-05,0-9,Female,Inpatient,Blood,Glucose,Afternoon,Clinical Officer,Accepted,Not rejected,57.0,False,False
SP103050,2025-08-31,20-29,Female,Emergency,Blood,Glucose,Afternoon,Nurse,Accepted,Not rejected,76.0,False,False
SP102154,2025-12-15,50-59,Female,Pediatrics,Blood,Glucose,Morning,Phlebotomist,Accepted,Not rejected,86.0,False,True
SP102622,2025-12-03,10-19,Male,Outpatient,CSF,CSF Analysis,Afternoon,Nurse,Accepted,Not rejected,41.0,False,False
SP103780,2025-11-23,20-29,Male,Inpatient,Swab,Throat Culture,Morning,Phlebotomist,Accepted,Not rejected,41.0,False,False
SP101669,2025-08-02,0-9,Female,Outpatient,Urine,Urine Culture,Afternoon,Nurse,Accepted,Not rejected,92.0,False,False
SP100567,2025-06-28,60+,Male,Inpatient,Blood,LFT,Night,Nurse,Rejected,Leaking container,58.0,False,False
SP104011,2025-04-02,30-39,Male,Pediatrics,Swab,Wound Culture,Morning,Laboratory Technologist,Accepted,Not rejected,90.0,False,True
SP104976,2025-03-19,40-49,Female,Inpatient,CSF,CSF Analysis,Afternoon,Phlebotomist,Accepted,Not rejected,80.0,False,False
SP104753,2025-04-15,50-59,Male,Maternity,Urine,Urinalysis,Morning,Phlebotomist,Accepted,Not rejected,98.0,True,False
SP102380,2025-06-24,30-39,Female,Emergency,Swab,Wound Culture,Morning,Clinical Officer,Accepted,Not rejected,112.0,False,False
SP102881,2025-01-26,40-49,Male,Inpatient,Swab,Wound Culture,Afternoon,Clinical Officer,Accepted,Not rejected,64.0,False,False
SP101552,2025-07-05,10-19,Female,Outpatient,Sputum,Gram Stain,Morning,Nurse,Accepted,Not rejected,71.0,False,False
SP104628,2025-01-11,30-39,Male,Pediatrics,Blood,CBC,Morning,Nurse,Accepted,Not rejected,13.0,False,True
SP102431,2025-02-25,40-49,Male,Pediatrics,Urine,Urine Culture,Night,Nurse,Accepted,Not rejected,110.0,False,True
SP101888,2025-06-24,40-49,Female,Inpatient,Blood,CBC,Morning,Clinical Officer,Accepted,Not rejected,95.0,False,False
SP102578,2025-09-15,10-19,Female,Inpatient,Urine,Urine Culture,Morning,Laboratory Technologist,Accepted,Not rejected,116.0,False,False
SP101234,2025-12-29,60+,Male,Outpatient,Stool,Culture,Afternoon,Phlebotomist,Accepted,Not rejected,23.0,False,False
SP100433,2025-02-17,Unknown,Female,Emergency,Urine,Urinalysis,Morning,Clinical Officer,Accepted,Not rejected,47.0,False,False
SP104009,2025-04-08,50-59,Female,Emergency,Stool,Stool O&P,Afternoon,Clinical Officer,Accepted,Not rejected,75.0,False,False
SP101464,2025-09-17,50-59,Male,ICU,Blood,Creatinine,Afternoon,Clinical Officer,Accepted,Not rejected,77.0,False,False
SP104597,2025-08-19,50-59,Female,Emergency,Blood,Glucose,Night,Laboratory Technologist,Accepted,Not rejected,26.0,False,False
SP104302,2025-01-15,60+,Female,Pediatrics,Blood,Glucose,Night,Nurse,Accepted,Not rejected,37.0,False,True
SP101322,2025-06-05,40-49,Male,Inpatient,Sputum,Culture,Afternoon,Nurse,Accepted,Not rejected,66.0,False,False
SP102031,2025-04-21,30-39,Male,Emergency,Swab,Wound Culture,Afternoon,Clinical Officer,Rejected,Wrong container,48.0,False,False
SP103339,2025-09-22,10-19,Male,Outpatient,Urine,Urinalysis,Night,Laboratory Technologist,Accepted,Not rejected,51.0,False,False
SP100437,2025-02-09,60+,Male,Outpatient,CSF,Culture,Morning,Phlebotomist,Accepted,Not rejected,64.0,False,False
SP104500,2025-05-19,20-29,Female,Unknown,Urine,Urine Culture,Afternoon,Nurse,Accepted,Not rejected,69.0,False,False
SP104128,2025-08-24,20-29,Male,ICU,Blood,Creatinine,Afternoon,Nurse,Accepted,Not rejected,97.0,False,False
SP100810,2025-06-19,30-39,Female,Outpatient,Blood,CBC,Night,Clinical Officer,Accepted,Not rejected,90.0,False,False
SP103893,2025-04-14,20-29,Male,Outpatient,CSF,Culture,Afternoon,Nurse,Accepted,Not rejected,115.0,False,False
SP100928,2025-04-18,10-19,Female,Inpatient,Swab,Wound Culture,Night,Phlebotomist,Accepted,Not rejected,72.0,False,False
SP100495,2025-04-29,10-19,Female,Pediatrics,Urine,Urinalysis,Night,Laboratory Technologist,Rejected,Leaking container,36.0,False,False
SP100776,2025-03-31,60+,Male,Pediatrics,Swab,Throat Culture,Afternoon,Nurse,Accepted,Not rejected,69.0,False,True
SP101923,2025-12-16,60+,Female,Inpatient,Sputum,AFB,Morning,Nurse,Accepted,Not rejected,52.0,False,False
SP101616,2025-01-03,60+,Male,Inpatient,Blood,Urea,Afternoon,Nurse,Accepted,Not rejected,123.0,False,False
SP104038,2025-04-03,60+,Female,Inpatient,Urine,Urine Culture,Morning,Clinical Officer,Accepted,Not rejected,83.0,False,False
SP103598,2025-03-09,50-59,Male,Inpatient,Urine,Urinalysis,Afternoon,Laboratory Technologist,Accepted,Not rejected,101.0,False,False
SP100620,2025-08-27,10-19,Female,Emergency,Blood,Creatinine,Morning,Clinical Officer,Rejected,Clotted specimen,86.0,False,False
SP104590,2025-09-24,20-29,Female,Emergency,Blood,LFT,Afternoon,Clinical Officer,Accepted,Not rejected,83.0,False,False
SP102552,2025-05-14,0-9,Male,Emergency,Blood,Glucose,Morning,Nurse,Accepted,Not rejected,148.0,False,False
SP103557,2025-08-03,0-9,Male,Outpatient,Blood,CBC,Afternoon,Nurse,Rejected,Delayed transport,95.0,False,False
SP103045,2025-05-03,30-39,Female,Emergency,Blood,CBC,Night,Clinical Officer,Accepted,Not rejected,64.0,False,False
SP101614,2025-03-26,20-29,Male,Inpatient,Blood,LFT,Afternoon,Laboratory Technologist,Accepted,Not rejected,43.0,False,False
SP100549,2025-11-26,60+,Male,Outpatient,Blood,LFT,Morning,Nurse,Accepted,Not rejected,30.0,False,False
SP103930,2025-10-02,10-19,Female,Outpatient,Sputum,Gram Stain,Morning,Nurse,Accepted,Not rejected,93.0,False,False
SP100199,2025-04-07,20-29,Female,Maternity,Sputum,Gram Stain,Morning,Nurse,Accepted,Not rejected,35.0,False,False
SP104409,2025-11-25,60+,Female,Outpatient,Blood,LFT,Afternoon,Clinical Officer,Accepted,Not rejected,93.0,False,False
SP102232,2025-12-27,20-29,Female,Pediatrics,Urine,Urine Culture,Morning,Nurse,Accepted,Not rejected,23.0,False,True
SP103368,2025-02-05,50-59,Male,Outpatient,Blood,Creatinine,Morning,Clinical Officer,Accepted,Not rejected,38.0,False,False
SP104646,2025-07-12,50-59,Male,Inpatient,Blood,Creatinine,Morning,Laboratory Technologist,Accepted,Not rejected,37.0,False,False
SP102693,2025-01-30,60+,Female,Outpatient,Blood,Creatinine,Night,Laboratory Technologist,Accepted,Not rejected,56.0,False,False
SP100562,2025-02-06,50-59,Male,Emergency,Blood,CBC,Afternoon,Phlebotomist,Accepted,Not rejected,84.0,False,False
SP102280,2025-05-29,40-49,Female,Outpatient,Urine,Urine Culture,Night,Nurse,Accepted,Not rejected,125.0,False,False
SP103909,2025-04-26,50-59,Female,Pediatrics,Blood,Urea,Afternoon,Nurse,Accepted,Not rejected,93.0,False,True
SP103295,2025-08-13,0-9,Female,Inpatient,Blood,Creatinine,Night,Phlebotomist,Accepted,Not rejected,60.0,False,False
SP104014,2025-05-13,0-9,Female,Inpatient,Stool,Stool O&P,Morning,Nurse,Accepted,Not rejected,108.0,False,False
SP101430,2025-07-09,50-59,Female,Emergency,Urine,Urine Culture,Morning,Nurse,Accepted,Not rejected,17.0,False,False
SP104996,2025-10-14,30-39,Male,ICU,Stool,Culture,Morning,Clinical Officer,Accepted,Not rejected,74.0,False,False
SP101784,2025-09-16,50-59,Male,Pediatrics,Urine,Urine Culture,Afternoon,Phlebotomist,Accepted,Not rejected,88.0,False,True
SP103349,2025-03-10,10-19,Male,Emergency,Urine,Urinalysis,Afternoon,Phlebotomist,Accepted,Not rejected,87.0,False,False
SP104494,2025-09-14,60+,Male,Pediatrics,Stool,Stool O&P,Morning,Nurse,Accepted,Not rejected,81.0,False,True
SP102679,2025-09-19,10-19,Female,Outpatient,Urine,Urinalysis,Afternoon,Nurse,Accepted,Not rejected,81.0,False,False
SP103935,2025-04-04,50-59,Female,Pediatrics,Urine,Urine Culture,Afternoon,Nurse,Accepted,Not rejected,100.0,False,True
SP101340,2025-04-17,30-39,Female,Emergency,Blood,CBC,Morning,Phlebotomist,Accepted,Not rejected,97.0,False,False
SP100471,2025-04-10,10-19,Female,Emergency,Urine,Urinalysis,Afternoon,Clinical Officer,Accepted,Not rejected,77.0,False,False
SP104663,2025-02-16,30-39,Male,Outpatient,Blood,Creatinine,Morning,Nurse,Accepted,Not rejected,57.0,False,False
SP104366,2025-03-16,60+,Female,Outpatient,Blood,LFT,Afternoon,Phlebotomist,Rejected,Wrong container,69.0,False,False
SP101796,2025-09-16,0-9,Female,Maternity,Blood,CBC,Afternoon,Clinical Officer,Accepted,Not rejected,70.0,False,False
SP104879,2025-11-22,20-29,Male,Outpatient,Swab,Throat Culture,Morning,Clinical Officer,Accepted,Not rejected,68.0,False,False
SP103151,2025-04-29,0-9,Female,Inpatient,Sputum,AFB,Afternoon,Nurse,Accepted,Not rejected,72.0,False,False
SP100823,2025-08-05,20-29,Female,Outpatient,Stool,Stool O&P,Morning,Clinical Officer,Rejected,Wrong container,49.0,False,False
SP103574,2025-06-16,30-39,Female,Pediatrics,Blood,Creatinine,Night,Laboratory Technologist,Accepted,Not rejected,58.0,False,True
SP102523,2025-02-03,0-9,Male,Inpatient,CSF,Culture,Morning,Nurse,Accepted,Not rejected,49.0,False,False
SP103814,2025-07-10,10-19,Female,Emergency,Blood,LFT,Morning,Laboratory Technologist,Accepted,Not rejected,106.0,False,False
SP103714,2025-05-16,40-49,Female,Outpatient,Blood,Urea,Night,Laboratory Technologist,Accepted,Not rejected,68.0,False,False
SP101617,2025-02-05,50-59,Female,Outpatient,Blood,LFT,Afternoon,Laboratory Technologist,Accepted,Not rejected,102.0,False,False
SP103489,2025-08-28,60+,Male,Outpatient,Stool,Culture,Morning,Nurse,Accepted,Not rejected,60.0,False,False
SP103859,2025-01-21,20-29,Male,Pediatrics,Blood,Glucose,Morning,Phlebotomist,Accepted,Not rejected,100.0,False,True
SP103504,2025-06-10,60+,Male,Maternity,Swab,Wound Culture,Morning,Nurse,Accepted,Not rejected,53.0,True,False
SP100661,2025-04-01,10-19,Female,Inpatient,Swab,Wound Culture,Morning,Clinical Officer,Accepted,Not rejected,41.0,False,False
SP103560,2025-02-10,50-59,Male,Outpatient,Blood,CBC,Afternoon,Nurse,Accepted,Not rejected,79.0,False,False
SP100150,2025-02-27,0-9,Male,Inpatient,Urine,Urine Culture,Morning,Nurse,Accepted,Not rejected,55.0,False,False
SP103325,2025-05-06,0-9,Female,Outpatient,Swab,Wound Culture,Morning,Nurse,Accepted,Not rejected,43.0,False,False
SP102446,2025-08-14,20-29,Female,Emergency,Urine,Urine Culture,Morning,Nurse,Accepted,Not rejected,83.0,False,False
SP104559,2025-12-05,30-39,Female,Outpatient,Stool,Culture,Morning,Nurse,Accepted,Not rejected,128.0,False,False
SP104779,2025-09-01,60+,Female,Outpatient,Urine,Urinalysis,Afternoon,Nurse,Accepted,Not rejected,97.0,False,False
SP100728,2025-02-13,30-39,Male,Outpatient,Sputum,Gram Stain,Morning,Clinical Officer,Accepted,Not rejected,91.0,False,False
SP103583,2025-04-21,20-29,Male,ICU,Blood,Creatinine,Afternoon,Phlebotomist,Accepted,Not rejected,72.0,False,False
SP102808,2025-12-04,20-29,Male,Emergency,Sputum,AFB,Night,Clinical Officer,Accepted,Not rejected,69.0,False,False
SP102517,2025-08-08,40-49,Male,Pediatrics,Urine,Urinalysis,Afternoon,Phlebotomist,Accepted,Not rejected,66.0,False,True
SP104016,2025-11-23,30-39,Male,Inpatient,CSF,Culture,Night,Phlebotomist,Rejected,Wrong container,91.0,False,False
SP104698,2025-02-23,30-39,Male,Outpatient,Sputum,AFB,Night,Nurse,Rejected,Delayed transport,36.0,False,False
SP103313,2025-06-09,0-9,Male,Pediatrics,Blood,Urea,Night,Laboratory Technologist,Accepted,Not rejected,38.0,False,False
SP104638,2025-08-16,10-19,Male,Maternity,Stool,Culture,Morning,Clinical Officer,Accepted,Not rejected,117.0,True,False
SP101067,2025-12-27,10-19,Male,Inpatient,Urine,Urinalysis,Afternoon,Nurse,Accepted,Not rejected,63.0,False,False
SP101344,2025-09-22,60+,Male,Outpatient,Blood,LFT,Morning,Clinical Officer,Accepted,Not rejected,76.0,False,False
SP101303,2025-10-13,20-29,Male,ICU,Stool,Culture,Afternoon,Nurse,Accepted,Not rejected,59.0,False,False
SP104851,2025-08-12,0-9,Male,Pediatrics,Sputum,AFB,Afternoon,Nurse,Accepted,Not rejected,93.0,False,False
SP102208,2025-09-25,20-29,Female,Outpatient,Sputum,Culture,Night,Nurse,Accepted,Not rejected,84.0,False,False
SP103288,2025-11-04,60+,Male,Pediatrics,Blood,Creatinine,Morning,Clinical Officer,Accepted,Not rejected,63.0,False,True
SP100056,2025-08-05,40-49,Male,Pediatrics,Blood,CBC,Afternoon,Nurse,Accepted,Not rejected,48.0,False,True
SP103245,2025-10-31,10-19,Male,Pediatrics,Urine,Urinalysis,Afternoon,Clinical Officer,Accepted,Not rejected,123.0,False,False
SP104301,2025-08-12,50-59,Female,Outpatient,Swab,Throat Culture,Morning,Phlebotomist,Accepted,Not rejected,73.0,False,False
SP101203,2025-02-12,20-29,Male,Inpatient,Urine,Urine Culture,Morning,Nurse,Accepted,Not rejected,68.0,False,False
SP102241,2025-11-12,10-19,Male,Pediatrics,Sputum,Gram Stain,Morning,Nurse,Accepted,Not rejected,57.0,False,False
SP101813,2025-01-17,30-39,Female,Inpatient,Blood,Glucose,Morning,Nurse,Accepted,Not rejected,38.0,False,False
SP100061,2025-07-13,30-39,Male,Emergency,Sputum,Culture,Afternoon,Nurse,Accepted,Not rejected,46.0,False,False
SP102912,2025-05-27,40-49,Male,Outpatient,Urine,Urinalysis,Night,Nurse,Rejected,Delayed transport,82.0,False,False
SP104238,2025-04-27,60+,Female,Unknown,Swab,Wound Culture,Afternoon,Phlebotomist,Accepted,Not rejected,65.0,False,False
SP101748,2025-08-16,0-9,Male,Outpatient,Urine,Urine Culture,Afternoon,Phlebotomist,Accepted,Not rejected,80.0,False,False
SP100501,2025-10-03,60+,Male,Pediatrics,Blood,Urea,Morning,Clinical Officer,Accepted,Not rejected,56.0,False,True
SP102182,2025-02-06,50-59,Female,Inpatient,Sputum,AFB,Morning,Unknown,Rejected,Wrong container,90.0,False,False
SP103928,2025-03-04,60+,Male,Outpatient,Blood,Urea,Morning,Nurse,Accepted,Not rejected,109.0,False,False
SP104077,2025-06-22,20-29,Male,Inpatient,Urine,Urine Culture,Afternoon,Nurse,Accepted,Not rejected,20.0,False,False
SP100313,2025-12-12,10-19,Male,Inpatient,Urine,Urinalysis,Afternoon,Laboratory Technologist,Accepted,Not rejected,89.0,False,False
SP101458,2025-09-23,40-49,Male,Emergency,Urine,Urinalysis,Afternoon,Laboratory Technologist,Accepted,Not rejected,99.0,False,False
SP102906,2025-05-12,20-29,Male,Outpatient,Blood,Creatinine,Night,Nurse,Accepted,Not rejected,89.0,False,False
SP103170,2025-02-25,10-19,Male,Outpatient,Blood,CBC,Morning,Clinical Officer,Accepted,Not rejected,76.0,False,False
SP100970,2025-08-11,40-49,Female,Inpatient,Swab,Wound Culture,Afternoon,Phlebotomist,Accepted,Not rejected,119.0,False,False
SP100989,2025-11-03,40-49,Female,Emergency,Blood,LFT,Morning,Clinical Officer,Accepted,Not rejected,69.0,False,False
SP100134,2025-12-08,30-39,Male,Emergency,Urine,Urine Culture,Morning,Nurse,Accepted,Not rejected,51.0,False,False
SP103601,2025-03-25,10-19,Female,Inpatient,Blood,Creatinine,Night,Clinical Officer,Accepted,Not rejected,91.0,False,False
SP104454,2025-09-23,20-29,Female,Inpatient,Sputum,Gram Stain,Night,Clinical Officer,Rejected,Delayed transport,79.0,False,False
SP104622,2025-09-01,30-39,Male,Inpatient,Swab,Throat Culture,Night,Clinical Officer,Accepted,Not rejected,97.0,False,False
SP101729,2025-07-09,20-29,Female,Inpatient,CSF,Culture,Afternoon,Laboratory Technologist,Accepted,Not rejected,34.0,False,False
SP104458,2025-06-02,40-49,Female,Outpatient,Blood,CBC,Morning,Clinical Officer,Accepted,Not rejected,61.0,False,False
SP102957,2025-05-27,20-29,Male,Inpatient,Blood,Urea,Morning,Phlebotomist,Accepted,Not rejected,121.0,False,False
SP100995,2025-03-31,0-9,Male,Outpatient,Urine,Urinalysis,Morning,Laboratory Technologist,Accepted,Not rejected,82.0,False,False
SP103499,2025-01-25,40-49,Male,Pediatrics,Blood,Creatinine,Morning,Nurse,Accepted,Not rejected,75.0,False,True
SP101239,2025-05-07,20-29,Male,Maternity,CSF,CSF Analysis,Morning,Nurse,Accepted,Not rejected,70.0,True,False
SP101516,2025-09-21,40-49,Female,Inpatient,Sputum,AFB,Afternoon,Clinical Officer,Accepted,Not rejected,72.0,False,False
SP102449,2025-05-31,10-19,Female,Outpatient,Sputum,Culture,Afternoon,Nurse,Accepted,Not rejected,10.0,False,False
SP102467,2025-05-07,50-59,Female,Emergency,Sputum,AFB,Morning,Nurse,Accepted,Not rejected,45.0,False,False
SP100827,2025-08-23,50-59,Male,Outpatient,Urine,Urinalysis,Night,Nurse,Accepted,Not rejected,99.0,False,False
SP103382,2025-04-19,20-29,Male,ICU,Blood,LFT,Morning,Nurse,Accepted,Not rejected,54.0,False,False
SP102066,2025-09-07,50-59,Male,Outpatient,Blood,CBC,Afternoon,Phlebotomist,Accepted,Not rejected,106.0,False,False
SP100218,2025-05-02,40-49,Female,Outpatient,Urine,Urine Culture,Night,Laboratory Technologist,Accepted,Not rejected,41.0,False,False
SP103243,2025-05-20,60+,Male,Emergency,Urine,Urine Culture,Night,Nurse,Accepted,Not rejected,87.0,False,False
SP104778,2025-01-01,50-59,Male,Maternity,Swab,Wound Culture,Afternoon,Clinical Officer,Accepted,Not rejected,58.0,True,False
SP104235,2025-06-27,Unknown,Male,Inpatient,Urine,Urine Culture,Morning,Clinical Officer,Accepted,Not rejected,31.0,False,False
SP104191,2025-02-02,20-29,Male,Outpatient,Blood,CBC,Morning,Phlebotomist,Accepted,Not rejected,97.0,False,False
SP103914,2025-04-20,20-29,Female,Unknown,Blood,Creatinine,Afternoon,Nurse,Accepted,Not rejected,88.0,False,False
SP102112,2025-01-18,60+,Female,Outpatient,Swab,Wound Culture,Afternoon,Clinical Officer,Accepted,Not rejected,61.0,False,False
SP102624,2025-04-06,60+,Male,Emergency,Sputum,Culture,Morning,Clinical Officer,Rejected,Delayed transport,91.0,False,False
SP102267,2025-10-11,30-39,Male,Outpatient,Blood,LFT,Morning,Laboratory Technologist,Accepted,Not rejected,35.0,False,False
SP104725,2025-04-20,10-19,Male,Inpatient,Urine,Urinalysis,Night,Nurse,Accepted,Not rejected,63.0,False,False
SP100063,2025-01-29,50-59,Male,Maternity,Blood,CBC,Afternoon,Nurse,Accepted,Not rejected,84.0,True,False
SP103768,2025-03-27,0-9,Female,Emergency,Blood,Glucose,Morning,Laboratory Technologist,Rejected,Mislabeling,51.0,False,False
SP101050,2025-10-04,40-49,Male,Pediatrics,Urine,Urinalysis,Afternoon,Phlebotomist,Accepted,Not rejected,81.0,False,True
SP101285,2025-03-21,40-49,Female,Maternity,Sputum,Culture,Afternoon,Nurse,Rejected,Leaking container,60.0,False,False
SP101184,2025-06-08,60+,Male,Inpatient,Swab,Wound Culture,Afternoon,Phlebotomist,Accepted,Not rejected,54.0,False,False
SP104142,2025-12-02,50-59,Male,Outpatient,Swab,Throat Culture,Night,Laboratory Technologist,Accepted,Not rejected,100.0,False,False
SP102768,2025-07-16,30-39,Female,Inpatient,Sputum,Culture,Afternoon,Nurse,Accepted,Not rejected,64.0,False,False
SP101977,2025-01-05,Unknown,Male,Pediatrics,Blood,CBC,Afternoon,Clinical Officer,Accepted,Not rejected,81.0,False,True
SP101096,2025-07-29,30-39,Female,Emergency,Blood,Creatinine,Morning,Nurse,Accepted,Not rejected,56.0,False,False
SP100446,2025-12-14,50-59,Female,Outpatient,Blood,Glucose,Night,Clinical Officer,Accepted,Not rejected,86.0,False,False
SP100587,2025-01-19,50-59,Female,Outpatient,Blood,CBC,Night,Clinical Officer,Accepted,Not rejected,76.0,False,False
SP104695,2025-03-30,0-9,Male,ICU,Swab,Throat Culture,Afternoon,Nurse,Accepted,Not rejected,65.0,False,False
SP103281,2025-11-09,50-59,Female,Inpatient,Urine,Urinalysis,Morning,Laboratory Technologist,Accepted,Not rejected,75.0,False,False
SP101890,2025-04-02,50-59,Female,Pediatrics,Urine,Urinalysis,Morning,Phlebotomist,Accepted,Not rejected,95.0,False,True
SP103464,2025-06-20,10-19,Male,Inpatient,Sputum,AFB,Morning,Phlebotomist,Accepted,Not rejected,98.0,False,False
SP100987,2025-04-13,50-59,Male,Inpatient,Sputum,Culture,Morning,Nurse,Accepted,Not rejected,73.0,False,False
SP102647,2025-02-11,10-19,Female,Outpatient,Urine,Urinalysis,Morning,Laboratory Technologist,Accepted,Not rejected,65.0,False,False
SP102040,2025-09-24,20-29,Female,Outpatient,Urine,Urinalysis,Morning,Nurse,Accepted,Not rejected,65.0,False,False
SP103074,2025-09-21,60+,Male,Pediatrics,Stool,Culture,Afternoon,Nurse,Accepted,Not rejected,45.0,False,True
SP104987,2025-04-19,60+,Female,Maternity,Urine,Urine Culture,Afternoon,Clinical Officer,Accepted,Not rejected,57.0,False,False
SP100308,2025-07-29,30-39,Female,Outpatient,Blood,Glucose,Morning,Clinical Officer,Accepted,Not rejected,51.0,False,False
SP100090,2025-06-16,40-49,Male,Outpatient,Swab,Throat Culture,Morning,Nurse,Accepted,Not rejected,102.0,False,False
SP102246,2025-04-12,50-59,Male,Pediatrics,Sputum,AFB,Afternoon,Nurse,Rejected,Insufficient volume,76.0,False,True
SP104898,2025-03-29,60+,Female,Outpatient,Blood,Creatinine,Afternoon,Nurse,Accepted,Not rejected,75.0,False,False
SP100151,2025-01-01,20-29,Female,Emergency,Blood,Creatinine,Morning,Phlebotomist,Rejected,Wrong container,40.0,False,False
SP100022,2025-11-23,50-59,Female,Pediatrics,Urine,Urinalysis,Night,Clinical Officer,Accepted,Not rejected,107.0,False,True
SP104008,2025-09-27,0-9,Female,Emergency,Blood,Urea,Morning,Nurse,Accepted,Not rejected,99.0,False,False
SP100230,2025-04-15,50-59,Male,ICU,Urine,Urine Culture,Night,Laboratory Technologist,Accepted,Not rejected,79.0,False,False
SP101222,2025-03-31,0-9,Male,ICU,Blood,CBC,Morning,Nurse,Accepted,Not rejected,93.0,False,False
SP100612,2025-03-10,60+,Female,Outpatient,Urine,Urine Culture,Morning,Clinical Officer,Accepted,Not rejected,63.0,False,False
SP103130,2025-09-04,40-49,Female,Pediatrics,Stool,Stool O&P,Morning,Laboratory Technologist,Accepted,Not rejected,40.0,False,True
SP101197,2025-10-20,0-9,Female,Inpatient,Urine,Urine Culture,Morning,Phlebotomist,Accepted,Not rejected,50.0,False,False
SP100594,2025-04-26,60+,Female,Inpatient,Sputum,Gram Stain,Morning,Nurse,Accepted,Not rejected,51.0,False,False
SP101443,2025-05-18,10-19,Male,Inpatient,Blood,Creatinine,Afternoon,Clinical Officer,Accepted,Not rejected,51.0,False,False
SP102719,2025-07-22,50-59,Female,Outpatient,Blood,CBC,Night,Nurse,Rejected,Mislabeling,36.0,False,False
SP100045,2025-10-10,50-59,Male,Outpatient,Blood,LFT,Morning,Clinical Officer,Accepted,Not rejected,101.0,False,False
SP100198,2025-04-07,10-19,Female,ICU,CSF,Culture,Morning,Nurse,Accepted,Not rejected,78.0,False,False
SP102029,2025-04-25,30-39,Male,Inpatient,Sputum,Culture,Afternoon,Unknown,Accepted,Not rejected,47.0,False,False
SP102250,2025-11-06,20-29,Female,Outpatient,Swab,Throat Culture,Afternoon,Nurse,Accepted,Not rejected,49.0,False,False
SP100003,2025-09-07,30-39,Male,Outpatient,Stool,Culture,Afternoon,Nurse,Accepted,Not rejected,64.0,False,False
SP100585,2025-07-18,20-29,Male,Emergency,Blood,CBC,Afternoon,Nurse,Accepted,Not rejected,48.0,False,False
SP100027,2025-06-28,60+,Male,Outpatient,Blood,CBC,Night,Nurse,Accepted,Not rejected,108.0,False,False
SP102978,2025-05-29,0-9,Male,Outpatient,Swab,Throat Culture,Afternoon,Nurse,Accepted,Not rejected,117.0,False,False
SP101364,2025-05-03,50-59,Female,Pediatrics,Urine,Urine Culture,Night,Nurse,Accepted,Not rejected,41.0,False,True
SP104272,2025-12-11,0-9,Female,Outpatient,Blood,LFT,Morning,Clinical Officer,Accepted,Not rejected,37.0,False,False
SP101379,2025-12-15,20-29,Male,Emergency,Urine,Urine Culture,Night,Phlebotomist,Rejected,Clotted specimen,93.0,False,False
SP100256,2025-12-21,50-59,Female,Outpatient,Urine,Urine Culture,Morning,Laboratory Technologist,Accepted,Not rejected,73.0,False,False
SP101428,2025-06-07,30-39,Female,Outpatient,Urine,Urine Culture,Morning,Nurse,Accepted,Not rejected,103.0,False,False
SP100773,2025-06-03,30-39,Male,Inpatient,Swab,Wound Culture,Night,Nurse,Rejected,Mislabeling,92.0,False,False
SP100656,2025-12-10,50-59,Female,Inpatient,Urine,Urinalysis,Afternoon,Nurse,Accepted,Not rejected,93.0,False,False
SP102177,2025-01-22,30-39,Male,Outpatient,Blood,Creatinine,Morning,Nurse,Accepted,Not rejected,81.0,False,False
SP101115,2025-11-18,0-9,Male,Outpatient,Sputum,AFB,Night,Nurse,Accepted,Not rejected,78.0,False,False
SP100688,2025-12-21,40-49,Female,Outpatient,Urine,Urine Culture,Night,Phlebotomist,Accepted,Not rejected,68.0,False,False
SP100493,2025-09-08,40-49,Male,Outpatient,Swab,Throat Culture,Afternoon,Nurse,Rejected,Clotted specimen,76.0,False,False
SP102532,2025-09-22,50-59,Male,Maternity,Blood,LFT,Afternoon,Clinical Officer,Accepted,Not rejected,72.0,True,False
SP100900,2025-11-19,40-49,Female,Outpatient,Urine,Urine Culture,Morning,Laboratory Technologist,Rejected,Leaking container,96.0,False,False
SP102529,2025-09-11,0-9,Male,Outpatient,Urine,Urinalysis,Afternoon,Nurse,Accepted,Not rejected,96.0,False,False
SP101563,2025-12-02,60+,Female,Emergency,Urine,Urinalysis,Morning,Clinical Officer,Accepted,Not rejected,54.0,False,False
SP104162,2025-05-07,10-19,Male,Outpatient,Blood,Creatinine,Afternoon,Clinical Officer,Accepted,Not rejected,47.0,False,False
SP101710,2025-12-05,50-59,Female,Maternity,Blood,Glucose,Afternoon,Phlebotomist,Accepted,Not rejected,74.0,False,False
SP102394,2025-02-02,20-29,Female,Outpatient,Blood,LFT,Morning,Phlebotomist,Accepted,Not rejected,60.0,False,False
SP101533,2025-07-13,10-19,Male,Outpatient,Swab,Wound Culture,Night,Laboratory Technologist,Accepted,Not rejected,131.0,False,False
SP103435,2025-09-18,50-59,Female,Emergency,Blood,Glucose,Morning,Nurse,Accepted,Not rejected,127.0,False,False
SP100145,2025-04-30,60+,Male,Emergency,Stool,Stool O&P,Night,Nurse,Accepted,Not rejected,76.0,False,False
SP103396,2025-03-05,0-9,Male,Inpatient,Swab,Throat Culture,Night,Nurse,Accepted,Not rejected,90.0,False,False
SP101254,2025-01-01,60+,Female,Inpatient,CSF,CSF Analysis,Morning,Nurse,Accepted,Not rejected,80.0,False,False
SP103468,2025-10-02,0-9,Male,Outpatient,Blood,CBC,Morning,Nurse,Accepted,Not rejected,96.0,False,False
SP104958,2025-03-11,10-19,Male,Pediatrics,Swab,Throat Culture,Afternoon,Nurse,Accepted,Not rejected,10.0,False,False
SP101119,2025-11-28,10-19,Female,ICU,Blood,Creatinine,Night,Nurse,Accepted,Not rejected,118.0,False,False
SP103631,2025-03-27,30-39,Female,Inpatient,Blood,Urea,Morning,Clinical Officer,Accepted,Not rejected,59.0,False,False
SP100962,2025-09-26,50-59,Male,Pediatrics,Urine,Urinalysis,Morning,Nurse,Accepted,Not rejected,61.0,False,True
SP101733,2025-11-11,40-49,Male,Maternity,Blood,CBC,Night,Nurse,Accepted,Not rejected,65.0,True,False
SP100933,2025-03-11,60+,Male,Outpatient,Blood,Glucose,Morning,Phlebotomist,Accepted,Not rejected,91.0,False,False
SP100460,2025-07-30,10-19,Female,Emergency,Blood,LFT,Morning,Clinical Officer,Accepted,Not rejected,125.0,False,False
SP100863,2025-09-01,20-29,Male,Inpatient,Urine,Urinalysis,Night,Nurse,Accepted,Not rejected,65.0,False,False
SP102713,2025-02-06,20-29,Female,Pediatrics,Blood,LFT,Afternoon,Phlebotomist,Accepted,Not rejected,103.0,False,True
SP100361,2025-04-04,30-39,Male,Outpatient,Sputum,Gram Stain,Afternoon,Clinical Officer,Accepted,Not rejected,110.0,False,False
SP101301,2025-10-13,0-9,Male,Emergency,Swab,Throat Culture,Morning,Phlebotomist,Accepted,Not rejected,66.0,False,False
SP104731,2025-05-12,40-49,Female,Maternity,Blood,LFT,Night,Nurse,Accepted,Not rejected,45.0,False,False
SP101410,2025-10-26,50-59,Female,Maternity,Urine,Urinalysis,Morning,Phlebotomist,Accepted,Not rejected,53.0,False,False
SP100627,2025-11-27,50-59,Female,Emergency,Blood,CBC,Afternoon,Phlebotomist,Accepted,Not rejected,84.0,False,False
SP102399,2025-09-18,30-39,Male,Outpatient,Stool,Stool O&P,Night,Clinical Officer,Rejected,Delayed transport,87.0,False,False
SP104701,2025-03-04,40-49,Female,Outpatient,Swab,Wound Culture,Morning,Phlebotomist,Accepted,Not rejected,90.0,False,False
SP103249,2025-06-24,10-19,Female,Maternity,Blood,Creatinine,Morning,Nurse,Accepted,Not rejected,53.0,False,False
SP103355,2025-03-26,0-9,Male,Outpatient,Blood,Creatinine,Afternoon,Clinical Officer,Accepted,Not rejected,79.0,False,False
SP101424,2025-07-09,40-49,Male,Emergency,Urine,Urine Culture,Morning,Clinical Officer,Accepted,Not rejected,42.0,False,False
SP101515,2025-10-25,0-9,Female,Pediatrics,Sputum,Gram Stain,Afternoon,Nurse,Accepted,Not rejected,31.0,False,False
SP103858,2025-04-08,0-9,Male,Emergency,Urine,Urine Culture,Morning,Laboratory Technologist,Accepted,Not rejected,10.0,False,False
SP104290,2025-03-13,30-39,Male,Outpatient,Blood,Urea,Morning,Nurse,Accepted,Not rejected,67.0,False,False
SP103735,2025-07-07,60+,Male,Pediatrics,Swab,Wound Culture,Night,Laboratory Technologist,Accepted,Not rejected,106.0,False,True
SP104717,2025-02-17,30-39,Male,Outpatient,Urine,Urinalysis,Morning,Phlebotomist,Accepted,Not rejected,44.0,False,False
SP102507,2025-02-23,0-9,Female,Inpatient,Stool,Culture,Night,Clinical Officer,Accepted,Not rejected,62.0,False,False
SP102655,2025-10-10,10-19,Male,Pediatrics,Blood,CBC,Night,Phlebotomist,Accepted,Not rejected,115.0,False,False
SP100135,2025-08-20,60+,Female,Maternity,Sputum,Gram Stain,Afternoon,Phlebotomist,Accepted,Not rejected,78.0,False,False
SP102358,2025-03-08,50-59,Male,Outpatient,Urine,Urinalysis,Afternoon,Phlebotomist,Accepted,Not rejected,108.0,False,False
SP103221,2025-05-27,30-39,Female,Pediatrics,Swab,Throat Culture,Afternoon,Phlebotomist,Accepted,Not rejected,98.0,False,True
SP101960,2025-11-25,0-9,Female,Outpatient,Sputum,Gram Stain,Night,Clinical Officer,Accepted,Not rejected,104.0,False,False
SP101324,2025-06-06,20-29,Male,Pediatrics,Sputum,Culture,Afternoon,Phlebotomist,Rejected,Insufficient volume,29.0,False,True
SP104609,2025-06-18,0-9,Male,Emergency,Blood,LFT,Morning,Nurse,Accepted,Not rejected,92.0,False,False
SP101141,2025-07-02,10-19,Male,Outpatient,Urine,Urine Culture,Afternoon,Nurse,Accepted,Not rejected,47.0,False,False
SP104063,2025-10-17,10-19,Male,Outpatient,Blood,Urea,Afternoon,Phlebotomist,Accepted,Not rejected,85.0,False,False
SP101107,2025-10-01,40-49,Male,Outpatient,Sputum,AFB,Morning,Phlebotomist,Accepted,Not rejected,76.0,False,False
SP104279,2025-09-01,10-19,Female,Pediatrics,Blood,CBC,Morning,Nurse,Accepted,Not rejected,79.0,False,False
SP104100,2025-02-09,10-19,Male,Outpatient,Sputum,Gram Stain,Morning,Nurse,Accepted,Not rejected,54.0,False,False
SP101807,2025-02-22,0-9,Female,Maternity,Swab,Wound Culture,Afternoon,Phlebotomist,Accepted,Not rejected,114.0,False,False
SP102086,2025-12-05,60+,Female,Pediatrics,Blood,LFT,Afternoon,Nurse,Accepted,Not rejected,63.0,False,True
SP100359,2025-08-16,20-29,Male,Pediatrics,Urine,Urine Culture,Morning,Laboratory Technologist,Accepted,Not rejected,72.0,False,True
SP102252,2025-10-10,30-39,Female,Inpatient,Swab,Throat Culture,Afternoon,Clinical Officer,Accepted,Not rejected,77.0,False,False
SP100884,2025-12-26,60+,Female,Inpatient,Blood,Urea,Night,Nurse,Accepted,Not rejected,73.0,False,False
SP103341,2025-08-08,50-59,Male,Inpatient,Blood,Glucose,Afternoon,Clinical Officer,Accepted,Not rejected,100.0,False,False
SP100855,2025-08-08,20-29,Female,Outpatient,Blood,LFT,Morning,Nurse,Rejected,Delayed transport,31.0,False,False
SP100442,2025-11-11,20-29,Female,Pediatrics,Urine,Urine Culture,Morning,Laboratory Technologist,Accepted,Not rejected,93.0,False,True
SP100231,2025-11-10,20-29,Female,Pediatrics,Urine,Urine Culture,Night,Phlebotomist,Accepted,Not rejected,105.0,False,True
SP104295,2025-10-07,0-9,Male,Pediatrics,Sputum,Gram Stain,Night,Phlebotomist,Accepted,Not rejected,58.0,False,False
SP100225,2025-01-31,30-39,Male,Outpatient,Sputum,Culture,Night,Phlebotomist,Accepted,Not rejected,117.0,False,False
SP104616,2025-01-09,10-19,Male,ICU,Blood,CBC,Night,Nurse,Accepted,Not rejected,60.0,False,False
SP103314,2025-06-02,30-39,Male,Emergency,Blood,Creatinine,Morning,Laboratory Technologist,Accepted,Not rejected,76.0,False,False
SP102979,2025-03-07,40-49,Female,Inpatient,Urine,Urinalysis,Afternoon,Nurse,Accepted,Not rejected,65.0,False,False
SP102546,2025-10-16,20-29,Female,Outpatient,Urine,Urine Culture,Morning,Nurse,Accepted,Not rejected,111.0,False,False
SP101453,2025-01-19,0-9,Male,Pediatrics,Blood,Creatinine,Night,Nurse,Accepted,Not rejected,126.0,False,False
SP103103,2025-11-20,0-9,Female,Outpatient,Blood,Glucose,Night,Nurse,Rejected,Insufficient volume,53.0,False,False
SP100880,2025-10-22,10-19,Male,Emergency,Sputum,AFB,Morning,Phlebotomist,Rejected,Clotted specimen,101.0,False,False
SP100894,2025-12-24,20-29,Female,Outpatient,Urine,Urine Culture,Morning,Phlebotomist,Accepted,Not rejected,63.0,False,False
SP102240,2025-06-17,0-9,Male,Inpatient,CSF,CSF Analysis,Afternoon,Clinical Officer,Accepted,Not rejected,50.0,False,False
SP103563,2025-10-01,0-9,Male,Outpatient,Urine,Urinalysis,Morning,Clinical Officer,Accepted,Not rejected,75.0,False,False
SP100130,2025-11-14,0-9,Female,Outpatient,Blood,Glucose,Afternoon,Clinical Officer,Accepted,Not rejected,76.0,False,False
SP102243,2025-11-27,10-19,Female,Pediatrics,Blood,Creatinine,Morning,Nurse,Accepted,Not rejected,49.0,False,False
SP103556,2025-04-20,0-9,Female,Pediatrics,Urine,Urine Culture,Night,Nurse,Accepted,Not rejected,140.0,False,False
SP102953,2025-01-17,40-49,Male,Maternity,Urine,Urinalysis,Afternoon,Phlebotomist,Accepted,Not rejected,85.0,True,False
SP102846,2025-07-29,10-19,Male,Pediatrics,Blood,Urea,Afternoon,Nurse,Accepted,Not rejected,103.0,False,False
SP103905,2025-08-12,40-49,Male,Maternity,Blood,Urea,Morning,Clinical Officer,Accepted,Not rejected,71.0,True,False
SP102268,2025-11-27,0-9,Male,Outpatient,Stool,Stool O&P,Night,Phlebotomist,Accepted,Not rejected,122.0,False,False
SP100062,2025-04-09,40-49,Male,Inpatient,Blood,LFT,Afternoon,Laboratory Technologist,Accepted,Not rejected,70.0,False,False
SP104811,2025-01-24,60+,Female,Inpatient,Swab,Throat Culture,Night,Nurse,Accepted,Not rejected,49.0,False,False
SP103111,2025-03-10,10-19,Female,ICU,Sputum,AFB,Afternoon,Nurse,Accepted,Not rejected,77.0,False,False
SP104278,2025-03-22,10-19,Male,Inpatient,CSF,CSF Analysis,Morning,Phlebotomist,Accepted,Not rejected,80.0,False,False
SP102886,2025-01-20,10-19,Male,Inpatient,Urine,Urinalysis,Afternoon,Clinical Officer,Accepted,Not rejected,88.0,False,False
SP102844,2025-01-12,0-9,Male,Emergency,Blood,Urea,Afternoon,Nurse,Accepted,Not rejected,56.0,False,False
SP102245,2025-08-22,40-49,Male,Inpatient,Blood,CBC,Morning,Clinical Officer,Accepted,Not rejected,112.0,False,False
SP103486,2025-03-16,10-19,Male,Inpatient,Blood,CBC,Morning,Phlebotomist,Rejected,Hemolysis,68.0,False,False
SP100345,2025-09-08,50-59,Female,Emergency,Blood,Glucose,Morning,Nurse,Accepted,Not rejected,52.0,False,False
SP103469,2025-11-22,0-9,Male,Emergency,Sputum,Gram Stain,Afternoon,Clinical Officer,Accepted,Not rejected,92.0,False,False
SP103106,2025-02-23,30-39,Male,Unknown,Blood,LFT,Night,Nurse,Rejected,Mislabeling,142.0,False,False
SP102130,2025-03-12,50-59,Female,Outpatient,Blood,Creatinine,Morning,Nurse,Accepted,Not rejected,30.0,False,False
SP103611,2025-10-16,0-9,Female,Pediatrics,Swab,Throat Culture,Morning,Laboratory Technologist,Accepted,Not rejected,71.0,False,False
SP103589,2025-02-08,40-49,Male,Outpatient,Blood,Creatinine,Morning,Phlebotomist,Accepted,Not rejected,102.0,False,False
SP101176,2025-05-11,60+,Female,ICU,Urine,Urine Culture,Morning,Clinical Officer,Accepted,Not rejected,73.0,False,False
SP102257,2025-05-10,50-59,Female,Maternity,Blood,CBC,Morning,Nurse,Rejected,Delayed transport,47.0,False,False
SP100154,2025-01-21,20-29,Male,Outpatient,Blood,Glucose,Night,Nurse,Accepted,Not rejected,82.0,False,False
SP101512,2025-04-14,10-19,Female,Outpatient,Blood,CBC,Afternoon,Nurse,Accepted,Not rejected,23.0,False,False
SP104684,2025-11-19,10-19,Female,Pediatrics,Blood,Creatinine,Morning,Clinical Officer,Accepted,Not rejected,57.0,False,False
SP103143,2025-11-10,10-19,Female,Maternity,Blood,LFT,Morning,Phlebotomist,Accepted,Not rejected,30.0,False,False
SP102602,2025-12-15,10-19,Male,Outpatient,Swab,Throat Culture,Night,Nurse,Accepted,Not rejected,78.0,False,False
SP100113,2025-12-26,50-59,Female,Outpatient,Blood,CBC,Afternoon,Clinical Officer,Accepted,Not rejected,45.0,False,False
SP100532,2025-10-23,50-59,Female,Outpatient,Urine,Urine Culture,Morning,Nurse,Accepted,Not rejected,34.0,False,False
SP100539,2025-08-28,60+,Female,Pediatrics,Sputum,AFB,Afternoon,Clinical Officer,Rejected,Mislabeling,64.0,False,True
SP104474,2025-05-26,30-39,Male,Inpatient,Blood,Urea,Morning,Nurse,Accepted,Not rejected,84.0,False,False
SP100079,2025-05-20,0-9,Male,Emergency,Blood,LFT,Afternoon,Clinical Officer,Accepted,Not rejected,92.0,False,False
SP103437,2025-01-11,0-9,Female,Outpatient,Sputum,Gram Stain,Afternoon,Clinical Officer,Accepted,Not rejected,60.0,False,False
SP102908,2025-12-25,0-9,Male,ICU,Urine,Urine Culture,Morning,Laboratory Technologist,Accepted,Not rejected,38.0,False,False
SP101191,2025-07-27,20-29,Male,Emergency,Sputum,Culture,Afternoon,Nurse,Accepted,Not rejected,57.0,False,False
SP103265,2025-07-04,20-29,Female,Pediatrics,Urine,Urinalysis,Night,Nurse,Accepted,Not rejected,84.0,False,True
SP102570,2025-05-21,50-59,Female,Outpatient,Stool,Stool O&P,Afternoon,Clinical Officer,Accepted,Not rejected,100.0,False,False
SP100751,2025-10-22,40-49,Female,Outpatient,Blood,Glucose,Morning,Nurse,Accepted,Not rejected,78.0,False,False
SP101022,2025-12-16,60+,Male,Emergency,Swab,Wound Culture,Afternoon,Nurse,Accepted,Not rejected,50.0,False,False
SP103550,2025-08-11,60+,Male,Pediatrics,Urine,Urinalysis,Morning,Clinical Officer,Accepted,Not rejected,112.0,False,True
SP103531,2025-03-25,40-49,Female,Outpatient,Swab,Throat Culture,Morning,Phlebotomist,Accepted,Not rejected,94.0,False,False
SP101272,2025-02-10,20-29,Male,Inpatient,Sputum,Gram Stain,Night,Nurse,Accepted,Not rejected,106.0,False,False
SP101680,2025-04-05,60+,Male,Outpatient,Blood,LFT,Morning,Clinical Officer,Accepted,Not rejected,43.0,False,False
SP100070,2025-05-14,10-19,Female,Emergency,CSF,Culture,Afternoon,Clinical Officer,Rejected,Leaking container,92.0,False,False
SP100931,2025-08-15,40-49,Female,Emergency,Urine,Urine Culture,Afternoon,Laboratory Technologist,Accepted,Not rejected,109.0,False,False
SP102172,2025-04-08,0-9,Female,Outpatient,Stool,Culture,Afternoon,Nurse,Accepted,Not rejected,76.0,False,False
SP102907,2025-10-16,50-59,Male,Emergency,Urine,Urinalysis,Afternoon,Nurse,Accepted,Not rejected,61.0,False,False
SP102271,2025-01-08,30-39,Female,Emergency,Blood,Urea,Morning,Nurse,Accepted,Not rejected,48.0,False,False
SP101540,2025-12-02,60+,Female,Emergency,Swab,Wound Culture,Night,Laboratory Technologist,Accepted,Not rejected,69.0,False,False
SP104998,2025-10-16,40-49,Female,Maternity,Urine,Urinalysis,Morning,Nurse,Accepted,Not rejected,35.0,False,False
SP103173,2025-08-30,60+,Male,Inpatient,Urine,Urine Culture,Afternoon,Nurse,Accepted,Not rejected,97.0,False,False
SP103013,2025-09-03,20-29,Male,Outpatient,Blood,LFT,Morning,Nurse,Accepted,Not rejected,54.0,False,False
SP104208,2025-09-11,50-59,Female,ICU,Urine,Urinalysis,Afternoon,Clinical Officer,Accepted,Not rejected,98.0,False,False
SP102197,2025-03-08,30-39,Female,Emergency,Urine,Urinalysis,Afternoon,Phlebotomist,Accepted,Not rejected,108.0,False,False
SP101262,2025-08-05,20-29,Male,Outpatient,Swab,Wound Culture,Morning,Clinical Officer,Accepted,Not rejected,82.0,False,False
SP104446,2025-07-19,30-39,Male,Pediatrics,Urine,Urine Culture,Morning,Nurse,Accepted,Not rejected,105.0,False,True
SP102928,2025-04-12,0-9,Male,Emergency,Swab,Wound Culture,Afternoon,Nurse,Accepted,Not rejected,90.0,False,False
SP103549,2025-07-16,0-9,Male,Outpatient,CSF,CSF Analysis,Night,Nurse,Rejected,Insufficient volume,42.0,False,False
SP100268,2025-06-05,60+,Male,Outpatient,Blood,LFT,Morning,Nurse,Accepted,Not rejected,77.0,False,False
SP102847,2025-06-02,30-39,Male,Inpatient,Urine,Urinalysis,Morning,Phlebotomist,Accepted,Not rejected,82.0,False,False
SP100674,2025-10-05,30-39,Female,Inpatient,Urine,Urine Culture,Afternoon,Nurse,Accepted,Not rejected,87.0,False,False
SP104264,2025-08-13,40-49,Female,Pediatrics,Blood,Glucose,Afternoon,Clinical Officer,Rejected,Leaking container,100.0,False,True
SP100506,2025-06-20,40-49,Male,Outpatient,Urine,Urinalysis,Afternoon,Nurse,Accepted,Not rejected,52.0,False,False
SP103865,2025-07-22,30-39,Male,Emergency,Blood,CBC,Night,Laboratory Technologist,Accepted,Not rejected,62.0,False,False
SP102888,2025-07-19,50-59,Female,Outpatient,Blood,Glucose,Afternoon,Laboratory Technologist,Accepted,Not rejected,74.0,False,False
SP103639,2025-03-09,30-39,Male,ICU,Sputum,Culture,Afternoon,Nurse,Accepted,Not rejected,64.0,False,False
SP104348,2025-06-08,40-49,Male,Inpatient,Urine,Urine Culture,Afternoon,Clinical Officer,Accepted,Not rejected,89.0,False,False
SP102028,2025-11-22,40-49,Male,Inpatient,Swab,Wound Culture,Morning,Phlebotomist,Accepted,Not rejected,84.0,False,False
SP100227,2025-03-08,30-39,Male,Inpatient,Swab,Throat Culture,Afternoon,Laboratory Technologist,Accepted,Not rejected,33.0,False,False
SP102665,2025-05-15,30-39,Female,Outpatient,Urine,Urine Culture,Morning,Clinical Officer,Accepted,Not rejected,133.0,False,False
SP102452,2025-06-05,40-49,Male,Outpatient,Blood,CBC,Morning,Nurse,Accepted,Not rejected,97.0,False,False
SP101666,2025-10-30,30-39,Female,Pediatrics,Swab,Throat Culture,Morning,Nurse,Accepted,Not rejected,42.0,False,True
SP102661,2025-12-02,10-19,Female,Pediatrics,CSF,CSF Analysis,Morning,Nurse,Accepted,Not rejected,92.0,False,False
SP100122,2025-12-03,50-59,Male,Maternity,Swab,Throat Culture,Afternoon,Phlebotomist,Accepted,Not rejected,57.0,True,False
SP102991,2025-07-22,10-19,Male,Outpatient,Blood,LFT,Morning,Nurse,Rejected,Delayed transport,74.0,False,False
SP102425,2025-01-03,40-49,Female,Maternity,Swab,Throat Culture,Morning,Nurse,Accepted,Not rejected,23.0,False,False
SP101011,2025-11-20,40-49,Female,Outpatient,Stool,Culture,Afternoon,Phlebotomist,Accepted,Not rejected,36.0,False,False
SP103925,2025-05-12,50-59,Male,Maternity,Blood,Urea,Morning,Nurse,Rejected,Delayed transport,100.0,True,False
SP103779,2025-10-25,50-59,Female,Outpatient,Sputum,Culture,Morning,Nurse,Accepted,Not rejected,61.0,False,False
SP101031,2025-05-12,20-29,Male,Pediatrics,Swab,Wound Culture,Morning,Nurse,Accepted,Not rejected,63.0,False,True
SP100438,2025-09-15,0-9,Male,Outpatient,Urine,Urine Culture,Morning,Phlebotomist,Accepted,Not rejected,111.0,False,False
SP101357,2025-06-28,40-49,Male,Inpatient,Swab,Throat Culture,Afternoon,Laboratory Technologist,Accepted,Not rejected,59.0,False,False
SP102212,2025-07-05,40-49,Female,Outpatient,CSF,Culture,Afternoon,Phlebotomist,Accepted,Not rejected,66.0,False,False
SP104886,2025-05-13,0-9,Female,Maternity,Stool,Stool O&P,Night,Clinical Officer,Accepted,Not rejected,115.0,False,False
SP101975,2025-08-14,50-59,Male,Pediatrics,Blood,Glucose,Morning,Clinical Officer,Accepted,Not rejected,31.0,False,True
SP101889,2025-05-13,40-49,Female,Inpatient,Sputum,AFB,Afternoon,Nurse,Accepted,Not rejected,76.0,False,False
SP104219,2025-05-14,40-49,Male,Inpatient,Blood,CBC,Morning,Nurse,Accepted,Not rejected,93.0,False,False
SP103372,2025-02-20,40-49,Female,Outpatient,Blood,Urea,Night,Phlebotomist,Accepted,Not rejected,47.0,False,False
SP103297,2025-02-06,0-9,Female,Emergency,Swab,Throat Culture,Morning,Laboratory Technologist,Accepted,Not rejected,96.0,False,False
SP104345,2025-01-27,60+,Male,ICU,Blood,CBC,Night,Nurse,Rejected,Leaking container,10.0,False,False
SP101685,2025-10-14,30-39,Male,Emergency,Urine,Urinalysis,Afternoon,Laboratory Technologist,Accepted,Not rejected,77.0,False,False
SP100845,2025-01-10,20-29,Female,Outpatient,Blood,Creatinine,Afternoon,Nurse,Accepted,Not rejected,33.0,False,False
SP100120,2025-03-17,20-29,Female,Inpatient,Swab,Throat Culture,Night,Nurse,Accepted,Not rejected,98.0,False,False
SP103424,2025-01-15,10-19,Male,Maternity,Blood,Creatinine,Morning,Clinical Officer,Accepted,Not rejected,76.0,True,False
SP103559,2025-07-21,0-9,Male,Outpatient,Blood,Creatinine,Afternoon,Nurse,Accepted,Not rejected,68.0,False,False
SP104794,2025-07-17,30-39,Female,Outpatient,Sputum,Culture,Night,Clinical Officer,Accepted,Not rejected,40.0,False,False
SP101173,2025-03-07,40-49,Male,Emergency,Stool,Stool O&P,Afternoon,Nurse,Accepted,Not rejected,94.0,False,False
SP103088,2025-07-17,30-39,Male,Outpatient,Stool,Culture,Afternoon,Nurse,Accepted,Not rejected,63.0,False,False
SP100491,2025-05-25,40-49,Male,Unknown,Blood,CBC,Night,Laboratory Technologist,Accepted,Not rejected,75.0,False,False
SP103997,2025-05-04,20-29,Male,Pediatrics,Sputum,Culture,Morning,Nurse,Accepted,Not rejected,77.0,False,True
SP101697,2025-12-27,30-39,Male,Outpatient,Blood,Creatinine,Morning,Nurse,Accepted,Not rejected,79.0,False,False
SP104141,2025-02-11,50-59,Female,Outpatient,Blood,Glucose,Morning,Clinical Officer,Accepted,Not rejected,76.0,False,False
SP104247,2025-03-27,0-9,Male,Outpatient,Urine,Urine Culture,Morning,Clinical Officer,Accepted,Not rejected,58.0,False,False
SP101861,2025-04-21,60+,Male,Inpatient,Blood,CBC,Night,Nurse,Accepted,Not rejected,119.0,False,False
SP102021,2025-12-18,50-59,Male,Emergency,Blood,LFT,Morning,Nurse,Accepted,Not rejected,71.0,False,False
SP103913,2025-07-15,0-9,Female,Maternity,Urine,Urine Culture,Afternoon,Nurse,Accepted,Not rejected,100.0,False,False
SP103254,2025-03-12,50-59,Female,Inpatient,Sputum,Culture,Morning,Nurse,Accepted,Not rejected,112.0,False,False
SP103010,2025-05-26,60+,Male,Outpatient,Blood,CBC,Morning,Clinical Officer,Accepted,Not rejected,67.0,False,False
SP103796,2025-01-07,50-59,Male,Pediatrics,Blood,Creatinine,Morning,Laboratory Technologist,Accepted,Not rejected,38.0,False,True
SP103854,2025-09-15,60+,Female,ICU,Blood,Creatinine,Afternoon,Nurse,Accepted,Not rejected,78.0,False,False
SP100114,2025-11-05,20-29,Male,Outpatient,Blood,LFT,Morning,Phlebotomist,Accepted,Not rejected,61.0,False,False
SP102872,2025-03-07,40-49,Male,ICU,Blood,Creatinine,Morning,Phlebotomist,Accepted,Not rejected,69.0,False,False
SP102729,2025-02-20,60+,Female,Inpatient,Blood,Urea,Morning,Nurse,Rejected,Insufficient volume,102.0,False,False
SP101622,2025-09-21,50-59,Female,Outpatient,Blood,LFT,Night,Phlebotomist,Accepted,Not rejected,62.0,False,False
SP104151,2025-12-13,50-59,Male,ICU,Blood,Glucose,Morning,Laboratory Technologist,Accepted,Not rejected,64.0,False,False
SP101800,2025-09-07,40-49,Male,Outpatient,Stool,Culture,Afternoon,Laboratory Technologist,Accepted,Not rejected,82.0,False,False
SP101940,2025-06-24,60+,Male,Pediatrics,Sputum,Gram Stain,Afternoon,Nurse,Accepted,Not rejected,64.0,False,True
SP104193,2025-06-16,40-49,Female,Pediatrics,Urine,Urinalysis,Night,Phlebotomist,Accepted,Not rejected,47.0,False,True
SP102781,2025-11-18,30-39,Female,Inpatient,Blood,Urea,Morning,Nurse,Rejected,Delayed transport,84.0,False,False
SP101798,2025-03-11,0-9,Female,ICU,Sputum,AFB,Night,Laboratory Technologist,Accepted,Not rejected,29.0,False,False
SP104742,2025-01-31,20-29,Female,Outpatient,Blood,Glucose,Night,Nurse,Accepted,Not rejected,74.0,False,False
SP103972,2025-10-27,10-19,Male,Outpatient,Urine,Urine Culture,Afternoon,Clinical Officer,Accepted,Not rejected,111.0,False,False
SP102356,2025-12-11,40-49,Female,Emergency,Urine,Urine Culture,Afternoon,Nurse,Accepted,Not rejected,61.0,False,False
SP103108,2025-05-05,30-39,Female,Outpatient,Blood,Urea,Morning,Nurse,Accepted,Not rejected,42.0,False,False
SP100427,2025-09-05,10-19,Male,Outpatient,Blood,CBC,Morning,Clinical Officer,Accepted,Not rejected,68.0,False,False
SP100052,2025-12-24,60+,Male,Outpatient,Stool,Stool O&P,Night,Clinical Officer,Rejected,Hemolysis,25.0,False,False
SP102008,2025-08-06,40-49,Female,Pediatrics,Stool,Stool O&P,Morning,Nurse,Accepted,Not rejected,82.0,False,True
SP101335,2025-04-01,0-9,Male,Outpatient,Sputum,Gram Stain,Night,Clinical Officer,Accepted,Not rejected,78.0,False,False
SP100249,2025-04-15,0-9,Male,Inpatient,Swab,Throat Culture,Morning,Nurse,Rejected,Insufficient volume,72.0,False,False
SP101232,2025-04-17,10-19,Female,ICU,Blood,CBC,Afternoon,Nurse,Accepted,Not rejected,83.0,False,False
SP102104,2025-05-21,0-9,Female,Inpatient,Sputum,Gram Stain,Night,Phlebotomist,Accepted,Not rejected,69.0,False,False
SP104402,2025-12-09,30-39,Male,Inpatient,Swab,Throat Culture,Afternoon,Nurse,Accepted,Not rejected,47.0,False,False
SP101466,2025-01-27,40-49,Male,Outpatient,Blood,Glucose,Afternoon,Clinical Officer,Accepted,Not rejected,67.0,False,False
SP102976,2025-10-20,40-49,Male,Inpatient,Blood,LFT,Morning,Clinical Officer,Accepted,Not rejected,47.0,False,False
SP101947,2025-10-03,40-49,Female,Outpatient,Blood,Creatinine,Morning,Clinical Officer,Accepted,Not rejected,76.0,False,False
SP104185,2025-10-29,0-9,Male,Emergency,Sputum,Culture,Morning,Laboratory Technologist,Accepted,Not rejected,96.0,False,False
SP100850,2025-03-22,20-29,Female,Inpatient,Sputum,AFB,Morning,Nurse,Accepted,Not rejected,112.0,False,False
SP104249,2025-01-05,20-29,Female,Pediatrics,Stool,Stool O&P,Night,Nurse,Accepted,Not rejected,57.0,False,True
SP103915,2025-11-16,60+,Female,Outpatient,Sputum,AFB,Night,Nurse,Accepted,Not rejected,72.0,False,False
SP104658,2025-08-18,10-19,Female,Inpatient,Blood,Glucose,Morning,Clinical Officer,Accepted,Not rejected,108.0,False,False
SP103002,2025-07-24,50-59,Male,Outpatient,Urine,Urine Culture,Morning,Phlebotomist,Rejected,Mislabeling,58.0,False,False
SP104670,2025-07-09,0-9,Female,ICU,Urine,Urine Culture,Afternoon,Nurse,Accepted,Not rejected,63.0,False,False
SP103447,2025-04-13,0-9,Male,ICU,Urine,Urinalysis,Morning,Phlebotomist,Accepted,Not rejected,103.0,False,False
SP102870,2025-02-05,60+,Female,Pediatrics,Blood,CBC,Afternoon,Clinical Officer,Accepted,Not rejected,78.0,False,True
SP104844,2025-08-29,40-49,Male,Pediatrics,Sputum,AFB,Morning,Nurse,Accepted,Not rejected,37.0,False,True
SP100873,2025-02-01,0-9,Male,Pediatrics,Sputum,Gram Stain,Night,Clinical Officer,Accepted,Not rejected,38.0,False,False
SP102959,2025-10-06,30-39,Female,Outpatient,Sputum,Culture,Morning,Phlebotomist,Accepted,Not rejected,51.0,False,False
SP100084,2025-03-15,40-49,Male,Pediatrics,Blood,Glucose,Afternoon,Nurse,Rejected,Wrong container,82.0,False,True
SP101925,2025-08-11,60+,Male,Outpatient,Blood,Urea,Morning,Phlebotomist,Accepted,Not rejected,75.0,False,False
SP104789,2025-04-06,10-19,Female,Outpatient,Urine,Urinalysis,Morning,Phlebotomist,Accepted,Not rejected,93.0,False,False
SP101414,2025-07-27,60+,Female,Emergency,Stool,Culture,Morning,Nurse,Accepted,Not rejected,56.0,False,False
SP100005,2025-10-21,50-59,Female,Maternity,Urine,Urinalysis,Afternoon,Nurse,Accepted,Not rejected,80.0,False,False
SP102542,2025-08-16,50-59,Female,Inpatient,Blood,CBC,Night,Nurse,Rejected,Leaking container,78.0,False,False
SP101578,2025-01-10,10-19,Male,Inpatient,Sputum,Culture,Morning,Nurse,Accepted,Not rejected,44.0,False,False
SP100771,2025-11-30,40-49,Male,Outpatient,Blood,CBC,Afternoon,Clinical Officer,Accepted,Not rejected,47.0,False,False
SP103847,2025-09-18,0-9,Female,Pediatrics,Urine,Urinalysis,Night,Laboratory Technologist,Accepted,Not rejected,57.0,False,False
SP103071,2025-05-12,30-39,Female,Pediatrics,Blood,CBC,Morning,Nurse,Accepted,Not rejected,81.0,False,True
SP101834,2025-01-13,0-9,Female,Emergency,Urine,Urinalysis,Afternoon,Clinical Officer,Accepted,Not rejected,95.0,False,False
SP104868,2025-08-02,30-39,Female,Outpatient,Urine,Urine Culture,Morning,Nurse,Accepted,Not rejected,74.0,False,False
SP100263,2025-03-12,20-29,Male,Outpatient,Blood,Glucose,Morning,Nurse,Accepted,Not rejected,76.0,False,False
SP104390,2025-01-15,20-29,Male,Emergency,Blood,Glucose,Afternoon,Nurse,Accepted,Not rejected,55.0,False,False
SP102515,2025-06-14,20-29,Male,Maternity,CSF,Culture,Afternoon,Nurse,Accepted,Not rejected,74.0,True,False
SP102576,2025-08-05,40-49,Female,Inpatient,Swab,Wound Culture,Afternoon,Phlebotomist,Accepted,Not rejected,30.0,False,False
SP102048,2025-08-12,30-39,Male,Outpatient,Blood,Glucose,Morning,Clinical Officer,Accepted,Not rejected,86.0,False,False
SP104031,2025-07-26,10-19,Female,Outpatient,Swab,Wound Culture,Morning,Laboratory Technologist,Accepted,Not rejected,117.0,False,False
SP102426,2025-12-26,40-49,Female,Pediatrics,Urine,Urine Culture,Morning,Laboratory Technologist,Accepted,Not rejected,133.0,False,True
SP101751,2025-09-07,30-39,Female,Outpatient,Urine,Urine Culture,Morning,Nurse,Rejected,Leaking container,68.0,False,False
SP102799,2025-01-08,40-49,Female,Outpatient,Stool,Culture,Night,Laboratory Technologist,Accepted,Not rejected,55.0,False,False
SP103128,2025-10-13,0-9,Male,Inpatient,Swab,Throat Culture,Afternoon,Phlebotomist,Accepted,Not rejected,39.0,False,False
SP100691,2025-01-02,10-19,Female,Pediatrics,Blood,Urea,Morning,Nurse,Accepted,Not rejected,93.0,False,False
SP102292,2025-01-19,20-29,Male,ICU,Urine,Urine Culture,Afternoon,Nurse,Accepted,Not rejected,94.0,False,False
SP101823,2025-12-02,60+,Male,ICU,Blood,Creatinine,Morning,Clinical Officer,Accepted,Not rejected,113.0,False,False
SP103961,2025-03-14,30-39,Male,Emergency,Urine,Urinalysis,Night,Nurse,Rejected,Leaking container,15.0,False,False
SP101481,2025-03-29,40-49,Male,Inpatient,Swab,Wound Culture,Afternoon,Phlebotomist,Accepted,Not rejected,64.0,False,False
SP102225,2025-09-22,30-39,Male,Emergency,Sputum,AFB,Morning,Nurse,Accepted,Not rejected,111.0,False,False
SP104967,2025-12-09,40-49,Male,Outpatient,Blood,Urea,Morning,Clinical Officer,Accepted,Not rejected,88.0,False,False
SP101190,2025-10-24,0-9,Female,Outpatient,Sputum,Gram Stain,Night,Clinical Officer,Accepted,Not rejected,45.0,False,False
SP100569,2025-03-15,60+,Female,Pediatrics,Urine,Urinalysis,Morning,Phlebotomist,Accepted,Not rejected,118.0,False,True
SP102118,2025-08-11,20-29,Male,Outpatient,Urine,Urinalysis,Afternoon,Clinical Officer,Accepted,Not rejected,10.0,False,False
SP100051,2025-01-11,40-49,Female,Emergency,Swab,Throat Culture,Afternoon,Nurse,Accepted,Not rejected,70.0,False,False
SP101847,2025-06-16,30-39,Female,ICU,Stool,Culture,Afternoon,Clinical Officer,Accepted,Not rejected,105.0,False,False
SP100588,2025-01-14,30-39,Male,Outpatient,Blood,Glucose,Afternoon,Nurse,Accepted,Not rejected,31.0,False,False
SP100006,2025-08-31,50-59,Female,Outpatient,Sputum,Culture,Morning,Nurse,Accepted,Not rejected,67.0,False,False
SP104533,2025-05-30,20-29,Male,Outpatient,Urine,Urine Culture,Morning,Phlebotomist,Accepted,Not rejected,105.0,False,False
SP102012,2025-02-28,40-49,Male,Outpatient,Urine,Urine Culture,Afternoon,Phlebotomist,Accepted,Not rejected,92.0,False,False
SP102717,2025-03-06,30-39,Male,Outpatient,Urine,Urinalysis,Night,Nurse,Accepted,Not rejected,55.0,False,False
SP104587,2025-02-14,0-9,Male,Inpatient,Blood,CBC,Night,Laboratory Technologist,Rejected,Delayed transport,86.0,False,False
SP101236,2025-08-15,0-9,Male,Pediatrics,Blood,Creatinine,Morning,Nurse,Accepted,Not rejected,62.0,False,False
SP103239,2025-06-09,60+,Male,ICU,Blood,Glucose,Morning,Phlebotomist,Rejected,Delayed transport,99.0,False,False
SP103799,2025-09-13,60+,Female,Outpatient,Swab,Wound Culture,Night,Clinical Officer,Accepted,Not rejected,107.0,False,False
SP100589,2025-06-26,0-9,Male,Outpatient,CSF,CSF Analysis,Morning,Phlebotomist,Accepted,Not rejected,63.0,False,False
SP100435,2025-12-17,30-39,Male,Inpatient,Urine,Urine Culture,Night,Clinical Officer,Accepted,Not rejected,34.0,False,False
SP100185,2025-06-06,50-59,Female,Outpatient,Urine,Urine Culture,Night,Clinical Officer,Accepted,Not rejected,132.0,False,False
SP102287,2025-03-13,0-9,Male,Outpatient,Blood,CBC,Afternoon,Clinical Officer,Rejected,Insufficient volume,91.0,False,False
SP101653,2025-07-06,60+,Male,Emergency,Urine,Urine Culture,Night,Nurse,Accepted,Not rejected,54.0,False,False
SP103873,2025-08-12,30-39,Female,Outpatient,Swab,Wound Culture,Morning,Nurse,Accepted,Not rejected,44.0,False,False
SP102369,2025-03-20,20-29,Male,Emergency,Urine,Urine Culture,Morning,Nurse,Accepted,Not rejected,42.0,False,False
SP104586,2025-06-11,40-49,Male,Inpatient,Stool,Stool O&P,Afternoon,Nurse,Accepted,Not rejected,93.0,False,False
SP102055,2025-09-14,40-49,Female,Pediatrics,Urine,Urine Culture,Morning,Clinical Officer,Accepted,Not rejected,87.0,False,True
SP104838,2025-01-11,0-9,Female,Pediatrics,Swab,Wound Culture,Morning,Nurse,Accepted,Not rejected,58.0,False,False
SP104377,2025-03-18,10-19,Female,Outpatient,Blood,LFT,Afternoon,Nurse,Accepted,Not rejected,70.0,False,False
SP100343,2025-03-01,50-59,Female,Inpatient,Swab,Wound Culture,Afternoon,Clinical Officer,Accepted,Not rejected,73.0,False,False
SP104805,2025-03-11,10-19,Male,Outpatient,Stool,Stool O&P,Afternoon,Nurse,Accepted,Not rejected,103.0,False,False
SP100815,2025-12-09,40-49,Male,ICU,Swab,Throat Culture,Afternoon,Clinical Officer,Accepted,Not rejected,118.0,False,False
SP102263,2025-07-18,40-49,Male,Pediatrics,Urine,Urinalysis,Morning,Nurse,Accepted,Not rejected,61.0,False,True
SP103726,2025-08-02,60+,Male,Pediatrics,Blood,Creatinine,Afternoon,Clinical Officer,Accepted,Not rejected,108.0,False,True
SP104339,2025-07-13,30-39,Male,Outpatient,Blood,Glucose,Morning,Nurse,Accepted,Not rejected,72.0,False,False
SP103924,2025-01-26,50-59,Female,ICU,Sputum,Gram Stain,Morning,Clinical Officer,Accepted,Not rejected,90.0,False,False
SP103059,2025-03-25,40-49,Male,Outpatient,Swab,Throat Culture,Morning,Nurse,Accepted,Not rejected,49.0,False,False
SP101255,2025-01-19,30-39,Male,Emergency,Swab,Wound Culture,Afternoon,Nurse,Accepted,Not rejected,56.0,False,False
SP102577,2025-05-25,20-29,Male,Emergency,Sputum,AFB,Night,Clinical Officer,Accepted,Not rejected,42.0,False,False
SP104831,2025-06-30,50-59,Male,Emergency,Swab,Throat Culture,Morning,Clinical Officer,Accepted,Not rejected,157.0,False,False
SP101881,2025-06-22,20-29,Male,Outpatient,Urine,Urine Culture,Morning,Nurse,Accepted,Not rejected,76.0,False,False
SP102282,2025-11-13,30-39,Female,Inpatient,Sputum,AFB,Morning,Nurse,Accepted,Not rejected,149.0,False,False
SP102975,2025-07-16,10-19,Female,Maternity,Blood,Glucose,Morning,Phlebotomist,Accepted,Not rejected,85.0,False,False
SP102610,2025-11-27,20-29,Female,Outpatient,CSF,Culture,Afternoon,Nurse,Accepted,Not rejected,110.0,False,False
SP102171,2025-03-29,10-19,Female,Emergency,Blood,CBC,Morning,Clinical Officer,Accepted,Not rejected,104.0,False,False
SP100788,2025-07-26,50-59,Male,Outpatient,Urine,Urine Culture,Afternoon,Nurse,Accepted,Not rejected,112.0,False,False
SP101567,2025-02-05,50-59,Male,Inpatient,Sputum,AFB,Afternoon,Laboratory Technologist,Accepted,Not rejected,78.0,False,False
SP100711,2025-02-26,50-59,Female,Outpatient,Blood,Creatinine,Night,Clinical Officer,Accepted,Not rejected,108.0,False,False
SP101473,2025-01-18,10-19,Male,Inpatient,Blood,CBC,Morning,Clinical Officer,Accepted,Not rejected,62.0,False,False
SP103797,2025-05-22,40-49,Female,Pediatrics,Blood,Glucose,Afternoon,Nurse,Accepted,Not rejected,85.0,False,True
SP104759,2025-04-05,20-29,Male,Emergency,Blood,Glucose,Morning,Clinical Officer,Accepted,Not rejected,43.0,False,False
SP103745,2025-06-08,60+,Female,Outpatient,Swab,Throat Culture,Morning,Clinical Officer,Accepted,Not rejected,39.0,False,False
SP102050,2025-02-26,50-59,Female,Outpatient,Blood,Creatinine,Morning,Nurse,Accepted,Not rejected,87.0,False,False
SP100638,2025-01-19,20-29,Female,Inpatient,Swab,Wound Culture,Night,Laboratory Technologist,Accepted,Not rejected,70.0,False,False
SP101740,2025-05-08,20-29,Female,Inpatient,Urine,Urine Culture,Afternoon,Clinical Officer,Accepted,Not rejected,73.0,False,False
SP102163,2025-08-25,20-29,Female,Pediatrics,Blood,Creatinine,Morning,Nurse,Accepted,Not rejected,52.0,False,True
SP101409,2025-03-11,0-9,Male,Inpatient,Stool,Culture,Night,Nurse,Accepted,Not rejected,95.0,False,False
SP100865,2025-08-17,10-19,Female,Emergency,Swab,Wound Culture,Morning,Clinical Officer,Accepted,Not rejected,102.0,False,False
SP103181,2025-02-22,20-29,Female,Outpatient,Stool,Culture,Morning,Nurse,Accepted,Not rejected,56.0,False,False
SP101029,2025-12-29,60+,Female,Outpatient,Urine,Urinalysis,Afternoon,Nurse,Rejected,Clotted specimen,119.0,False,False
SP102032,2025-02-15,60+,Female,Pediatrics,Blood,Glucose,Morning,Phlebotomist,Accepted,Not rejected,19.0,False,True
SP100985,2025-09-27,10-19,Male,Outpatient,Urine,Urine Culture,Morning,Clinical Officer,Accepted,Not rejected,74.0,False,False
SP103957,2025-03-05,50-59,Male,Inpatient,Blood,LFT,Night,Phlebotomist,Accepted,Not rejected,56.0,False,False
SP103227,2025-04-23,30-39,Female,Outpatient,Urine,Urine Culture,Morning,Nurse,Accepted,Not rejected,97.0,False,False
SP104528,2025-01-20,30-39,Male,Emergency,Stool,Culture,Afternoon,Nurse,Accepted,Not rejected,92.0,False,False
SP100782,2025-01-16,50-59,Male,ICU,Blood,Creatinine,Night,Nurse,Accepted,Not rejected,49.0,False,False
SP104364,2025-07-15,50-59,Male,Pediatrics,Sputum,AFB,Afternoon,Nurse,Rejected,Hemolysis,47.0,False,True
SP103429,2025-11-09,20-29,Male,ICU,Urine,Urine Culture,Morning,Nurse,Accepted,Not rejected,116.0,False,False
SP100180,2025-05-07,40-49,Female,Maternity,Blood,CBC,Afternoon,Clinical Officer,Accepted,Not rejected,130.0,False,False
SP100779,2025-10-12,50-59,Male,Maternity,Blood,CBC,Morning,Nurse,Accepted,Not rejected,93.0,True,False
SP103091,2025-12-01,40-49,Female,Pediatrics,Blood,Creatinine,Afternoon,Nurse,Accepted,Not rejected,101.0,False,True
SP103647,2025-03-04,40-49,Female,Emergency,Urine,Urinalysis,Morning,Clinical Officer,Accepted,Not rejected,85.0,False,False
SP102114,2025-11-12,60+,Male,Outpatient,Blood,LFT,Afternoon,Laboratory Technologist,Accepted,Not rejected,67.0,False,False
SP104830,2025-06-18,50-59,Female,Inpatient,Blood,Creatinine,Afternoon,Nurse,Accepted,Not rejected,41.0,False,False
SP100753,2025-10-23,0-9,Male,Pediatrics,Blood,CBC,Morning,Nurse,Accepted,Not rejected,74.0,False,False
SP102000,2025-04-20,60+,Female,Outpatient,Blood,CBC,Afternoon,Clinical Officer,Accepted,Not rejected,56.0,False,False
SP101605,2025-04-09,20-29,Male,Maternity,Blood,Urea,Morning,Clinical Officer,Accepted,Not rejected,93.0,True,False
SP102882,2025-12-29,60+,Female,Pediatrics,Blood,CBC,Morning,Laboratory Technologist,Accepted,Not rejected,55.0,False,True
SP101174,2025-03-27,20-29,Female,Outpatient,Swab,Wound Culture,Morning,Nurse,Accepted,Not rejected,60.0,False,False
SP100503,2025-12-14,10-19,Male,Inpatient,Urine,Urinalysis,Night,Clinical Officer,Accepted,Not rejected,54.0,False,False
SP101896,2025-02-27,60+,Male,Outpatient,Stool,Stool O&P,Night,Clinical Officer,Accepted,Not rejected,83.0,False,False
SP101461,2025-06-06,0-9,Male,Inpatient,Blood,Urea,Night,Nurse,Accepted,Not rejected,61.0,False,False
SP103949,2025-02-22,50-59,Male,Outpatient,Blood,LFT,Afternoon,Clinical Officer,Accepted,Not rejected,99.0,False,False
SP103656,2025-03-31,50-59,Female,Pediatrics,CSF,Culture,Afternoon,Phlebotomist,Accepted,Not rejected,27.0,False,True
SP104769,2025-06-03,60+,Male,Emergency,Sputum,Gram Stain,Afternoon,Phlebotomist,Accepted,Not rejected,24.0,False,False
SP102643,2025-10-22,50-59,Female,Emergency,Urine,Urine Culture,Morning,Nurse,Accepted,Not rejected,78.0,False,False
SP103185,2025-05-22,40-49,Male,Inpatient,CSF,CSF Analysis,Night,Phlebotomist,Accepted,Not rejected,80.0,False,False
SP100463,2025-06-23,50-59,Female,Pediatrics,Swab,Wound Culture,Afternoon,Phlebotomist,Accepted,Not rejected,76.0,False,True
SP104720,2025-10-12,40-49,Male,Inpatient,Sputum,AFB,Night,Clinical Officer,Accepted,Not rejected,82.0,False,False
SP102782,2025-02-14,60+,Female,Inpatient,CSF,Culture,Morning,Nurse,Accepted,Not rejected,122.0,False,False
SP101265,2025-08-22,0-9,Female,Emergency,Sputum,Culture,Night,Clinical Officer,Accepted,Not rejected,100.0,False,False
SP102002,2025-12-30,60+,Male,Pediatrics,Blood,Creatinine,Afternoon,Nurse,Accepted,Not rejected,43.0,False,True
SP102181,2025-01-26,50-59,Female,Inpatient,Blood,LFT,Morning,Laboratory Technologist,Accepted,Not rejected,83.0,False,False
SP100290,2025-12-13,40-49,Male,Pediatrics,Sputum,AFB,Morning,Phlebotomist,Rejected,Clotted specimen,105.0,False,True
SP101898,2025-09-07,10-19,Male,Outpatient,Blood,CBC,Morning,Laboratory Technologist,Accepted,Not rejected,62.0,False,False
SP100078,2025-12-14,10-19,Female,Outpatient,Stool,Stool O&P,Afternoon,Clinical Officer,Rejected,Leaking container,32.0,False,False
SP102274,2025-05-14,20-29,Male,Inpatient,Urine,Urinalysis,Afternoon,Clinical Officer,Accepted,Not rejected,46.0,False,False
SP103169,2025-05-25,10-19,Male,Inpatient,Blood,CBC,Morning,Nurse,Accepted,Not rejected,76.0,False,False
SP104968,2025-07-06,40-49,Male,Outpatient,Urine,Urinalysis,Afternoon,Nurse,Accepted,Not rejected,96.0,False,False
SP102527,2025-01-12,10-19,Female,Pediatrics,Blood,Creatinine,Afternoon,Laboratory Technologist,Accepted,Not rejected,79.0,False,False
SP102087,2025-07-04,0-9,Female,ICU,Urine,Urine Culture,Morning,Clinical Officer,Accepted,Not rejected,62.0,False,False
SP103276,2025-07-31,0-9,Male,Pediatrics,Blood,Creatinine,Afternoon,Nurse,Accepted,Not rejected,92.0,False,False
SP100194,2025-06-21,20-29,Male,Pediatrics,Urine,Urine Culture,Night,Clinical Officer,Rejected,Hemolysis,21.0,False,True
SP104475,2025-08-13,10-19,Male,Inpatient,Blood,Creatinine,Afternoon,Clinical Officer,Accepted,Not rejected,79.0,False,False
SP104855,2025-11-30,20-29,Male,Inpatient,Sputum,Gram Stain,Afternoon,Nurse,Accepted,Not rejected,85.0,False,False
SP102853,2025-10-13,0-9,Male,Outpatient,Urine,Urine Culture,Afternoon,Clinical Officer,Accepted,Not rejected,98.0,False,False
SP100431,2025-12-07,30-39,Female,Emergency,Blood,CBC,Morning,Clinical Officer,Accepted,Not rejected,57.0,False,False
SP104268,2025-03-17,60+,Female,Emergency,Blood,Glucose,Morning,Phlebotomist,Accepted,Not rejected,53.0,False,False
SP103005,2025-03-13,40-49,Male,Pediatrics,Blood,CBC,Morning,Nurse,Accepted,Not rejected,66.0,False,True
SP103841,2025-01-31,50-59,Female,Unknown,Blood,LFT,Afternoon,Nurse,Accepted,Not rejected,98.0,False,False
SP100783,2025-12-26,60+,Male,ICU,Blood,Creatinine,Afternoon,Phlebotomist,Accepted,Not rejected,91.0,False,False
SP103064,2025-09-17,20-29,Male,Emergency,CSF,CSF Analysis,Afternoon,Clinical Officer,Accepted,Not rejected,61.0,False,False
SP101171,2025-12-13,10-19,Female,ICU,Blood,CBC,Afternoon,Nurse,Accepted,Not rejected,54.0,False,False
SP104244,2025-03-05,30-39,Female,Maternity,Urine,Urinalysis,Afternoon,Nurse,Accepted,Not rejected,70.0,False,False
SP103441,2025-09-17,20-29,Male,ICU,Swab,Wound Culture,Morning,Nurse,Accepted,Not rejected,111.0,False,False
SP104929,2025-06-25,20-29,Female,Pediatrics,Urine,Urine Culture,Morning,Nurse,Accepted,Not rejected,51.0,False,True
SP100682,2025-06-20,10-19,Female,Inpatient,Swab,Wound Culture,Morning,Nurse,Accepted,Not rejected,97.0,False,False
SP101140,2025-04-17,40-49,Male,Emergency,Sputum,AFB,Afternoon,Clinical Officer,Accepted,Not rejected,79.0,False,False
SP101370,2025-05-19,50-59,Female,Inpatient,Swab,Wound Culture,Morning,Nurse,Accepted,Not rejected,44.0,False,False
SP102554,2025-09-14,60+,Male,Pediatrics,Blood,LFT,Afternoon,Phlebotomist,Rejected,Clotted specimen,101.0,False,True
SP104644,2025-06-25,60+,Female,Inpatient,Blood,Glucose,Morning,Clinical Officer,Accepted,Not rejected,71.0,False,False
SP104499,2025-08-27,30-39,Male,Outpatient,Sputum,Gram Stain,Morning,Laboratory Technologist,Accepted,Not rejected,28.0,False,False
SP103652,2025-04-08,50-59,Male,ICU,Swab,Wound Culture,Afternoon,Nurse,Accepted,Not rejected,84.0,False,False
SP104445,2025-08-31,50-59,Male,Outpatient,Urine,Urinalysis,Afternoon,Clinical Officer,Accepted,Not rejected,104.0,False,False
SP101509,2025-10-08,50-59,Female,Outpatient,Blood,Glucose,Afternoon,Laboratory Technologist,Accepted,Not rejected,76.0,False,False
SP102126,2025-01-16,10-19,Female,Outpatient,Swab,Throat Culture,Afternoon,Nurse,Accepted,Not rejected,102.0,False,False
SP104237,2025-12-13,60+,Male,Inpatient,Urine,Urine Culture,Morning,Laboratory Technologist,Accepted,Not rejected,55.0,False,False
SP100881,2025-06-10,10-19,Female,Outpatient,Urine,Urine Culture,Morning,Nurse,Accepted,Not rejected,95.0,False,False
SP104969,2025-02-10,20-29,Female,Outpatient,Blood,CBC,Morning,Laboratory Technologist,Accepted,Not rejected,90.0,False,False
SP104032,2025-01-28,0-9,Male,Pediatrics,CSF,Culture,Morning,Nurse,Accepted,Not rejected,107.0,False,False
SP102705,2025-08-25,60+,Male,Emergency,Blood,Urea,Morning,Nurse,Rejected,Clotted specimen,72.0,False,False
SP102930,2025-08-01,30-39,Female,Outpatient,Blood,LFT,Afternoon,Nurse,Accepted,Not rejected,81.0,False,False
SP100255,2025-12-12,50-59,Male,Inpatient,Blood,CBC,Night,Phlebotomist,Rejected,Leaking container,78.0,False,False
SP104800,2025-01-08,30-39,Male,Inpatient,Blood,Creatinine,Night,Laboratory Technologist,Accepted,Not rejected,69.0,False,False
SP103703,2025-07-11,40-49,Male,Pediatrics,Urine,Urinalysis,Afternoon,Nurse,Accepted,Not rejected,134.0,False,True
SP102893,2025-09-29,20-29,Female,Outpatient,Stool,Culture,Afternoon,Clinical Officer,Rejected,Clotted specimen,43.0,False,False
SP104913,2025-05-29,50-59,Male,Emergency,Urine,Urinalysis,Morning,Nurse,Accepted,Not rejected,77.0,False,False
SP101933,2025-09-11,10-19,Male,Emergency,Blood,Urea,Afternoon,Nurse,Accepted,Not rejected,99.0,False,False
SP102998,2025-12-16,40-49,Male,Pediatrics,Blood,LFT,Morning,Nurse,Accepted,Not rejected,54.0,False,True
SP102183,2025-07-05,0-9,Male,Emergency,Urine,Urinalysis,Morning,Nurse,Rejected,Insufficient volume,88.0,False,False
SP104074,2025-04-10,0-9,Female,Pediatrics,Blood,Glucose,Night,Phlebotomist,Accepted,Not rejected,45.0,False,False
SP104937,2025-12-26,50-59,Male,Outpatient,Blood,Glucose,Night,Nurse,Accepted,Not rejected,97.0,False,False
SP102871,2025-05-22,10-19,Male,Inpatient,Blood,Glucose,Morning,Clinical Officer,Accepted,Not rejected,36.0,False,False
SP104991,2025-03-30,0-9,Female,Inpatient,Stool,Stool O&P,Afternoon,Clinical Officer,Accepted,Not rejected,85.0,False,False
SP102214,2025-06-02,30-39,Male,Outpatient,Urine,Urinalysis,Morning,Clinical Officer,Accepted,Not rejected,83.0,False,False
SP101573,2025-01-13,60+,Male,Outpatient,Urine,Urine Culture,Afternoon,Laboratory Technologist,Accepted,Not rejected,30.0,False,False
SP100951,2025-08-11,30-39,Female,Inpatient,Stool,Culture,Afternoon,Phlebotomist,Accepted,Not rejected,83.0,False,False
SP103154,2025-07-18,10-19,Male,Outpatient,Urine,Urine Culture,Morning,Phlebotomist,Accepted,Not rejected,111.0,False,False
SP102559,2025-09-14,40-49,Female,Maternity,Urine,Urine Culture,Morning,Clinical Officer,Accepted,Not rejected,64.0,False,False
SP100429,2025-01-03,30-39,Female,Outpatient,Swab,Wound Culture,Afternoon,Phlebotomist,Accepted,Not rejected,74.0,False,False
SP101046,2025-05-26,40-49,Female,Outpatient,Blood,Creatinine,Night,Clinical Officer,Accepted,Not rejected,67.0,False,False
SP100961,2025-08-04,40-49,Male,Emergency,Urine,Urine Culture,Morning,Clinical Officer,Accepted,Not rejected,62.0,False,False
SP104375,2025-02-20,40-49,Female,Pediatrics,Stool,Stool O&P,Morning,Laboratory Technologist,Accepted,Not rejected,65.0,False,True
SP100723,2025-08-15,40-49,Female,Emergency,Blood,Glucose,Afternoon,Clinical Officer,Accepted,Not rejected,81.0,False,False
SP101799,2025-11-02,10-19,Male,Pediatrics,Urine,Urinalysis,Morning,Laboratory Technologist,Accepted,Not rejected,123.0,False,False
SP103412,2025-10-30,0-9,Female,Outpatient,Urine,Urine Culture,Morning,Unknown,Accepted,Not rejected,50.0,False,False
SP100349,2025-06-08,50-59,Female,Outpatient,Blood,Glucose,Afternoon,Nurse,Accepted,Not rejected,83.0,False,False
SP104113,2025-09-09,0-9,Female,Pediatrics,Blood,Creatinine,Morning,Phlebotomist,Accepted,Not rejected,74.0,False,False
SP102027,2025-01-15,20-29,Female,Emergency,Urine,Urinalysis,Morning,Nurse,Accepted,Not rejected,63.0,False,False
SP102971,2025-07-26,30-39,Male,Maternity,Urine,Urinalysis,Afternoon,Clinical Officer,Accepted,Not rejected,121.0,True,False
SP100652,2025-05-27,50-59,Female,Emergency,Swab,Wound Culture,Morning,Nurse,Accepted,Not rejected,60.0,False,False
SP102476,2025-09-19,0-9,Male,Outpatient,Sputum,Culture,Night,Clinical Officer,Accepted,Not rejected,58.0,False,False
SP100919,2025-08-16,60+,Male,Emergency,Urine,Urine Culture,Morning,Clinical Officer,Accepted,Not rejected,58.0,False,False
SP100380,2025-04-26,10-19,Female,Inpatient,Swab,Wound Culture,Morning,Nurse,Accepted,Not rejected,95.0,False,False
SP104437,2025-08-16,60+,Male,Emergency,Blood,Urea,Afternoon,Phlebotomist,Accepted,Not rejected,72.0,False,False
SP102639,2025-04-18,10-19,Male,Pediatrics,Urine,Urinalysis,Afternoon,Nurse,Accepted,Not rejected,98.0,False,False
SP104682,2025-08-16,60+,Female,ICU,Blood,CBC,Night,Clinical Officer,Accepted,Not rejected,71.0,False,False
SP101692,2025-12-01,50-59,Male,Outpatient,Blood,CBC,Afternoon,Nurse,Accepted,Not rejected,80.0,False,False
SP104532,2025-10-22,40-49,Male,Outpatient,Blood,CBC,Morning,Clinical Officer,Accepted,Not rejected,45.0,False,False
SP100536,2025-01-22,60+,Female,Emergency,Urine,Urinalysis,Morning,Nurse,Accepted,Not rejected,58.0,False,False
SP104089,2025-05-09,0-9,Female,Outpatient,Blood,Creatinine,Morning,Nurse,Rejected,Delayed transport,107.0,False,False
SP102187,2025-03-13,10-19,Female,Outpatient,Stool,Culture,Night,Laboratory Technologist,Accepted,Not rejected,100.0,False,False
SP103291,2025-01-18,50-59,Male,Inpatient,Swab,Wound Culture,Morning,Nurse,Accepted,Not rejected,102.0,False,False
SP104479,2025-11-18,50-59,Female,Outpatient,Urine,Urine Culture,Afternoon,Clinical Officer,Accepted,Not rejected,144.0,False,False
SP103748,2025-07-11,10-19,Male,Inpatient,Blood,LFT,Night,Phlebotomist,Accepted,Not rejected,14.0,False,False
SP103024,2025-01-20,20-29,Female,Outpatient,Blood,Urea,Night,Phlebotomist,Rejected,Clotted specimen,75.0,False,False
SP100895,2025-06-11,40-49,Female,Outpatient,Stool,Stool O&P,Afternoon,Clinical Officer,Accepted,Not rejected,21.0,False,False
SP103863,2025-10-28,30-39,Female,Inpatient,Blood,CBC,Morning,Laboratory Technologist,Rejected,Delayed transport,67.0,False,False
SP101876,2025-08-05,60+,Male,Inpatient,Urine,Urinalysis,Morning,Phlebotomist,Accepted,Not rejected,38.0,False,False
SP101858,2025-11-22,50-59,Female,Outpatient,CSF,CSF Analysis,Afternoon,Unknown,Accepted,Not rejected,67.0,False,False
SP100626,2025-07-16,10-19,Female,Outpatient,CSF,CSF Analysis,Night,Nurse,Accepted,Not rejected,118.0,False,False
SP100414,2025-09-13,30-39,Female,Outpatient,Swab,Throat Culture,Afternoon,Nurse,Accepted,Not rejected,10.0,False,False
SP101292,2025-03-04,20-29,Female,Inpatient,Swab,Throat Culture,Morning,Nurse,Accepted,Not rejected,62.0,False,False
SP104029,2025-11-15,40-49,Female,Maternity,Blood,CBC,Night,Clinical Officer,Accepted,Not rejected,39.0,False,False
SP102435,2025-03-30,30-39,Male,Inpatient,CSF,CSF Analysis,Afternoon,Nurse,Accepted,Not rejected,63.0,False,False
SP100954,2025-09-02,20-29,Male,Inpatient,Blood,Glucose,Morning,Nurse,Accepted,Not rejected,56.0,False,False
SP104234,2025-10-28,50-59,Female,Outpatient,Blood,CBC,Night,Nurse,Accepted,Not rejected,56.0,False,False
SP101124,2025-05-15,60+,Male,Maternity,Blood,Urea,Night,Laboratory Technologist,Accepted,Not rejected,123.0,True,False
SP101956,2025-08-22,20-29,Male,Inpatient,Urine,Urine Culture,Morning,Unknown,Accepted,Not rejected,88.0,False,False
SP103163,2025-11-16,30-39,Male,ICU,Urine,Urine Culture,Morning,Nurse,Accepted,Not rejected,80.0,False,False
SP101906,2025-11-24,0-9,Female,Inpatient,CSF,CSF Analysis,Afternoon,Laboratory Technologist,Accepted,Not rejected,94.0,False,False
SP100908,2025-12-06,30-39,Male,Inpatient,Urine,Urine Culture,Morning,Nurse,Accepted,Not rejected,89.0,False,False
SP103264,2025-06-22,20-29,Female,Inpatient,Stool,Culture,Morning,Phlebotomist,Accepted,Not rejected,107.0,False,False
SP100417,2025-09-11,40-49,Male,Emergency,Blood,Urea,Afternoon,Nurse,Accepted,Not rejected,81.0,False,False
SP104804,2025-01-15,50-59,Female,Pediatrics,Blood,Creatinine,Night,Phlebotomist,Accepted,Not rejected,104.0,False,True
SP104626,2025-01-30,60+,Female,Outpatient,Sputum,Gram Stain,Afternoon,Clinical Officer,Accepted,Not rejected,92.0,False,False
SP103686,2025-08-26,50-59,Male,Outpatient,Urine,Urine Culture,Afternoon,Clinical Officer,Accepted,Not rejected,38.0,False,False
SP104282,2025-07-03,40-49,Male,Pediatrics,Sputum,Culture,Afternoon,Nurse,Accepted,Not rejected,64.0,False,True
SP101855,2025-09-23,0-9,Male,ICU,Urine,Urine Culture,Afternoon,Phlebotomist,Accepted,Not rejected,84.0,False,False
SP100253,2025-08-19,50-59,Female,Emergency,Blood,Urea,Afternoon,Nurse,Accepted,Not rejected,130.0,False,False
SP104535,2025-05-19,0-9,Male,Outpatient,Blood,Urea,Morning,Nurse,Accepted,Not rejected,104.0,False,False
SP104845,2025-01-26,0-9,Female,Pediatrics,CSF,Culture,Afternoon,Nurse,Accepted,Not rejected,86.0,False,False
SP100800,2025-09-27,40-49,Male,Outpatient,Sputum,AFB,Morning,Phlebotomist,Accepted,Not rejected,46.0,False,False
SP100206,2025-04-01,20-29,Male,Outpatient,Blood,Glucose,Afternoon,Clinical Officer,Accepted,Not rejected,103.0,False,False
SP101085,2025-06-16,50-59,Male,Inpatient,Urine,Urine Culture,Afternoon,Clinical Officer,Accepted,Not rejected,112.0,False,False
SP100047,2025-10-12,60+,Female,Inpatient,Urine,Urinalysis,Afternoon,Phlebotomist,Accepted,Not rejected,75.0,False,False
SP102824,2025-03-05,10-19,Female,Pediatrics,Blood,Creatinine,Morning,Nurse,Accepted,Not rejected,76.0,False,False
SP102495,2025-02-06,60+,Male,ICU,Sputum,Gram Stain,Night,Nurse,Rejected,Insufficient volume,113.0,False,False
SP100959,2025-01-01,10-19,Male,Inpatient,Urine,Urine Culture,Morning,Nurse,Accepted,Not rejected,93.0,False,False
SP102745,2025-10-04,60+,Female,Pediatrics,Blood,CBC,Morning,Clinical Officer,Accepted,Not rejected,98.0,False,True
SP100902,2025-10-04,50-59,Female,Pediatrics,CSF,CSF Analysis,Morning,Nurse,Accepted,Not rejected,84.0,False,True
SP102309,2025-06-21,30-39,Female,Outpatient,Stool,Culture,Night,Nurse,Accepted,Not rejected,112.0,False,False
SP102096,2025-07-14,30-39,Male,Pediatrics,Swab,Wound Culture,Morning,Nurse,Accepted,Not rejected,72.0,False,True
SP104127,2025-07-14,60+,Male,Outpatient,Urine,Urine Culture,Afternoon,Phlebotomist,Accepted,Not rejected,63.0,False,False
SP102255,2025-07-22,30-39,Male,Maternity,Urine,Urinalysis,Afternoon,Nurse,Accepted,Not rejected,92.0,True,False
SP102053,2025-03-19,30-39,Male,ICU,Urine,Urine Culture,Night,Clinical Officer,Accepted,Not rejected,77.0,False,False
SP100338,2025-03-14,10-19,Male,ICU,Blood,Urea,Afternoon,Nurse,Rejected,Delayed transport,58.0,False,False
SP103520,2025-08-05,50-59,Male,Emergency,Blood,Creatinine,Morning,Phlebotomist,Accepted,Not rejected,85.0,False,False
SP104005,2025-01-02,0-9,Male,Inpatient,Stool,Stool O&P,Afternoon,Clinical Officer,Accepted,Not rejected,116.0,False,False
SP103880,2025-03-09,0-9,Female,ICU,Blood,CBC,Morning,Nurse,Accepted,Not rejected,74.0,False,False
SP104431,2025-07-12,40-49,Male,Emergency,Urine,Urinalysis,Afternoon,Nurse,Accepted,Not rejected,117.0,False,False
SP100735,2025-12-29,20-29,Female,Outpatient,Urine,Urine Culture,Night,Clinical Officer,Rejected,Hemolysis,50.0,False,False
SP100377,2025-03-06,10-19,Male,Inpatient,Urine,Urinalysis,Night,Clinical Officer,Accepted,Not rejected,41.0,False,False
SP103444,2025-06-11,10-19,Female,Pediatrics,Blood,Glucose,Night,Nurse,Accepted,Not rejected,52.0,False,False
SP104812,2025-08-19,20-29,Male,ICU,CSF,Culture,Morning,Laboratory Technologist,Accepted,Not rejected,63.0,False,False
SP101456,2025-11-01,50-59,Male,Inpatient,Stool,Stool O&P,Afternoon,Phlebotomist,Accepted,Not rejected,68.0,False,False
SP104467,2025-07-29,20-29,Male,Pediatrics,Blood,CBC,Afternoon,Clinical Officer,Accepted,Not rejected,61.0,False,True
SP101675,2025-02-18,10-19,Female,Emergency,Blood,CBC,Morning,Nurse,Accepted,Not rejected,66.0,False,False
SP104718,2025-04-23,50-59,Male,Inpatient,Blood,Urea,Morning,Clinical Officer,Accepted,Not rejected,67.0,False,False
SP100737,2025-07-13,60+,Male,Emergency,Sputum,Gram Stain,Morning,Clinical Officer,Rejected,Clotted specimen,49.0,False,False
SP101101,2025-02-23,60+,Female,Maternity,Blood,LFT,Morning,Nurse,Accepted,Not rejected,77.0,False,False
SP104539,2025-04-06,30-39,Male,Inpatient,Blood,Creatinine,Night,Clinical Officer,Accepted,Not rejected,71.0,False,False
SP102493,2025-04-25,30-39,Female,ICU,Sputum,Gram Stain,Morning,Laboratory Technologist,Accepted,Not rejected,80.0,False,False
SP104796,2025-12-09,50-59,Female,Outpatient,Blood,Glucose,Morning,Nurse,Accepted,Not rejected,79.0,False,False
SP101997,2025-05-14,0-9,Male,Pediatrics,Blood,CBC,Afternoon,Phlebotomist,Accepted,Not rejected,76.0,False,False
SP102442,2025-01-27,50-59,Male,Maternity,Urine,Urine Culture,Morning,Clinical Officer,Accepted,Not rejected,46.0,True,False
SP104285,2025-05-08,60+,Female,Outpatient,Sputum,Gram Stain,Morning,Clinical Officer,Accepted,Not rejected,49.0,False,False
SP102875,2025-12-15,20-29,Female,Inpatient,Blood,Glucose,Morning,Nurse,Accepted,Not rejected,90.0,False,False
SP102687,2025-04-15,60+,Female,Outpatient,Stool,Stool O&P,Morning,Phlebotomist,Accepted,Not rejected,45.0,False,False
SP102498,2025-03-02,30-39,Male,Pediatrics,Blood,LFT,Afternoon,Nurse,Accepted,Not rejected,89.0,False,True
SP104356,2025-07-31,50-59,Male,Outpatient,Urine,Urinalysis,Night,Clinical Officer,Accepted,Not rejected,61.0,False,False
SP100020,2025-05-16,0-9,Female,Pediatrics,Blood,Urea,Morning,Nurse,Accepted,Not rejected,95.0,False,False
SP104900,2025-04-21,20-29,Female,ICU,Blood,LFT,Afternoon,Laboratory Technologist,Accepted,Not rejected,58.0,False,False
SP101650,2025-03-17,10-19,Female,Pediatrics,Urine,Urine Culture,Night,Laboratory Technologist,Accepted,Not rejected,59.0,False,False
SP104807,2025-10-17,10-19,Female,Inpatient,Swab,Wound Culture,Night,Laboratory Technologist,Accepted,Not rejected,58.0,False,False
SP101868,2025-07-07,30-39,Female,Pediatrics,CSF,Culture,Night,Clinical Officer,Accepted,Not rejected,94.0,False,True
SP100502,2025-09-19,20-29,Male,Outpatient,Urine,Urinalysis,Morning,Nurse,Accepted,Not rejected,99.0,False,False
SP101352,2025-10-16,10-19,Male,Inpatient,Blood,CBC,Afternoon,Nurse,Accepted,Not rejected,68.0,False,False
SP100519,2025-01-26,0-9,Female,Inpatient,Sputum,AFB,Night,Clinical Officer,Rejected,Clotted specimen,45.0,False,False
SP100813,2025-02-17,50-59,Female,Outpatient,Blood,CBC,Morning,Clinical Officer,Accepted,Not rejected,122.0,False,False
SP104204,2025-06-02,10-19,Female,Outpatient,Urine,Urine Culture,Morning,Clinical Officer,Accepted,Not rejected,75.0,False,False
SP103597,2025-01-06,60+,Female,Pediatrics,Swab,Throat Culture,Afternoon,Phlebotomist,Accepted,Not rejected,89.0,False,True
SP102238,2025-08-24,0-9,Female,Emergency,Blood,LFT,Afternoon,Phlebotomist,Accepted,Not rejected,33.0,False,False
SP103625,2025-12-10,40-49,Male,Outpatient,Sputum,AFB,Morning,Nurse,Accepted,Not rejected,80.0,False,False
SP104478,2025-04-07,10-19,Female,Maternity,Urine,Urine Culture,Night,Nurse,Rejected,Wrong container,27.0,False,False
SP101086,2025-03-21,20-29,Male,Maternity,Stool,Stool O&P,Morning,Nurse,Accepted,Not rejected,67.0,True,False
SP100421,2025-09-10,50-59,Male,ICU,Blood,CBC,Night,Nurse,Accepted,Not rejected,94.0,False,False
SP103148,2025-05-23,0-9,Female,Outpatient,Sputum,Gram Stain,Afternoon,Phlebotomist,Accepted,Not rejected,78.0,False,False
SP100980,2025-08-30,50-59,Female,Inpatient,Swab,Wound Culture,Morning,Phlebotomist,Accepted,Not rejected,46.0,False,False
SP104007,2025-06-13,60+,Female,Outpatient,Urine,Urinalysis,Morning,Phlebotomist,Accepted,Not rejected,66.0,False,False
SP103192,2025-12-02,30-39,Male,Maternity,Blood,CBC,Night,Laboratory Technologist,Rejected,Insufficient volume,140.0,True,False
SP102615,2025-11-17,0-9,Female,Inpatient,Swab,Wound Culture,Night,Clinical Officer,Accepted,Not rejected,109.0,False,False
SP100152,2025-06-23,0-9,Male,Emergency,Swab,Throat Culture,Morning,Laboratory Technologist,Accepted,Not rejected,93.0,False,False
SP104321,2025-05-16,60+,Male,Pediatrics,Blood,Glucose,Night,Nurse,Rejected,Insufficient volume,92.0,False,True
SP103702,2025-03-29,20-29,Female,Maternity,Blood,CBC,Night,Phlebotomist,Rejected,Wrong container,41.0,False,False
SP102400,2025-07-31,50-59,Female,Outpatient,Swab,Wound Culture,Morning,Nurse,Accepted,Not rejected,105.0,False,False
SP104941,2025-09-17,30-39,Female,Inpatient,Swab,Wound Culture,Morning,Phlebotomist,Accepted,Not rejected,90.0,False,False
SP102787,2025-09-23,50-59,Female,Emergency,CSF,Culture,Morning,Nurse,Accepted,Not rejected,103.0,False,False
SP104201,2025-01-08,60+,Male,Pediatrics,Swab,Wound Culture,Morning,Clinical Officer,Accepted,Not rejected,77.0,False,True
SP101026,2025-09-23,20-29,Female,Inpatient,Sputum,Culture,Afternoon,Nurse,Accepted,Not rejected,110.0,False,False
SP101651,2025-10-11,30-39,Male,Inpatient,Blood,Urea,Afternoon,Clinical Officer,Accepted,Not rejected,97.0,False,False
SP104589,2025-01-13,20-29,Male,Outpatient,Swab,Wound Culture,Night,Nurse,Accepted,Not rejected,65.0,False,False
SP102136,2025-04-15,0-9,Female,Inpatient,Stool,Culture,Morning,Nurse,Accepted,Not rejected,93.0,False,False
SP101677,2025-07-17,60+,Female,Inpatient,Blood,CBC,Afternoon,Phlebotomist,Accepted,Not rejected,71.0,False,False
SP100281,2025-09-22,0-9,Female,Emergency,Blood,CBC,Morning,Clinical Officer,Accepted,Not rejected,77.0,False,False
SP101083,2025-01-28,20-29,Female,Inpatient,Blood,Glucose,Morning,Phlebotomist,Accepted,Not rejected,70.0,False,False
SP103918,2025-02-12,60+,Male,Outpatient,Blood,Glucose,Afternoon,Nurse,Accepted,Not rejected,55.0,False,False
SP102848,2025-12-01,0-9,Female,Emergency,Swab,Wound Culture,Morning,Nurse,Rejected,Wrong container,80.0,False,False
SP103471,2025-04-14,50-59,Female,Maternity,Urine,Urine Culture,Morning,Laboratory Technologist,Accepted,Not rejected,61.0,False,False
SP104370,2025-01-21,0-9,Male,Emergency,Urine,Urine Culture,Morning,Nurse,Accepted,Not rejected,57.0,False,False
SP103817,2025-11-26,10-19,Female,Pediatrics,CSF,CSF Analysis,Afternoon,Laboratory Technologist,Accepted,Not rejected,77.0,False,False
SP103420,2025-03-02,0-9,Female,Inpatient,Urine,Urine Culture,Morning,Laboratory Technologist,Accepted,Not rejected,92.0,False,False
SP101998,2025-07-13,40-49,Female,ICU,Blood,CBC,Night,Laboratory Technologist,Accepted,Not rejected,52.0,False,False
SP104595,2025-11-27,60+,Female,Emergency,Blood,Creatinine,Night,Clinical Officer,Accepted,Not rejected,106.0,False,False
SP101506,2025-09-19,0-9,Male,Inpatient,Sputum,Culture,Afternoon,Clinical Officer,Rejected,Wrong container,90.0,False,False
SP104482,2025-12-03,30-39,Female,Inpatient,Blood,LFT,Morning,Nurse,Accepted,Not rejected,21.0,False,False
SP104925,2025-07-06,50-59,Female,Inpatient,Swab,Wound Culture,Night,Laboratory Technologist,Accepted,Not rejected,52.0,False,False
SP104471,2025-08-16,30-39,Female,Emergency,Blood,LFT,Afternoon,Nurse,Accepted,Not rejected,79.0,False,False
SP103076,2025-06-24,10-19,Female,Pediatrics,Blood,Glucose,Morning,Laboratory Technologist,Accepted,Not rejected,73.0,False,False
SP104799,2025-12-27,50-59,Female,Inpatient,Urine,Urine Culture,Night,Phlebotomist,Accepted,Not rejected,77.0,False,False
SP100667,2025-12-14,40-49,Male,ICU,Blood,Glucose,Morning,Clinical Officer,Accepted,Not rejected,87.0,False,False
SP103308,2025-10-05,0-9,Male,Outpatient,Sputum,AFB,Night,Laboratory Technologist,Accepted,Not rejected,102.0,False,False
SP100625,2025-08-07,60+,Female,Outpatient,Sputum,Gram Stain,Morning,Nurse,Accepted,Not rejected,39.0,False,False
SP101218,2025-06-20,0-9,Female,Pediatrics,Blood,Urea,Night,Laboratory Technologist,Accepted,Not rejected,73.0,False,False
SP102735,2025-08-21,20-29,Female,ICU,Blood,LFT,Afternoon,Laboratory Technologist,Accepted,Not rejected,99.0,False,False
SP100178,2025-12-08,20-29,Female,Outpatient,Blood,Creatinine,Night,Nurse,Accepted,Not rejected,104.0,False,False
SP102109,2025-06-27,0-9,Female,Pediatrics,Blood,Creatinine,Afternoon,Nurse,Accepted,Not rejected,69.0,False,False
SP100678,2025-08-24,50-59,Female,Unknown,Blood,Urea,Afternoon,Nurse,Accepted,Not rejected,72.0,False,False
SP100239,2025-08-19,10-19,Male,Inpatient,Blood,Urea,Afternoon,Nurse,Accepted,Not rejected,48.0,False,False
SP104856,2025-09-17,60+,Female,Inpatient,Urine,Urinalysis,Night,Nurse,Accepted,Not rejected,82.0,False,False
SP103351,2025-10-22,60+,Female,Pediatrics,Stool,Stool O&P,Night,Clinical Officer,Accepted,Not rejected,119.0,False,True
SP100097,2025-12-26,60+,Female,Outpatient,CSF,Culture,Night,Phlebotomist,Accepted,Not rejected,51.0,False,False
SP102569,2025-06-20,30-39,Male,Inpatient,Urine,Urinalysis,Morning,Laboratory Technologist,Accepted,Not rejected,80.0,False,False
SP101353,2025-10-26,50-59,Female,ICU,Swab,Throat Culture,Afternoon,Clinical Officer,Accepted,Not rejected,42.0,False,False
SP103023,2025-02-12,30-39,Female,Emergency,Urine,Urine Culture,Morning,Nurse,Rejected,Wrong container,81.0,False,False
SP101929,2025-06-06,50-59,Female,Emergency,Blood,Creatinine,Morning,Clinical Officer,Accepted,Not rejected,73.0,False,False
SP100716,2025-09-16,50-59,Male,Pediatrics,Stool,Stool O&P,Morning,Phlebotomist,Rejected,Mislabeling,64.0,False,True
SP100981,2025-02-21,60+,Female,Maternity,Urine,Urinalysis,Afternoon,Nurse,Accepted,Not rejected,23.0,False,False
SP104376,2025-09-16,60+,Female,Maternity,CSF,CSF Analysis,Afternoon,Nurse,Rejected,Hemolysis,46.0,False,False
SP100247,2025-02-21,60+,Male,Outpatient,Blood,CBC,Afternoon,Nurse,Accepted,Not rejected,76.0,False,False
SP100852,2025-06-03,0-9,Male,Emergency,Urine,Urinalysis,Afternoon,Phlebotomist,Accepted,Not rejected,49.0,False,False
SP102505,2025-10-27,40-49,Female,Pediatrics,Stool,Culture,Afternoon,Nurse,Accepted,Not rejected,96.0,False,True
SP103272,2025-07-11,0-9,Female,Pediatrics,Urine,Urinalysis,Night,Clinical Officer,Accepted,Not rejected,58.0,False,False
SP103480,2025-11-13,30-39,Male,Outpatient,Blood,Urea,Night,Clinical Officer,Accepted,Not rejected,48.0,False,False
SP103330,2025-09-16,30-39,Female,Outpatient,Blood,Creatinine,Morning,Nurse,Accepted,Not rejected,107.0,False,False
SP101768,2025-10-22,Unknown,Female,ICU,Urine,Urinalysis,Morning,Clinical Officer,Accepted,Not rejected,99.0,False,False
SP101927,2025-08-04,30-39,Female,Pediatrics,Blood,LFT,Night,Nurse,Accepted,Not rejected,64.0,False,True
SP101035,2025-08-17,10-19,Female,Emergency,Urine,Urinalysis,Morning,Clinical Officer,Accepted,Not rejected,86.0,False,False
SP101180,2025-10-22,0-9,Male,Outpatient,Sputum,AFB,Afternoon,Phlebotomist,Accepted,Not rejected,89.0,False,False
SP101645,2025-05-04,60+,Male,Pediatrics,Blood,Urea,Morning,Nurse,Accepted,Not rejected,70.0,False,True
SP102001,2025-09-17,40-49,Male,Pediatrics,Blood,LFT,Morning,Nurse,Accepted,Not rejected,123.0,False,True
SP101965,2025-06-06,50-59,Female,Pediatrics,Swab,Wound Culture,Afternoon,Phlebotomist,Accepted,Not rejected,59.0,False,True
SP102516,2025-07-03,0-9,Male,Outpatient,Blood,LFT,Morning,Laboratory Technologist,Accepted,Not rejected,59.0,False,False
SP101420,2025-02-02,50-59,Male,Emergency,Sputum,AFB,Night,Laboratory Technologist,Accepted,Not rejected,68.0,False,False
SP102291,2025-04-16,30-39,Female,Outpatient,Urine,Urine Culture,Night,Phlebotomist,Accepted,Not rejected,73.0,False,False
SP100628,2025-05-18,20-29,Male,Pediatrics,Blood,Glucose,Afternoon,Phlebotomist,Accepted,Not rejected,74.0,False,True
SP100744,2025-07-27,0-9,Male,Pediatrics,Stool,Culture,Night,Phlebotomist,Accepted,Not rejected,59.0,False,False
SP102076,2025-08-24,50-59,Female,Pediatrics,Sputum,Gram Stain,Night,Clinical Officer,Accepted,Not rejected,101.0,False,True
SP101288,2025-02-22,50-59,Female,Maternity,Stool,Culture,Morning,Clinical Officer,Accepted,Not rejected,57.0,False,False
SP102186,2025-12-16,50-59,Female,Pediatrics,Sputum,AFB,Afternoon,Nurse,Accepted,Not rejected,64.0,False,True
SP104541,2025-02-24,60+,Female,Pediatrics,CSF,Culture,Night,Phlebotomist,Accepted,Not rejected,66.0,False,True
SP103275,2025-03-03,60+,Male,Pediatrics,Swab,Wound Culture,Morning,Laboratory Technologist,Accepted,Not rejected,59.0,False,True
SP103278,2025-09-04,50-59,Male,Emergency,Blood,Creatinine,Night,Nurse,Accepted,Not rejected,42.0,False,False
SP104196,2025-12-30,20-29,Male,Inpatient,Urine,Urine Culture,Afternoon,Nurse,Accepted,Not rejected,80.0,False,False
SP102540,2025-07-19,40-49,Female,Emergency,Blood,Glucose,Morning,Laboratory Technologist,Accepted,Not rejected,68.0,False,False
SP100101,2025-03-08,0-9,Male,Emergency,Swab,Throat Culture,Morning,Laboratory Technologist,Accepted,Not rejected,47.0,False,False
SP101593,2025-07-06,30-39,Female,Emergency,Swab,Wound Culture,Morning,Laboratory Technologist,Accepted,Not rejected,60.0,False,False
SP104522,2025-02-11,40-49,Male,Pediatrics,Swab,Throat Culture,Morning,Clinical Officer,Rejected,Hemolysis,64.0,False,True
SP104441,2025-05-30,50-59,Female,Inpatient,Urine,Urine Culture,Morning,Nurse,Accepted,Not rejected,66.0,False,False
SP104281,2025-11-26,20-29,Male,Inpatient,CSF,CSF Analysis,Afternoon,Nurse,Accepted,Not rejected,93.0,False,False
SP104692,2025-04-03,10-19,Male,Emergency,Swab,Throat Culture,Night,Phlebotomist,Accepted,Not rejected,102.0,False,False
SP102648,2025-05-02,20-29,Female,ICU,Stool,Culture,Afternoon,Clinical Officer,Accepted,Not rejected,81.0,False,False
SP102434,2025-10-07,10-19,Male,ICU,Stool,Stool O&P,Night,Phlebotomist,Accepted,Not rejected,110.0,False,False
SP103082,2025-07-14,50-59,Female,Emergency,Blood,Glucose,Morning,Clinical Officer,Accepted,Not rejected,104.0,False,False
SP100170,2025-08-01,10-19,Male,Outpatient,Blood,LFT,Night,Nurse,Accepted,Not rejected,86.0,False,False
SP104574,2025-12-03,0-9,Female,Inpatient,Urine,Urine Culture,Afternoon,Phlebotomist,Accepted,Not rejected,71.0,False,False
SP100411,2025-04-30,10-19,Female,Emergency,Urine,Urine Culture,Morning,Nurse,Rejected,Hemolysis,81.0,False,False
SP100806,2025-12-02,30-39,Male,Inpatient,Urine,Urinalysis,Afternoon,Laboratory Technologist,Accepted,Not rejected,75.0,False,False
SP102943,2025-02-23,20-29,Male,Outpatient,Blood,LFT,Night,Clinical Officer,Accepted,Not rejected,80.0,False,False
SP103476,2025-10-04,60+,Male,Outpatient,Urine,Urinalysis,Afternoon,Laboratory Technologist,Accepted,Not rejected,36.0,False,False
SP101588,2025-02-23,30-39,Male,Emergency,Urine,Urine Culture,Night,Clinical Officer,Accepted,Not rejected,117.0,False,False
SP104435,2025-07-06,20-29,Female,Outpatient,Swab,Wound Culture,Afternoon,Laboratory Technologist,Accepted,Not rejected,49.0,False,False
SP101901,2025-04-25,60+,Female,Unknown,Sputum,Culture,Morning,Nurse,Accepted,Not rejected,61.0,False,False
SP102160,2025-07-18,0-9,Male,Emergency,Blood,Creatinine,Morning,Nurse,Rejected,Leaking container,93.0,False,False
SP102409,2025-10-21,50-59,Male,Inpatient,Urine,Urine Culture,Night,Nurse,Accepted,Not rejected,82.0,False,False
SP101224,2025-04-05,20-29,Female,Maternity,Blood,CBC,Morning,Laboratory Technologist,Accepted,Not rejected,94.0,False,False
SP102218,2025-09-19,30-39,Female,Inpatient,Blood,Creatinine,Afternoon,Clinical Officer,Accepted,Not rejected,75.0,False,False
SP100445,2025-10-21,20-29,Male,Inpatient,Stool,Stool O&P,Afternoon,Clinical Officer,Accepted,Not rejected,87.0,False,False
SP101142,2025-06-01,60+,Female,Inpatient,Urine,Urine Culture,Morning,Clinical Officer,Accepted,Not rejected,34.0,False,False
SP100235,2025-12-03,10-19,Female,Outpatient,Urine,Urine Culture,Morning,Nurse,Rejected,Clotted specimen,86.0,False,False
SP103168,2025-09-23,20-29,Female,Emergency,Blood,Glucose,Morning,Nurse,Accepted,Not rejected,81.0,False,False
SP100690,2025-11-14,10-19,Female,Inpatient,Swab,Throat Culture,Morning,Nurse,Accepted,Not rejected,51.0,False,False
SP102273,2025-05-08,60+,Female,Outpatient,Urine,Urinalysis,Morning,Nurse,Accepted,Not rejected,73.0,False,False
SP103592,2025-01-07,60+,Female,Emergency,Blood,Creatinine,Night,Nurse,Accepted,Not rejected,79.0,False,False
SP101341,2025-01-06,0-9,Female,Inpatient,Swab,Throat Culture,Afternoon,Nurse,Rejected,Hemolysis,16.0,False,False
SP100381,2025-02-01,0-9,Male,Maternity,Swab,Throat Culture,Afternoon,Clinical Officer,Accepted,Not rejected,25.0,True,False
SP102471,2025-12-26,30-39,Male,Pediatrics,Urine,Urinalysis,Night,Phlebotomist,Accepted,Not rejected,106.0,False,True
SP101953,2025-05-15,40-49,Female,Inpatient,Blood,LFT,Afternoon,Phlebotomist,Rejected,Mislabeling,90.0,False,False
SP102984,2025-08-14,60+,Male,ICU,Blood,LFT,Afternoon,Nurse,Rejected,Leaking container,77.0,False,False
SP100524,2025-03-06,40-49,Female,Outpatient,Blood,LFT,Morning,Clinical Officer,Accepted,Not rejected,73.0,False,False
SP100241,2025-07-14,10-19,Female,Inpatient,Urine,Urine Culture,Morning,Clinical Officer,Accepted,Not rejected,90.0,False,False
SP104271,2025-04-01,60+,Male,Outpatient,Urine,Urine Culture,Morning,Phlebotomist,Accepted,Not rejected,32.0,False,False
SP102191,2025-07-07,60+,Male,Outpatient,Sputum,AFB,Morning,Nurse,Accepted,Not rejected,60.0,False,False
SP102403,2025-09-27,0-9,Male,Maternity,Urine,Urine Culture,Morning,Clinical Officer,Rejected,Leaking container,70.0,True,False
SP102445,2025-04-27,50-59,Female,Pediatrics,Swab,Wound Culture,Morning,Phlebotomist,Accepted,Not rejected,26.0,False,True
SP101756,2025-11-07,40-49,Female,Outpatient,Swab,Throat Culture,Morning,Clinical Officer,Accepted,Not rejected,59.0,False,False
SP103234,2025-06-29,30-39,Male,Pediatrics,Blood,CBC,Morning,Nurse,Accepted,Not rejected,63.0,False,True
SP101582,2025-12-05,30-39,Male,Pediatrics,Blood,Urea,Morning,Phlebotomist,Accepted,Not rejected,142.0,False,True
SP102335,2025-01-11,40-49,Male,Pediatrics,Urine,Urine Culture,Afternoon,Clinical Officer,Accepted,Not rejected,36.0,False,True
SP100434,2025-01-01,60+,Female,Inpatient,Sputum,Gram Stain,Night,Nurse,Accepted,Not rejected,101.0,False,False
SP103155,2025-06-15,60+,Male,Outpatient,Blood,Urea,Afternoon,Nurse,Accepted,Not rejected,75.0,False,False
SP103187,2025-04-24,10-19,Male,Outpatient,Blood,Urea,Night,Nurse,Accepted,Not rejected,100.0,False,False
SP103842,2025-05-05,20-29,Male,ICU,Urine,Urinalysis,Morning,Nurse,Accepted,Not rejected,104.0,False,False
SP104358,2025-01-13,10-19,Male,Emergency,Swab,Throat Culture,Morning,Clinical Officer,Accepted,Not rejected,49.0,False,False
SP101554,2025-03-07,50-59,Male,ICU,Blood,LFT,Morning,Clinical Officer,Accepted,Not rejected,74.0,False,False
SP102797,2025-12-16,60+,Male,Emergency,Blood,LFT,Morning,Nurse,Accepted,Not rejected,123.0,False,False
SP104064,2025-03-08,30-39,Male,Pediatrics,Swab,Throat Culture,Afternoon,Nurse,Accepted,Not rejected,90.0,False,True
SP102317,2025-12-24,0-9,Male,Pediatrics,Urine,Urine Culture,Morning,Nurse,Accepted,Not rejected,52.0,False,False
SP104657,2025-09-09,0-9,Male,Inpatient,CSF,Culture,Night,Phlebotomist,Accepted,Not rejected,55.0,False,False
SP102293,2025-08-05,10-19,Female,Pediatrics,Blood,Glucose,Morning,Laboratory Technologist,Accepted,Not rejected,115.0,False,False
SP101894,2025-06-07,10-19,Female,Outpatient,Blood,CBC,Morning,Nurse,Accepted,Not rejected,49.0,False,False
SP103752,2025-02-11,60+,Female,Inpatient,Urine,Urine Culture,Night,Nurse,Accepted,Not rejected,38.0,False,False
SP103348,2025-09-25,0-9,Male,Emergency,Swab,Wound Culture,Morning,Nurse,Accepted,Not rejected,92.0,False,False
SP100083,2025-09-26,50-59,Male,Outpatient,Swab,Throat Culture,Morning,Nurse,Accepted,Not rejected,43.0,False,False
SP104228,2025-05-22,0-9,Male,Outpatient,Swab,Wound Culture,Afternoon,Clinical Officer,Accepted,Not rejected,37.0,False,False
SP104304,2025-10-05,0-9,Male,Pediatrics,Urine,Urinalysis,Night,Clinical Officer,Accepted,Not rejected,98.0,False,False
SP104820,2025-08-02,60+,Male,Outpatient,Blood,Urea,Night,Clinical Officer,Rejected,Clotted specimen,86.0,False,False
SP103152,2025-01-13,50-59,Male,Outpatient,Blood,Glucose,Morning,Clinical Officer,Accepted,Not rejected,63.0,False,False
SP100168,2025-08-17,10-19,Female,Pediatrics,Blood,Urea,Morning,Phlebotomist,Accepted,Not rejected,55.0,False,False
SP104250,2025-07-18,20-29,Male,Pediatrics,Urine,Urine Culture,Morning,Nurse,Accepted,Not rejected,82.0,False,True
SP103008,2025-10-31,40-49,Female,Pediatrics,Urine,Urine Culture,Morning,Nurse,Accepted,Not rejected,42.0,False,True
SP100191,2025-05-12,10-19,Male,Maternity,Sputum,Gram Stain,Morning,Clinical Officer,Accepted,Not rejected,69.0,True,False
SP102253,2025-10-02,10-19,Female,ICU,Swab,Wound Culture,Night,Clinical Officer,Accepted,Not rejected,86.0,False,False
SP101776,2025-08-15,20-29,Female,Pediatrics,Urine,Urine Culture,Morning,Phlebotomist,Accepted,Not rejected,65.0,False,True
SP103383,2025-05-19,40-49,Female,Inpatient,Sputum,Gram Stain,Morning,Nurse,Accepted,Not rejected,51.0,False,False
SP104520,2025-07-28,30-39,Male,Outpatient,Stool,Stool O&P,Night,Laboratory Technologist,Rejected,Hemolysis,95.0,False,False
SP103734,2025-03-23,60+,Male,Emergency,Blood,Glucose,Afternoon,Nurse,Rejected,Clotted specimen,99.0,False,False
SP101900,2025-06-16,60+,Male,ICU,Blood,Creatinine,Morning,Phlebotomist,Rejected,Leaking container,44.0,False,False
SP103378,2025-03-25,30-39,Female,Inpatient,Blood,CBC,Morning,Nurse,Accepted,Not rejected,107.0,False,False
SP101330,2025-09-20,40-49,Female,Outpatient,Blood,CBC,Morning,Laboratory Technologist,Accepted,Not rejected,81.0,False,False
SP101931,2025-09-21,50-59,Female,Emergency,Swab,Throat Culture,Night,Phlebotomist,Accepted,Not rejected,42.0,False,False
SP100793,2025-11-17,20-29,Male,Emergency,Blood,CBC,Afternoon,Clinical Officer,Accepted,Not rejected,49.0,False,False
SP101106,2025-11-13,60+,Male,Inpatient,Blood,CBC,Morning,Phlebotomist,Accepted,Not rejected,60.0,False,False
SP104581,2025-03-07,10-19,Male,Inpatient,Swab,Throat Culture,Morning,Phlebotomist,Accepted,Not rejected,13.0,False,False
SP100578,2025-05-30,30-39,Female,Pediatrics,Sputum,AFB,Afternoon,Nurse,Accepted,Not rejected,43.0,False,True
SP100918,2025-01-08,60+,Female,Emergency,Sputum,Gram Stain,Morning,Nurse,Accepted,Not rejected,77.0,False,False
SP101945,2025-09-25,30-39,Female,Outpatient,Blood,LFT,Night,Nurse,Accepted,Not rejected,91.0,False,False
SP101137,2025-03-01,60+,Female,Emergency,Sputum,Gram Stain,Afternoon,Nurse,Rejected,Delayed transport,100.0,False,False
SP100955,2025-10-09,50-59,Female,Emergency,Blood,Urea,Morning,Phlebotomist,Accepted,Not rejected,94.0,False,False
SP102676,2025-02-27,0-9,Female,Emergency,CSF,CSF Analysis,Morning,Nurse,Accepted,Not rejected,44.0,False,False
SP104202,2025-02-01,10-19,Female,ICU,Swab,Wound Culture,Afternoon,Nurse,Accepted,Not rejected,79.0,False,False
SP100348,2025-01-17,60+,Male,Inpatient,Blood,CBC,Afternoon,Nurse,Accepted,Not rejected,48.0,False,False
SP101905,2025-04-23,60+,Male,ICU,Swab,Throat Culture,Morning,Nurse,Accepted,Not rejected,59.0,False,False
SP100057,2025-07-16,30-39,Male,Emergency,Stool,Culture,Afternoon,Nurse,Accepted,Not rejected,38.0,False,False
SP102669,2025-05-03,30-39,Male,Emergency,Blood,Glucose,Morning,Phlebotomist,Accepted,Not rejected,108.0,False,False
SP103286,2025-05-10,50-59,Male,Inpatient,Urine,Urine Culture,Morning,Clinical Officer,Accepted,Not rejected,64.0,False,False
SP104765,2025-06-16,40-49,Male,Pediatrics,Blood,CBC,Afternoon,Nurse,Accepted,Not rejected,115.0,False,True
SP104123,2025-06-27,0-9,Male,Inpatient,Blood,CBC,Night,Clinical Officer,Accepted,Not rejected,110.0,False,False
SP100289,2025-10-29,Unknown,Male,Emergency,Blood,Glucose,Afternoon,Phlebotomist,Accepted,Not rejected,86.0,False,False
SP101338,2025-12-09,50-59,Male,ICU,CSF,CSF Analysis,Morning,Nurse,Accepted,Not rejected,72.0,False,False
SP100747,2025-02-25,0-9,Female,Outpatient,Swab,Throat Culture,Night,Clinical Officer,Accepted,Not rejected,97.0,False,False
SP103545,2025-11-11,30-39,Male,Outpatient,Sputum,Gram Stain,Afternoon,Unknown,Accepted,Not rejected,60.0,False,False
SP102080,2025-02-22,20-29,Female,Outpatient,Urine,Urine Culture,Night,Laboratory Technologist,Accepted,Not rejected,69.0,False,False
SP100761,2025-10-02,10-19,Female,Outpatient,Blood,CBC,Night,Nurse,Accepted,Not rejected,38.0,False,False
SP104822,2025-09-11,0-9,Male,Inpatient,Blood,Urea,Afternoon,Nurse,Accepted,Not rejected,62.0,False,False
SP103798,2025-06-17,60+,Male,Emergency,Swab,Throat Culture,Morning,Phlebotomist,Rejected,Insufficient volume,48.0,False,False
SP104734,2025-11-12,10-19,Female,Outpatient,Blood,CBC,Morning,Clinical Officer,Rejected,Clotted specimen,87.0,False,False
SP102601,2025-06-07,60+,Female,Inpatient,Urine,Urinalysis,Afternoon,Clinical Officer,Accepted,Not rejected,104.0,False,False
SP100330,2025-06-29,30-39,Male,Pediatrics,Blood,CBC,Morning,Nurse,Accepted,Not rejected,70.0,False,True
SP103231,2025-05-04,30-39,Female,Inpatient,Swab,Throat Culture,Afternoon,Nurse,Accepted,Not rejected,34.0,False,False
SP102892,2025-04-11,0-9,Male,Pediatrics,Blood,Creatinine,Morning,Laboratory Technologist,Accepted,Not rejected,82.0,False,False
SP102748,2025-05-16,60+,Female,Pediatrics,Swab,Wound Culture,Morning,Laboratory Technologist,Rejected,Delayed transport,64.0,False,True
SP104603,2025-07-12,60+,Female,Outpatient,Swab,Wound Culture,Afternoon,Nurse,Accepted,Not rejected,66.0,False,False
SP101699,2025-07-31,10-19,Male,Outpatient,Blood,CBC,Morning,Nurse,Accepted,Not rejected,58.0,False,False
SP100526,2025-09-20,30-39,Female,Maternity,Urine,Urine Culture,Night,Phlebotomist,Accepted,Not rejected,31.0,False,False
SP103811,2025-09-16,20-29,Male,Outpatient,Sputum,AFB,Morning,Nurse,Accepted,Not rejected,75.0,False,False
SP101148,2025-04-09,10-19,Male,ICU,Blood,Glucose,Afternoon,Clinical Officer,Accepted,Not rejected,77.0,False,False
SP100785,2025-04-07,20-29,Male,Inpatient,Blood,Urea,Night,Phlebotomist,Accepted,Not rejected,75.0,False,False
SP102483,2025-12-20,0-9,Female,Inpatient,CSF,Culture,Morning,Nurse,Accepted,Not rejected,94.0,False,False
SP102988,2025-12-15,20-29,Male,Emergency,Blood,Urea,Morning,Clinical Officer,Accepted,Not rejected,141.0,False,False
SP101877,2025-09-25,30-39,Male,Outpatient,CSF,Culture,Morning,Nurse,Accepted,Not rejected,87.0,False,False
SP104614,2025-05-15,30-39,Male,Pediatrics,CSF,Culture,Morning,Nurse,Accepted,Not rejected,68.0,False,True
SP100545,2025-10-12,20-29,Male,Inpatient,Blood,LFT,Morning,Clinical Officer,Accepted,Not rejected,116.0,False,False
SP103300,2025-09-18,10-19,Female,Inpatient,Blood,LFT,Morning,Clinical Officer,Accepted,Not rejected,46.0,False,False
SP102134,2025-09-23,20-29,Female,Pediatrics,Blood,LFT,Night,Nurse,Accepted,Not rejected,52.0,False,True
SP102165,2025-02-05,60+,Female,Pediatrics,Blood,Urea,Afternoon,Phlebotomist,Accepted,Not rejected,74.0,False,True
SP103051,2025-06-12,20-29,Female,Outpatient,Blood,Glucose,Afternoon,Nurse,Accepted,Not rejected,117.0,False,False
SP101433,2025-04-19,40-49,Male,ICU,Blood,LFT,Morning,Unknown,Accepted,Not rejected,35.0,False,False
SP100805,2025-08-28,0-9,Female,Outpatient,Swab,Wound Culture,Afternoon,Clinical Officer,Accepted,Not rejected,79.0,False,False
SP104395,2025-06-05,0-9,Female,Inpatient,Stool,Culture,Night,Nurse,Accepted,Not rejected,95.0,False,False
SP100639,2025-04-23,40-49,Male,Inpatient,Blood,CBC,Morning,Nurse,Accepted,Not rejected,38.0,False,False
SP103315,2025-06-08,50-59,Female,ICU,Sputum,Gram Stain,Afternoon,Clinical Officer,Rejected,Delayed transport,48.0,False,False
SP103066,2025-03-14,40-49,Female,Pediatrics,Blood,Urea,Night,Nurse,Accepted,Not rejected,65.0,False,True
SP103594,2025-03-16,50-59,Female,Inpatient,Urine,Urine Culture,Afternoon,Phlebotomist,Accepted,Not rejected,85.0,False,False
SP103945,2025-05-30,10-19,Male,Inpatient,CSF,Culture,Afternoon,Nurse,Accepted,Not rejected,74.0,False,False
SP104648,2025-02-15,60+,Female,Emergency,Urine,Urine Culture,Afternoon,Nurse,Accepted,Not rejected,71.0,False,False
SP102401,2025-11-23,0-9,Male,Outpatient,Urine,Urinalysis,Morning,Clinical Officer,Accepted,Not rejected,73.0,False,False
SP102981,2025-04-02,10-19,Male,Outpatient,Swab,Throat Culture,Night,Nurse,Accepted,Not rejected,42.0,False,False
SP101080,2025-05-08,10-19,Female,Inpatient,Blood,CBC,Morning,Nurse,Rejected,Clotted specimen,46.0,False,False
SP104606,2025-07-03,0-9,Male,Inpatient,Swab,Wound Culture,Afternoon,Phlebotomist,Accepted,Not rejected,68.0,False,False
SP101055,2025-03-29,20-29,Female,Emergency,Blood,Creatinine,Afternoon,Nurse,Accepted,Not rejected,39.0,False,False
SP100777,2025-10-25,10-19,Male,ICU,Blood,CBC,Afternoon,Clinical Officer,Rejected,Leaking container,64.0,False,False
SP101780,2025-01-03,0-9,Female,Outpatient,Blood,Glucose,Night,Laboratory Technologist,Accepted,Not rejected,81.0,False,False
SP100820,2025-03-08,0-9,Male,Outpatient,Sputum,Culture,Afternoon,Nurse,Accepted,Not rejected,63.0,False,False
SP101032,2025-12-09,60+,Male,Inpatient,Swab,Throat Culture,Morning,Nurse,Rejected,Leaking container,109.0,False,False
SP104468,2025-01-15,20-29,Male,Inpatient,Sputum,Culture,Night,Nurse,Accepted,Not rejected,47.0,False,False
SP104149,2025-07-18,40-49,Female,Outpatient,Blood,Glucose,Morning,Clinical Officer,Accepted,Not rejected,90.0,False,False
SP101480,2025-11-20,30-39,Female,Maternity,CSF,Culture,Afternoon,Nurse,Accepted,Not rejected,73.0,False,False
SP103532,2025-01-09,50-59,Female,Maternity,Blood,Glucose,Afternoon,Nurse,Accepted,Not rejected,92.0,False,False
SP101129,2025-12-10,20-29,Male,Unknown,Urine,Urinalysis,Morning,Phlebotomist,Accepted,Not rejected,92.0,False,False
SP103513,2025-12-13,20-29,Male,Pediatrics,Swab,Throat Culture,Afternoon,Nurse,Accepted,Not rejected,114.0,False,True
SP103517,2025-05-28,60+,Female,Inpatient,Blood,LFT,Morning,Nurse,Accepted,Not rejected,108.0,False,False
SP101010,2025-08-02,50-59,Female,Outpatient,Blood,Creatinine,Morning,Nurse,Accepted,Not rejected,82.0,False,False
SP103794,2025-12-03,50-59,Male,Outpatient,Swab,Wound Culture,Afternoon,Clinical Officer,Accepted,Not rejected,82.0,False,False
SP103529,2025-04-10,10-19,Female,Outpatient,Stool,Stool O&P,Night,Nurse,Accepted,Not rejected,83.0,False,False
SP102660,2025-02-13,30-39,Female,Outpatient,Blood,Glucose,Night,Nurse,Accepted,Not rejected,87.0,False,False
SP103336,2025-02-09,50-59,Female,Outpatient,Blood,CBC,Morning,Clinical Officer,Accepted,Not rejected,121.0,False,False
SP100940,2025-02-28,40-49,Female,Outpatient,Blood,Urea,Morning,Nurse,Accepted,Not rejected,55.0,False,False
SP104730,2025-06-14,20-29,Male,ICU,Blood,Glucose,Night,Clinical Officer,Accepted,Not rejected,69.0,False,False
SP100814,2025-08-16,30-39,Female,Outpatient,Blood,Creatinine,Night,Phlebotomist,Accepted,Not rejected,75.0,False,False
SP100069,2025-04-09,60+,Female,Outpatient,Blood,Urea,Morning,Phlebotomist,Accepted,Not rejected,55.0,False,False
SP101053,2025-01-02,50-59,Male,Outpatient,Swab,Wound Culture,Afternoon,Clinical Officer,Accepted,Not rejected,86.0,False,False
SP104932,2025-11-05,0-9,Male,Emergency,Blood,Creatinine,Morning,Phlebotomist,Accepted,Not rejected,39.0,False,False
SP100496,2025-09-19,0-9,Male,Outpatient,Blood,Creatinine,Afternoon,Nurse,Accepted,Not rejected,108.0,False,False
SP102374,2025-11-08,10-19,Female,Maternity,Blood,Urea,Afternoon,Clinical Officer,Accepted,Not rejected,87.0,False,False
SP104656,2025-10-15,40-49,Male,Emergency,Swab,Throat Culture,Morning,Nurse,Accepted,Not rejected,34.0,False,False
SP100967,2025-08-23,20-29,Male,ICU,Urine,Urinalysis,Morning,Clinical Officer,Accepted,Not rejected,104.0,False,False
SP103643,2025-12-03,40-49,Female,Emergency,Urine,Urine Culture,Night,Nurse,Accepted,Not rejected,43.0,False,False
SP103698,2025-11-08,10-19,Male,Maternity,Stool,Culture,Afternoon,Nurse,Accepted,Not rejected,58.0,True,False
SP104398,2025-12-29,40-49,Female,Outpatient,Blood,LFT,Afternoon,Nurse,Accepted,Not rejected,86.0,False,False
SP100331,2025-05-26,30-39,Male,Emergency,Blood,Glucose,Afternoon,Phlebotomist,Accepted,Not rejected,58.0,False,False
SP104677,2025-07-27,30-39,Female,Emergency,Blood,Glucose,Afternoon,Nurse,Accepted,Not rejected,76.0,False,False
SP104254,2025-12-28,40-49,Male,Unknown,Blood,CBC,Morning,Nurse,Accepted,Not rejected,87.0,False,False
SP103496,2025-11-03,50-59,Female,ICU,Urine,Urinalysis,Morning,Clinical Officer,Accepted,Not rejected,59.0,False,False
SP101123,2025-03-16,20-29,Male,Emergency,Blood,LFT,Night,Clinical Officer,Accepted,Not rejected,71.0,False,False
SP101511,2025-06-29,20-29,Female,Maternity,Blood,Creatinine,Night,Clinical Officer,Accepted,Not rejected,72.0,False,False
SP103065,2025-11-02,40-49,Female,Outpatient,Blood,Glucose,Afternoon,Nurse,Accepted,Not rejected,106.0,False,False
SP103829,2025-09-21,0-9,Male,Emergency,Blood,CBC,Afternoon,Laboratory Technologist,Accepted,Not rejected,87.0,False,False
SP102310,2025-02-11,30-39,Male,Outpatient,Blood,Creatinine,Night,Nurse,Accepted,Not rejected,82.0,False,False
SP102841,2025-08-13,60+,Male,Outpatient,Blood,Glucose,Morning,Laboratory Technologist,Accepted,Not rejected,82.0,False,False
SP104194,2025-08-01,60+,Male,Outpatient,Urine,Urine Culture,Night,Nurse,Rejected,Clotted specimen,52.0,False,False
SP102948,2025-12-30,20-29,Male,Inpatient,Blood,Urea,Afternoon,Nurse,Accepted,Not rejected,57.0,False,False
SP103906,2025-05-24,40-49,Male,Maternity,Blood,LFT,Morning,Phlebotomist,Accepted,Not rejected,67.0,True,False
SP103788,2025-06-23,20-29,Male,Pediatrics,Urine,Urine Culture,Morning,Clinical Officer,Rejected,Hemolysis,94.0,False,True
SP102269,2025-09-25,0-9,Male,Outpatient,Swab,Throat Culture,Morning,Clinical Officer,Accepted,Not rejected,54.0,False,False
SP104585,2025-08-25,20-29,Female,Inpatient,Blood,LFT,Afternoon,Nurse,Accepted,Not rejected,72.0,False,False
SP102821,2025-06-04,20-29,Male,Emergency,Swab,Throat Culture,Morning,Clinical Officer,Accepted,Not rejected,62.0,False,False
SP103634,2025-02-27,40-49,Male,Pediatrics,Blood,Creatinine,Afternoon,Nurse,Accepted,Not rejected,79.0,False,True
SP102106,2025-07-16,10-19,Male,Pediatrics,Sputum,AFB,Night,Clinical Officer,Rejected,Clotted specimen,56.0,False,False
SP103093,2025-09-30,0-9,Male,Inpatient,Blood,Glucose,Night,Nurse,Accepted,Not rejected,61.0,False,False
SP100560,2025-12-16,0-9,Female,Inpatient,Blood,Glucose,Morning,Clinical Officer,Accepted,Not rejected,82.0,False,False
SP102779,2025-10-28,0-9,Male,Emergency,Blood,Urea,Morning,Nurse,Accepted,Not rejected,26.0,False,False
SP102840,2025-11-02,20-29,Male,Emergency,Blood,LFT,Morning,Nurse,Accepted,Not rejected,98.0,False,False
SP100251,2025-10-23,20-29,Male,Outpatient,Blood,Creatinine,Morning,Phlebotomist,Accepted,Not rejected,68.0,False,False
SP104211,2025-07-03,50-59,Female,Outpatient,CSF,CSF Analysis,Morning,Phlebotomist,Accepted,Not rejected,89.0,False,False
SP100015,2025-06-30,50-59,Male,Emergency,Urine,Urinalysis,Morning,Nurse,Accepted,Not rejected,83.0,False,False
SP100586,2025-05-30,0-9,Female,Inpatient,Blood,Creatinine,Night,Nurse,Accepted,Not rejected,61.0,False,False
SP104069,2025-06-21,10-19,Female,Outpatient,Blood,Creatinine,Afternoon,Nurse,Accepted,Not rejected,25.0,False,False
SP101105,2025-05-15,40-49,Male,Inpatient,Blood,LFT,Night,Phlebotomist,Accepted,Not rejected,105.0,False,False
SP102611,2025-05-22,30-39,Female,ICU,Blood,CBC,Morning,Nurse,Accepted,Not rejected,73.0,False,False
SP101583,2025-06-06,30-39,Female,Inpatient,Blood,LFT,Morning,Clinical Officer,Accepted,Not rejected,105.0,False,False
SP103156,2025-04-09,0-9,Female,Maternity,Sputum,Culture,Morning,Phlebotomist,Accepted,Not rejected,86.0,False,False
SP101178,2025-02-09,50-59,Male,Emergency,Swab,Throat Culture,Morning,Nurse,Accepted,Not rejected,30.0,False,False
SP102682,2025-11-15,10-19,Female,ICU,Blood,Creatinine,Night,Phlebotomist,Accepted,Not rejected,41.0,False,False
SP100141,2025-09-03,0-9,Male,Pediatrics,Sputum,Gram Stain,Morning,Phlebotomist,Rejected,Wrong container,47.0,False,False
SP100702,2025-07-12,10-19,Female,Maternity,Swab,Wound Culture,Morning,Clinical Officer,Rejected,Wrong container,74.0,False,False
SP103247,2025-06-29,40-49,Female,Inpatient,Blood,Creatinine,Night,Phlebotomist,Accepted,Not rejected,80.0,False,False
SP100064,2025-06-01,10-19,Female,Outpatient,Blood,CBC,Morning,Clinical Officer,Accepted,Not rejected,37.0,False,False
SP104719,2025-10-25,10-19,Male,Emergency,Blood,Creatinine,Night,Nurse,Accepted,Not rejected,87.0,False,False
SP100179,2025-11-30,10-19,Female,Outpatient,Blood,Glucose,Morning,Nurse,Accepted,Not rejected,74.0,False,False
SP102974,2025-08-28,20-29,Female,Outpatient,Stool,Stool O&P,Afternoon,Clinical Officer,Accepted,Not rejected,70.0,False,False
SP101477,2025-11-23,0-9,Female,Emergency,Sputum,AFB,Night,Nurse,Accepted,Not rejected,96.0,False,False
SP101510,2025-07-19,50-59,Male,Emergency,Blood,Urea,Night,Nurse,Accepted,Not rejected,62.0,False,False
SP101048,2025-04-08,0-9,Female,ICU,Urine,Urine Culture,Morning,Clinical Officer,Accepted,Not rejected,79.0,False,False
SP103328,2025-10-31,0-9,Female,Inpatient,Blood,LFT,Morning,Nurse,Accepted,Not rejected,84.0,False,False
SP104713,2025-02-16,50-59,Female,Outpatient,Swab,Throat Culture,Afternoon,Phlebotomist,Accepted,Not rejected,67.0,False,False
SP104545,2025-03-15,30-39,Female,Pediatrics,Blood,LFT,Afternoon,Clinical Officer,Accepted,Not rejected,83.0,False,True
SP102415,2025-12-30,60+,Female,Inpatient,Sputum,Culture,Morning,Phlebotomist,Rejected,Mislabeling,38.0,False,False
SP102260,2025-01-06,50-59,Male,Inpatient,Swab,Throat Culture,Afternoon,Nurse,Accepted,Not rejected,63.0,False,False
SP104385,2025-12-19,10-19,Female,Emergency,Urine,Urine Culture,Afternoon,Nurse,Accepted,Not rejected,135.0,False,False
SP104288,2025-11-28,40-49,Female,Outpatient,Sputum,AFB,Morning,Nurse,Accepted,Not rejected,49.0,False,False
SP103541,2025-08-09,40-49,Male,Inpatient,Blood,LFT,Afternoon,Phlebotomist,Accepted,Not rejected,115.0,False,False
SP104640,2025-01-03,20-29,Male,Outpatient,Blood,Urea,Night,Clinical Officer,Accepted,Not rejected,115.0,False,False
SP103408,2025-08-14,10-19,Female,Outpatient,Blood,CBC,Morning,Laboratory Technologist,Accepted,Not rejected,63.0,False,False
SP101914,2025-10-16,0-9,Male,Inpatient,Urine,Urinalysis,Night,Clinical Officer,Accepted,Not rejected,91.0,False,False
SP104570,2025-06-06,60+,Female,Emergency,Urine,Urinalysis,Morning,Laboratory Technologist,Rejected,Clotted specimen,73.0,False,False
SP102284,2025-09-09,10-19,Male,Maternity,Sputum,AFB,Morning,Laboratory Technologist,Accepted,Not rejected,65.0,True,False
SP103738,2025-01-31,50-59,Male,Maternity,Swab,Throat Culture,Afternoon,Phlebotomist,Accepted,Not rejected,98.0,True,False
SP104103,2025-01-21,0-9,Male,Pediatrics,Urine,Urinalysis,Morning,Nurse,Accepted,Not rejected,105.0,False,False
SP102933,2025-09-01,20-29,Female,Emergency,Urine,Urine Culture,Night,Clinical Officer,Accepted,Not rejected,84.0,False,False
SP100339,2025-12-28,30-39,Male,Outpatient,Blood,Urea,Afternoon,Nurse,Accepted,Not rejected,87.0,False,False
SP102770,2025-08-02,10-19,Male,ICU,CSF,Culture,Night,Clinical Officer,Accepted,Not rejected,87.0,False,False
SP103767,2025-12-14,60+,Male,Maternity,Swab,Throat Culture,Night,Laboratory Technologist,Accepted,Not rejected,125.0,True,False
SP104613,2025-04-28,0-9,Female,Outpatient,Urine,Urinalysis,Night,Laboratory Technologist,Accepted,Not rejected,93.0,False,False
SP100402,2025-04-13,20-29,Male,Emergency,Swab,Wound Culture,Night,Nurse,Accepted,Not rejected,92.0,False,False
SP103784,2025-10-19,10-19,Female,Outpatient,Urine,Urine Culture,Night,Clinical Officer,Accepted,Not rejected,71.0,False,False
SP101620,2025-08-04,60+,Female,Inpatient,Urine,Urinalysis,Afternoon,Nurse,Accepted,Not rejected,93.0,False,False
SP101674,2025-02-04,30-39,Male,Emergency,Blood,Urea,Morning,Nurse,Accepted,Not rejected,55.0,False,False
SP100143,2025-03-24,20-29,Male,Outpatient,Swab,Wound Culture,Night,Nurse,Rejected,Insufficient volume,86.0,False,False
SP100559,2025-08-04,20-29,Female,ICU,Blood,Urea,Morning,Phlebotomist,Accepted,Not rejected,32.0,False,False
SP104737,2025-01-25,20-29,Female,Outpatient,Blood,Creatinine,Night,Nurse,Accepted,Not rejected,75.0,False,False
SP101687,2025-03-23,60+,Male,Emergency,Blood,Glucose,Afternoon,Nurse,Accepted,Not rejected,86.0,False,False
SP103171,2025-09-11,50-59,Female,ICU,Blood,Creatinine,Afternoon,Laboratory Technologist,Accepted,Not rejected,119.0,False,False
SP103846,2025-12-31,60+,Male,Emergency,Urine,Urine Culture,Afternoon,Clinical Officer,Accepted,Not rejected,152.0,False,False
SP100059,2025-11-03,0-9,Male,Inpatient,Blood,Creatinine,Morning,Phlebotomist,Accepted,Not rejected,54.0,False,False
SP103397,2025-08-31,60+,Female,Outpatient,Blood,Urea,Night,Phlebotomist,Accepted,Not rejected,126.0,False,False
SP100878,2025-10-18,10-19,Female,Outpatient,Swab,Wound Culture,Night,Clinical Officer,Accepted,Not rejected,75.0,False,False
SP104107,2025-09-10,10-19,Female,Inpatient,Urine,Urinalysis,Night,Nurse,Accepted,Not rejected,54.0,False,False
SP102586,2025-01-06,60+,Male,Outpatient,Blood,Creatinine,Morning,Nurse,Accepted,Not rejected,47.0,False,False
SP102591,2025-03-11,0-9,Female,Outpatient,Sputum,Culture,Morning,Clinical Officer,Accepted,Not rejected,87.0,False,False
SP103916,2025-03-31,30-39,Female,Outpatient,Blood,Urea,Night,Nurse,Accepted,Not rejected,135.0,False,False
SP102122,2025-01-24,10-19,Female,Inpatient,Blood,Creatinine,Afternoon,Phlebotomist,Accepted,Not rejected,68.0,False,False
SP101572,2025-04-23,20-29,Female,Outpatient,Swab,Throat Culture,Night,Nurse,Accepted,Not rejected,104.0,False,False
SP101110,2025-04-18,30-39,Male,Outpatient,Sputum,AFB,Afternoon,Phlebotomist,Accepted,Not rejected,36.0,False,False
SP103260,2025-05-28,0-9,Female,Outpatient,Blood,CBC,Night,Clinical Officer,Accepted,Not rejected,64.0,False,False
SP103456,2025-06-19,20-29,Female,Emergency,Blood,Urea,Morning,Phlebotomist,Accepted,Not rejected,63.0,False,False
SP104273,2025-07-04,20-29,Female,Outpatient,Sputum,Culture,Morning,Laboratory Technologist,Accepted,Not rejected,72.0,False,False
SP104749,2025-10-13,50-59,Male,Emergency,Urine,Urinalysis,Afternoon,Unknown,Accepted,Not rejected,71.0,False,False
SP101146,2025-07-24,Unknown,Female,Inpatient,Blood,LFT,Afternoon,Clinical Officer,Accepted,Not rejected,92.0,False,False
SP104835,2025-08-05,20-29,Male,Emergency,Blood,LFT,Morning,Clinical Officer,Accepted,Not rejected,109.0,False,False
SP101437,2025-04-27,60+,Female,Maternity,Swab,Wound Culture,Morning,Nurse,Accepted,Not rejected,119.0,False,False
SP101318,2025-10-15,30-39,Female,Outpatient,Sputum,Gram Stain,Morning,Clinical Officer,Accepted,Not rejected,58.0,False,False
SP100604,2025-07-09,10-19,Female,Inpatient,Urine,Urine Culture,Morning,Clinical Officer,Accepted,Not rejected,50.0,False,False
SP100489,2025-08-11,50-59,Male,Outpatient,Urine,Urinalysis,Morning,Nurse,Accepted,Not rejected,77.0,False,False
SP100764,2025-11-06,0-9,Female,Pediatrics,Blood,Glucose,Afternoon,Phlebotomist,Accepted,Not rejected,70.0,False,False
SP101425,2025-03-04,50-59,Male,ICU,Blood,LFT,Morning,Nurse,Accepted,Not rejected,53.0,False,False
SP101281,2025-06-22,10-19,Male,Inpatient,Blood,LFT,Night,Nurse,Accepted,Not rejected,76.0,False,False
SP103785,2025-07-15,50-59,Male,Pediatrics,CSF,Culture,Morning,Laboratory Technologist,Accepted,Not rejected,52.0,False,True
SP101306,2025-09-19,50-59,Male,Inpatient,Blood,Glucose,Afternoon,Nurse,Accepted,Not rejected,95.0,False,False
SP103352,2025-12-29,50-59,Female,Inpatient,Urine,Urinalysis,Night,Phlebotomist,Accepted,Not rejected,44.0,False,False
SP103986,2025-02-09,60+,Female,Pediatrics,Urine,Urine Culture,Afternoon,Phlebotomist,Accepted,Not rejected,119.0,False,True
SP104176,2025-01-26,10-19,Female,ICU,Blood,Creatinine,Afternoon,Clinical Officer,Accepted,Not rejected,36.0,False,False
SP103293,2025-04-14,30-39,Male,Pediatrics,Stool,Stool O&P,Afternoon,Laboratory Technologist,Accepted,Not rejected,86.0,False,True
SP100472,2025-04-04,10-19,Male,Outpatient,Blood,Creatinine,Morning,Nurse,Accepted,Not rejected,92.0,False,False
SP104890,2025-08-30,20-29,Female,Maternity,Urine,Urinalysis,Night,Nurse,Accepted,Not rejected,76.0,False,False
SP101415,2025-03-29,20-29,Male,Outpatient,Urine,Urine Culture,Morning,Nurse,Accepted,Not rejected,84.0,False,False
SP104324,2025-01-27,40-49,Male,ICU,Blood,Urea,Afternoon,Clinical Officer,Accepted,Not rejected,31.0,False,False
SP103695,2025-09-03,10-19,Female,Emergency,Blood,Glucose,Morning,Nurse,Accepted,Not rejected,81.0,False,False
SP100941,2025-05-16,20-29,Male,Outpatient,Blood,CBC,Night,Phlebotomist,Accepted,Not rejected,27.0,False,False
SP102830,2025-09-08,30-39,Female,Maternity,Blood,Urea,Afternoon,Nurse,Accepted,Not rejected,85.0,False,False
SP104639,2025-10-23,20-29,Female,Emergency,Urine,Urine Culture,Afternoon,Phlebotomist,Accepted,Not rejected,51.0,False,False
SP104349,2025-09-28,40-49,Male,Inpatient,Sputum,Gram Stain,Afternoon,Nurse,Accepted,Not rejected,65.0,False,False
SP101394,2025-12-08,50-59,Male,Maternity,Blood,Creatinine,Morning,Phlebotomist,Accepted,Not rejected,49.0,True,False
SP103908,2025-06-25,40-49,Male,Inpatient,Urine,Urine Culture,Night,Phlebotomist,Accepted,Not rejected,47.0,False,False
SP100763,2025-07-06,50-59,Female,ICU,Stool,Stool O&P,Morning,Nurse,Accepted,Not rejected,92.0,False,False
SP100765,2025-10-14,40-49,Female,Inpatient,Urine,Urine Culture,Morning,Clinical Officer,Accepted,Not rejected,77.0,False,False
SP104920,2025-06-05,40-49,Female,Pediatrics,Stool,Culture,Morning,Nurse,Rejected,Mislabeling,69.0,False,True
SP100593,2025-11-13,20-29,Female,Pediatrics,Blood,LFT,Night,Phlebotomist,Accepted,Not rejected,10.0,False,True
SP103903,2025-05-03,40-49,Female,Outpatient,Sputum,Culture,Night,Nurse,Accepted,Not rejected,111.0,False,False
SP102485,2025-11-23,20-29,Female,Outpatient,Swab,Wound Culture,Night,Nurse,Accepted,Not rejected,35.0,False,False
SP102153,2025-07-15,40-49,Male,Emergency,Urine,Urinalysis,Night,Laboratory Technologist,Accepted,Not rejected,57.0,False,False
SP101913,2025-03-15,60+,Female,Maternity,Urine,Urinalysis,Morning,Nurse,Accepted,Not rejected,79.0,False,False
SP102800,2025-01-11,10-19,Male,Inpatient,Urine,Urinalysis,Afternoon,Nurse,Accepted,Not rejected,70.0,False,False
SP102822,2025-12-19,20-29,Male,Maternity,Urine,Urine Culture,Night,Phlebotomist,Accepted,Not rejected,118.0,True,False
SP103970,2025-03-18,60+,Female,Maternity,Stool,Stool O&P,Night,Clinical Officer,Rejected,Delayed transport,51.0,False,False
SP103405,2025-09-23,0-9,Male,Emergency,Urine,Urinalysis,Afternoon,Nurse,Accepted,Not rejected,73.0,False,False
SP103135,2025-10-16,40-49,Male,Outpatient,Stool,Culture,Night,Phlebotomist,Accepted,Not rejected,37.0,False,False
SP100024,2025-11-16,20-29,Female,Maternity,Blood,Creatinine,Morning,Nurse,Accepted,Not rejected,52.0,False,False
SP104931,2025-02-18,60+,Female,Emergency,Blood,Glucose,Afternoon,Phlebotomist,Accepted,Not rejected,79.0,False,False
SP100163,2025-03-29,40-49,Male,Outpatient,Blood,CBC,Afternoon,Phlebotomist,Accepted,Not rejected,20.0,False,False
SP100634,2025-12-13,10-19,Male,ICU,Urine,Urine Culture,Night,Nurse,Accepted,Not rejected,66.0,False,False
SP103955,2025-12-17,50-59,Female,Inpatient,Urine,Urinalysis,Afternoon,Clinical Officer,Accepted,Not rejected,103.0,False,False
SP100364,2025-12-27,60+,Female,Inpatient,Urine,Urinalysis,Morning,Nurse,Rejected,Clotted specimen,41.0,False,False
SP100354,2025-09-30,60+,Male,ICU,Blood,CBC,Night,Clinical Officer,Accepted,Not rejected,89.0,False,False
SP102447,2025-05-05,50-59,Female,Emergency,Swab,Throat Culture,Afternoon,Clinical Officer,Accepted,Not rejected,74.0,False,False
SP102209,2025-11-18,60+,Female,Inpatient,Swab,Throat Culture,Morning,Clinical Officer,Accepted,Not rejected,144.0,False,False
SP101488,2025-10-27,60+,Male,Outpatient,Blood,Glucose,Night,Nurse,Accepted,Not rejected,81.0,False,False
SP104439,2025-08-26,60+,Female,Inpatient,Blood,CBC,Afternoon,Nurse,Accepted,Not rejected,73.0,False,False
SP100197,2025-12-13,60+,Male,Emergency,Blood,CBC,Morning,Nurse,Rejected,Mislabeling,65.0,False,False
SP104627,2025-08-14,60+,Male,Inpatient,Blood,Glucose,Afternoon,Clinical Officer,Accepted,Not rejected,104.0,False,False
SP102807,2025-07-12,60+,Male,Pediatrics,Urine,Urinalysis,Afternoon,Nurse,Accepted,Not rejected,86.0,False,True
SP101775,2025-03-07,60+,Female,Outpatient,Urine,Urinalysis,Night,Nurse,Rejected,Mislabeling,67.0,False,False
SP104410,2025-03-24,Unknown,Male,Outpatient,Swab,Throat Culture,Afternoon,Nurse,Accepted,Not rejected,32.0,False,False
SP104332,2025-04-30,10-19,Male,ICU,Urine,Urine Culture,Night,Clinical Officer,Accepted,Not rejected,47.0,False,False
SP103569,2025-07-15,0-9,Male,Inpatient,Sputum,Gram Stain,Morning,Clinical Officer,Accepted,Not rejected,35.0,False,False
SP100922,2025-02-05,50-59,Male,ICU,Urine,Urinalysis,Morning,Nurse,Accepted,Not rejected,57.0,False,False
SP104073,2025-11-24,10-19,Male,Emergency,Urine,Urinalysis,Afternoon,Nurse,Accepted,Not rejected,105.0,False,False
SP100095,2025-02-10,50-59,Male,Pediatrics,Blood,CBC,Morning,Nurse,Accepted,Not rejected,,False,True
SP102233,2025-10-06,40-49,Male,Pediatrics,Sputum,AFB,Morning,Nurse,Accepted,Not rejected,98.0,False,True
SP104668,2025-10-05,30-39,Male,ICU,Urine,Urinalysis,Night,Nurse,Accepted,Not rejected,110.0,False,False
SP103430,2025-08-28,50-59,Female,Pediatrics,Blood,Creatinine,Morning,Nurse,Accepted,Not rejected,116.0,False,True
SP101356,2025-02-07,50-59,Female,Inpatient,Urine,Urine Culture,Morning,Clinical Officer,Accepted,Not rejected,92.0,False,False
SP102865,2025-12-10,20-29,Female,Inpatient,Sputum,Culture,Morning,Laboratory Technologist,Accepted,Not rejected,103.0,False,False
SP104705,2025-06-20,30-39,Female,Emergency,Stool,Stool O&P,Night,Nurse,Accepted,Not rejected,84.0,False,False
SP103926,2025-08-13,10-19,Male,Outpatient,Blood,LFT,Night,Clinical Officer,Accepted,Not rejected,50.0,False,False
SP102387,2025-07-04,50-59,Female,Inpatient,Blood,Glucose,Morning,Phlebotomist,Accepted,Not rejected,75.0,False,False
SP100030,2025-02-13,50-59,Female,Outpatient,Stool,Culture,Afternoon,Phlebotomist,Accepted,Not rejected,61.0,False,False
SP102353,2025-02-14,30-39,Female,Emergency,Blood,Creatinine,Morning,Nurse,Accepted,Not rejected,81.0,False,False
SP104085,2025-02-25,60+,Female,Maternity,Sputum,Gram Stain,Night,Nurse,Accepted,Not rejected,46.0,False,False
SP102791,2025-02-28,60+,Male,Emergency,Blood,Creatinine,Afternoon,Nurse,Accepted,Not rejected,67.0,False,False
SP100257,2025-07-13,60+,Male,Inpatient,CSF,CSF Analysis,Morning,Clinical Officer,Accepted,Not rejected,62.0,False,False
SP102169,2025-09-22,20-29,Female,Outpatient,Urine,Urine Culture,Afternoon,Clinical Officer,Accepted,Not rejected,82.0,False,False
SP102947,2025-01-05,30-39,Male,Outpatient,Blood,Urea,Morning,Nurse,Accepted,Not rejected,81.0,False,False
SP101852,2025-04-20,40-49,Male,Inpatient,Sputum,Gram Stain,Night,Phlebotomist,Accepted,Not rejected,101.0,False,False
SP104732,2025-06-18,30-39,Male,Outpatient,Blood,Glucose,Morning,Clinical Officer,Accepted,Not rejected,70.0,False,False
SP103749,2025-01-06,50-59,Male,Pediatrics,Swab,Throat Culture,Afternoon,Nurse,Accepted,Not rejected,86.0,False,True
SP104047,2025-01-25,60+,Female,ICU,Swab,Throat Culture,Morning,Nurse,Accepted,Not rejected,65.0,False,False
SP100440,2025-11-12,10-19,Female,Inpatient,Urine,Urinalysis,Night,Nurse,Accepted,Not rejected,36.0,False,False
SP104316,2025-04-09,50-59,Male,Inpatient,Blood,Glucose,Night,Nurse,Rejected,Mislabeling,65.0,False,False
SP100973,2025-01-17,10-19,Male,Emergency,Blood,Urea,Morning,Nurse,Accepted,Not rejected,55.0,False,False
SP100999,2025-07-30,0-9,Female,Pediatrics,Sputum,AFB,Afternoon,Laboratory Technologist,Accepted,Not rejected,44.0,False,False
SP101250,2025-01-24,50-59,Male,Outpatient,Urine,Urine Culture,Afternoon,Clinical Officer,Accepted,Not rejected,74.0,False,False
SP100327,2025-09-19,20-29,Male,Inpatient,Urine,Urine Culture,Morning,Clinical Officer,Accepted,Not rejected,83.0,False,False
SP102744,2025-08-30,10-19,Male,Pediatrics,Blood,Glucose,Morning,Clinical Officer,Accepted,Not rejected,111.0,False,False
SP100389,2025-04-21,0-9,Male,Pediatrics,Sputum,AFB,Morning,Clinical Officer,Accepted,Not rejected,126.0,False,False
SP101099,2025-05-27,10-19,Female,Pediatrics,Swab,Wound Culture,Morning,Nurse,Accepted,Not rejected,46.0,False,False
SP100226,2025-07-08,40-49,Female,Inpatient,Swab,Throat Culture,Afternoon,Phlebotomist,Rejected,Wrong container,14.0,False,False
SP104207,2025-06-14,60+,Female,Inpatient,Blood,LFT,Morning,Clinical Officer,Accepted,Not rejected,40.0,False,False
SP101867,2025-07-10,60+,Male,Inpatient,Blood,LFT,Afternoon,Laboratory Technologist,Accepted,Not rejected,69.0,False,False
SP101694,2025-12-20,20-29,Male,Pediatrics,Blood,CBC,Afternoon,Phlebotomist,Accepted,Not rejected,90.0,False,True
SP101109,2025-01-26,0-9,Male,Inpatient,Blood,Glucose,Night,Nurse,Accepted,Not rejected,68.0,False,False
SP100203,2025-06-01,60+,Female,Inpatient,Blood,Creatinine,Night,Nurse,Accepted,Not rejected,103.0,False,False
SP102904,2025-02-06,0-9,Male,Outpatient,Swab,Throat Culture,Morning,Nurse,Accepted,Not rejected,53.0,False,False
SP100613,2025-10-13,0-9,Female,Pediatrics,Urine,Urinalysis,Afternoon,Clinical Officer,Accepted,Not rejected,107.0,False,False
SP103246,2025-04-07,60+,Male,Inpatient,Sputum,Culture,Morning,Clinical Officer,Accepted,Not rejected,32.0,False,False
SP104152,2025-02-01,30-39,Male,Outpatient,Blood,CBC,Morning,Phlebotomist,Accepted,Not rejected,88.0,False,False
SP101590,2025-08-27,10-19,Female,Pediatrics,Blood,Urea,Night,Nurse,Accepted,Not rejected,61.0,False,False
SP104961,2025-10-03,30-39,Male,Outpatient,Blood,CBC,Night,Phlebotomist,Accepted,Not rejected,100.0,False,False
SP103134,2025-01-21,60+,Female,Emergency,Sputum,AFB,Night,Nurse,Accepted,Not rejected,110.0,False,False
SP101475,2025-01-13,30-39,Female,Inpatient,Blood,LFT,Morning,Phlebotomist,Accepted,Not rejected,36.0,False,False
SP102962,2025-07-05,50-59,Female,Outpatient,Urine,Urinalysis,Afternoon,Phlebotomist,Accepted,Not rejected,77.0,False,False
SP104384,2025-05-20,50-59,Female,Emergency,Urine,Urine Culture,Morning,Nurse,Accepted,Not rejected,63.0,False,False
SP104473,2025-10-11,30-39,Male,Outpatient,CSF,Culture,Afternoon,Clinical Officer,Accepted,Not rejected,69.0,False,False
SP102343,2025-12-28,40-49,Female,Pediatrics,Blood,LFT,Morning,Clinical Officer,Accepted,Not rejected,55.0,False,True
SP102539,2025-12-03,20-29,Female,Inpatient,Blood,LFT,Night,Laboratory Technologist,Accepted,Not rejected,54.0,False,False
SP103701,2025-04-09,30-39,Male,Inpatient,Blood,Urea,Morning,Nurse,Accepted,Not rejected,37.0,False,False
SP101004,2025-03-24,0-9,Male,Pediatrics,Blood,CBC,Morning,Clinical Officer,Accepted,Not rejected,56.0,False,False
SP101507,2025-08-21,50-59,Male,Emergency,Blood,LFT,Morning,Laboratory Technologist,Accepted,Not rejected,116.0,False,False
SP104557,2025-02-11,0-9,Male,Emergency,Blood,CBC,Morning,Nurse,Accepted,Not rejected,85.0,False,False
SP101551,2025-09-15,20-29,Male,Outpatient,Blood,Creatinine,Night,Phlebotomist,Accepted,Not rejected,61.0,False,False
SP103467,2025-11-22,10-19,Female,Outpatient,Blood,Glucose,Morning,Laboratory Technologist,Accepted,Not rejected,43.0,False,False
SP104457,2025-06-06,40-49,Male,Maternity,Swab,Throat Culture,Morning,Laboratory Technologist,Accepted,Not rejected,46.0,True,False
SP101045,2025-07-31,50-59,Female,Pediatrics,Urine,Urine Culture,Morning,Phlebotomist,Accepted,Not rejected,41.0,False,True
SP104310,2025-10-30,0-9,Female,Inpatient,Urine,Urine Culture,Afternoon,Nurse,Accepted,Not rejected,71.0,False,False
SP101334,2025-12-06,50-59,Male,Emergency,Blood,Creatinine,Afternoon,Clinical Officer,Accepted,Not rejected,87.0,False,False
SP104293,2025-11-22,50-59,Female,Outpatient,Sputum,AFB,Morning,Clinical Officer,Accepted,Not rejected,41.0,False,False
SP100017,2025-06-29,10-19,Male,Inpatient,Swab,Throat Culture,Afternoon,Nurse,Accepted,Not rejected,50.0,False,False
SP102198,2025-01-03,0-9,Male,Inpatient,Sputum,AFB,Morning,Clinical Officer,Accepted,Not rejected,120.0,False,False
SP100372,2025-08-28,30-39,Male,Outpatient,Swab,Wound Culture,Night,Phlebotomist,Rejected,Leaking container,64.0,False,False
SP100543,2025-06-22,20-29,Male,Outpatient,Swab,Wound Culture,Afternoon,Nurse,Accepted,Not rejected,94.0,False,False
SP103687,2025-05-26,30-39,Male,Outpatient,Swab,Throat Culture,Morning,Laboratory Technologist,Accepted,Not rejected,67.0,False,False
SP101513,2025-06-29,10-19,Female,Outpatient,Blood,LFT,Afternoon,Clinical Officer,Accepted,Not rejected,76.0,False,False
SP101915,2025-07-04,30-39,Male,Maternity,Swab,Wound Culture,Morning,Nurse,Accepted,Not rejected,106.0,True,False
SP102549,2025-08-01,60+,Female,Pediatrics,Urine,Urinalysis,Night,Nurse,Accepted,Not rejected,62.0,False,True
SP102640,2025-08-08,20-29,Male,ICU,Blood,Urea,Morning,Nurse,Accepted,Not rejected,49.0,False,False
SP100474,2025-09-21,10-19,Male,Pediatrics,Sputum,Gram Stain,Afternoon,Phlebotomist,Rejected,Insufficient volume,58.0,False,False
SP102413,2025-02-07,10-19,Male,Outpatient,Blood,Glucose,Night,Phlebotomist,Accepted,Not rejected,95.0,False,False
SP104050,2025-11-18,50-59,Female,Inpatient,Sputum,Gram Stain,Morning,Nurse,Accepted,Not rejected,19.0,False,False
SP101619,2025-04-13,Unknown,Male,Outpatient,Blood,Creatinine,Night,Nurse,Accepted,Not rejected,60.0,False,False
SP103067,2025-01-03,50-59,Female,Inpatient,Blood,CBC,Morning,Phlebotomist,Accepted,Not rejected,64.0,False,False
SP101611,2025-06-23,50-59,Male,Pediatrics,Sputum,Culture,Morning,Phlebotomist,Accepted,Not rejected,70.0,False,True
SP102168,2025-08-10,50-59,Male,Emergency,Urine,Urinalysis,Morning,Nurse,Accepted,Not rejected,84.0,False,False
SP104610,2025-09-18,60+,Female,ICU,Blood,Urea,Morning,Clinical Officer,Accepted,Not rejected,61.0,False,False
SP100591,2025-09-16,50-59,Male,Outpatient,Urine,Urine Culture,Afternoon,Phlebotomist,Accepted,Not rejected,78.0,False,False
SP101744,2025-07-28,0-9,Male,Inpatient,Urine,Urinalysis,Morning,Nurse,Accepted,Not rejected,75.0,False,False
SP104974,2025-01-13,20-29,Female,Pediatrics,Urine,Urinalysis,Afternoon,Clinical Officer,Accepted,Not rejected,65.0,False,True
SP100299,2025-07-16,30-39,Male,Pediatrics,Blood,CBC,Afternoon,Laboratory Technologist,Accepted,Not rejected,112.0,False,True
SP104708,2025-02-12,10-19,Male,Pediatrics,Blood,Glucose,Afternoon,Nurse,Accepted,Not rejected,87.0,False,False
SP102298,2025-04-22,0-9,Male,Pediatrics,Swab,Wound Culture,Morning,Clinical Officer,Rejected,Clotted specimen,86.0,False,False
SP104096,2025-05-25,40-49,Male,Pediatrics,Urine,Urine Culture,Morning,Nurse,Accepted,Not rejected,56.0,False,True
SP102402,2025-06-26,30-39,Male,Pediatrics,Urine,Urine Culture,Afternoon,Clinical Officer,Accepted,Not rejected,81.0,False,True
SP100483,2025-08-15,50-59,Female,Emergency,Blood,LFT,Afternoon,Phlebotomist,Accepted,Not rejected,78.0,False,False
SP101427,2025-04-22,60+,Female,Inpatient,Swab,Throat Culture,Afternoon,Nurse,Accepted,Not rejected,21.0,False,False
SP100238,2025-09-28,40-49,Female,Emergency,Sputum,AFB,Night,Phlebotomist,Accepted,Not rejected,110.0,False,False
SP100202,2025-02-19,20-29,Female,Outpatient,Blood,LFT,Morning,Phlebotomist,Accepted,Not rejected,56.0,False,False
SP102316,2025-12-26,60+,Female,Emergency,Blood,Creatinine,Morning,Clinical Officer,Accepted,Not rejected,57.0,False,False
SP101964,2025-01-11,60+,Female,Maternity,Blood,CBC,Morning,Laboratory Technologist,Accepted,Not rejected,72.0,False,False
SP102202,2025-05-26,20-29,Male,Inpatient,Stool,Stool O&P,Night,Nurse,Accepted,Not rejected,75.0,False,False
SP101667,2025-05-26,10-19,Male,Inpatient,Blood,Glucose,Morning,Clinical Officer,Accepted,Not rejected,84.0,False,False
SP102790,2025-05-28,10-19,Female,ICU,Stool,Stool O&P,Afternoon,Nurse,Accepted,Not rejected,87.0,False,False
SP103342,2025-08-29,50-59,Male,Outpatient,Swab,Wound Culture,Afternoon,Nurse,Accepted,Not rejected,116.0,False,False
SP102162,2025-05-10,20-29,Female,Outpatient,Blood,Glucose,Morning,Nurse,Accepted,Not rejected,12.0,False,False
SP102258,2025-03-16,30-39,Female,Outpatient,Swab,Throat Culture,Morning,Nurse,Accepted,Not rejected,76.0,False,False
SP104995,2025-03-04,0-9,Female,Inpatient,Urine,Urinalysis,Night,Phlebotomist,Rejected,Leaking container,39.0,False,False
SP102956,2025-01-14,50-59,Male,Pediatrics,Urine,Urine Culture,Morning,Phlebotomist,Accepted,Not rejected,88.0,False,True
SP100869,2025-08-04,60+,Female,Maternity,Urine,Urine Culture,Morning,Nurse,Accepted,Not rejected,109.0,False,False
SP101374,2025-11-19,30-39,Female,ICU,Blood,CBC,Afternoon,Clinical Officer,Accepted,Not rejected,,False,False
SP100935,2025-04-03,60+,Male,Maternity,Urine,Urine Culture,Morning,Nurse,Accepted,Not rejected,65.0,True,False
SP102347,2025-11-15,0-9,Male,Pediatrics,Blood,Glucose,Afternoon,Clinical Officer,Accepted,Not rejected,51.0,False,False
SP103223,2025-08-24,60+,Female,Outpatient,Urine,Urinalysis,Afternoon,Nurse,Accepted,Not rejected,63.0,False,False
SP104573,2025-02-11,30-39,Female,Outpatient,CSF,Culture,Afternoon,Clinical Officer,Accepted,Not rejected,79.0,False,False
SP101546,2025-04-12,50-59,Female,Outpatient,Blood,Creatinine,Morning,Clinical Officer,Accepted,Not rejected,44.0,False,False
SP101118,2025-12-22,0-9,Male,Inpatient,Blood,Glucose,Afternoon,Laboratory Technologist,Accepted,Not rejected,56.0,False,False
SP104451,2025-12-03,10-19,Female,ICU,Urine,Urine Culture,Afternoon,Nurse,Accepted,Not rejected,46.0,False,False
SP104970,2025-09-29,20-29,Female,Pediatrics,Blood,CBC,Morning,Clinical Officer,Accepted,Not rejected,79.0,False,True
SP102720,2025-12-24,50-59,Female,Inpatient,Urine,Urine Culture,Afternoon,Nurse,Accepted,Not rejected,36.0,False,False
SP101525,2025-01-15,30-39,Female,Emergency,Blood,LFT,Afternoon,Clinical Officer,Accepted,Not rejected,71.0,False,False
SP102307,2025-09-19,60+,Female,Emergency,Blood,Urea,Afternoon,Nurse,Accepted,Not rejected,35.0,False,False
SP101920,2025-10-20,0-9,Male,Pediatrics,Urine,Urine Culture,Afternoon,Phlebotomist,Accepted,Not rejected,93.0,False,False
SP101717,2025-12-15,30-39,Female,Emergency,Blood,Creatinine,Afternoon,Phlebotomist,Accepted,Not rejected,70.0,False,False
SP102936,2025-12-20,0-9,Female,Inpatient,Urine,Urine Culture,Afternoon,Nurse,Accepted,Not rejected,92.0,False,False
SP103834,2025-04-09,60+,Male,ICU,Urine,Urine Culture,Morning,Clinical Officer,Accepted,Not rejected,129.0,False,False
SP100630,2025-07-09,20-29,Male,Outpatient,Sputum,AFB,Afternoon,Nurse,Accepted,Not rejected,58.0,False,False
SP101060,2025-07-21,60+,Female,Pediatrics,Blood,LFT,Morning,Phlebotomist,Accepted,Not rejected,98.0,False,True
SP104918,2025-07-02,50-59,Female,Pediatrics,Urine,Urine Culture,Morning,Phlebotomist,Accepted,Not rejected,103.0,False,True
SP101025,2025-12-19,60+,Female,Outpatient,Blood,Urea,Night,Laboratory Technologist,Accepted,Not rejected,109.0,False,False
SP103022,2025-12-23,50-59,Male,Outpatient,Blood,Urea,Afternoon,Nurse,Accepted,Not rejected,89.0,False,False
SP101024,2025-04-02,30-39,Female,Maternity,Sputum,Gram Stain,Afternoon,Nurse,Accepted,Not rejected,51.0,False,False
SP103113,2025-11-06,30-39,Male,Inpatient,Sputum,AFB,Afternoon,Clinical Officer,Accepted,Not rejected,119.0,False,False
SP100144,2025-01-24,0-9,Female,Maternity,Urine,Urine Culture,Morning,Clinical Officer,Accepted,Not rejected,68.0,False,False
SP104676,2025-01-23,0-9,Female,Outpatient,Blood,Creatinine,Afternoon,Clinical Officer,Accepted,Not rejected,111.0,False,False
SP101034,2025-05-27,20-29,Male,Outpatient,Urine,Urinalysis,Afternoon,Clinical Officer,Accepted,Not rejected,89.0,False,False
SP101817,2025-11-02,0-9,Male,ICU,Urine,Urinalysis,Morning,Laboratory Technologist,Accepted,Not rejected,82.0,False,False
SP103309,2025-05-03,50-59,Female,Emergency,Urine,Urinalysis,Night,Nurse,Accepted,Not rejected,73.0,False,False
SP102753,2025-03-05,40-49,Male,Maternity,Blood,CBC,Morning,Clinical Officer,Accepted,Not rejected,71.0,True,False
SP100408,2025-01-04,20-29,Female,Inpatient,Blood,Urea,Morning,Unknown,Accepted,Not rejected,100.0,False,False
SP101372,2025-08-10,40-49,Male,Outpatient,Blood,LFT,Morning,Nurse,Accepted,Not rejected,61.0,False,False
SP101966,2025-05-08,30-39,Female,Inpatient,Blood,Creatinine,Morning,Laboratory Technologist,Accepted,Not rejected,43.0,False,False
SP101539,2025-09-23,60+,Female,Emergency,Sputum,Gram Stain,Morning,Clinical Officer,Accepted,Not rejected,85.0,False,False
SP102940,2025-03-02,60+,Female,Outpatient,Blood,Glucose,Morning,Laboratory Technologist,Accepted,Not rejected,87.0,False,False
SP102545,2025-06-12,50-59,Male,Outpatient,Urine,Urine Culture,Morning,Nurse,Accepted,Not rejected,105.0,False,False
SP100107,2025-11-26,30-39,Male,ICU,Sputum,Culture,Afternoon,Phlebotomist,Accepted,Not rejected,52.0,False,False
SP101309,2025-01-27,10-19,Male,Outpatient,Swab,Throat Culture,Afternoon,Laboratory Technologist,Accepted,Not rejected,53.0,False,False
SP101993,2025-03-06,60+,Female,Maternity,Blood,CBC,Morning,Nurse,Accepted,Not rejected,44.0,False,False
SP103153,2025-02-13,0-9,Female,Outpatient,Blood,Glucose,Afternoon,Clinical Officer,Accepted,Not rejected,97.0,False,False
SP102173,2025-06-08,50-59,Female,Maternity,Blood,Creatinine,Afternoon,Phlebotomist,Accepted,Not rejected,79.0,False,False
SP100470,2025-10-29,60+,Male,Outpatient,Swab,Wound Culture,Morning,Clinical Officer,Accepted,Not rejected,69.0,False,False
SP100741,2025-11-27,30-39,Male,Pediatrics,Swab,Wound Culture,Morning,Clinical Officer,Accepted,Not rejected,68.0,False,True
SP104853,2025-03-01,10-19,Female,Emergency,Blood,Urea,Afternoon,Nurse,Accepted,Not rejected,96.0,False,False
SP104342,2025-06-10,20-29,Female,Inpatient,Urine,Urine Culture,Morning,Clinical Officer,Accepted,Not rejected,114.0,False,False
SP101229,2025-03-25,40-49,Male,Maternity,Urine,Urinalysis,Morning,Clinical Officer,Accepted,Not rejected,72.0,True,False
SP104641,2025-07-07,10-19,Female,Inpatient,Blood,CBC,Afternoon,Nurse,Accepted,Not rejected,102.0,False,False
SP100049,2025-06-17,30-39,Male,Outpatient,Sputum,Culture,Afternoon,Clinical Officer,Accepted,Not rejected,85.0,False,False
SP104257,2025-04-02,0-9,Male,Pediatrics,CSF,CSF Analysis,Morning,Phlebotomist,Accepted,Not rejected,55.0,False,False
SP100577,2025-02-09,20-29,Female,Outpatient,Blood,CBC,Morning,Clinical Officer,Accepted,Not rejected,58.0,False,False
SP102561,2025-12-23,0-9,Female,Inpatient,Sputum,AFB,Morning,Phlebotomist,Accepted,Not rejected,105.0,False,False
SP100067,2025-07-03,10-19,Male,Maternity,Blood,LFT,Night,Phlebotomist,Accepted,Not rejected,70.0,True,False
SP102558,2025-01-06,20-29,Female,Outpatient,Sputum,Gram Stain,Morning,Nurse,Accepted,Not rejected,42.0,False,False
SP103402,2025-08-02,0-9,Female,ICU,Blood,LFT,Morning,Phlebotomist,Accepted,Not rejected,32.0,False,False
SP102390,2025-07-17,40-49,Male,Outpatient,Blood,Glucose,Morning,Nurse,Accepted,Not rejected,60.0,False,False
SP104895,2025-09-10,50-59,Male,Emergency,Blood,Creatinine,Afternoon,Nurse,Accepted,Not rejected,83.0,False,False
SP100758,2025-09-01,40-49,Female,Inpatient,Blood,Urea,Morning,Laboratory Technologist,Accepted,Not rejected,70.0,False,False
SP102049,2025-01-23,10-19,Female,Emergency,Urine,Urine Culture,Night,Nurse,Accepted,Not rejected,71.0,False,False
SP102355,2025-05-31,50-59,Female,Emergency,Blood,LFT,Afternoon,Phlebotomist,Accepted,Not rejected,111.0,False,False
SP101537,2025-01-02,20-29,Female,ICU,Sputum,AFB,Morning,Phlebotomist,Rejected,Hemolysis,75.0,False,False
SP101251,2025-10-15,60+,Female,Maternity,Urine,Urinalysis,Afternoon,Clinical Officer,Accepted,Not rejected,86.0,False,False
SP101531,2025-06-03,40-49,Female,Pediatrics,Urine,Urine Culture,Morning,Laboratory Technologist,Accepted,Not rejected,68.0,False,True
SP104921,2025-12-27,60+,Male,Inpatient,Swab,Wound Culture,Afternoon,Phlebotomist,Accepted,Not rejected,70.0,False,False
SP103122,2025-08-24,10-19,Male,Outpatient,Blood,LFT,Night,Clinical Officer,Accepted,Not rejected,82.0,False,False
SP100644,2025-10-01,40-49,Male,Outpatient,Sputum,Culture,Afternoon,Laboratory Technologist,Accepted,Not rejected,105.0,False,False
SP103755,2025-01-06,20-29,Male,Outpatient,Blood,CBC,Morning,Phlebotomist,Accepted,Not rejected,73.0,False,False
SP104101,2025-05-09,50-59,Female,Pediatrics,Stool,Culture,Afternoon,Nurse,Accepted,Not rejected,88.0,False,True
SP102983,2025-09-30,20-29,Female,ICU,Blood,Creatinine,Morning,Nurse,Accepted,Not rejected,88.0,False,False
SP103375,2025-03-30,40-49,Female,Maternity,Sputum,Gram Stain,Afternoon,Nurse,Accepted,Not rejected,44.0,False,False
SP103136,2025-01-02,50-59,Female,Outpatient,Urine,Urinalysis,Morning,Nurse,Accepted,Not rejected,51.0,False,False
SP100619,2025-03-23,40-49,Female,Pediatrics,Blood,Glucose,Afternoon,Nurse,Accepted,Not rejected,,False,True
SP102686,2025-01-09,50-59,Male,Inpatient,Blood,Glucose,Morning,Phlebotomist,Accepted,Not rejected,98.0,False,False
SP101305,2025-06-08,20-29,Female,ICU,Swab,Wound Culture,Morning,Phlebotomist,Accepted,Not rejected,64.0,False,False
SP100792,2025-12-26,10-19,Male,Outpatient,Swab,Wound Culture,Morning,Laboratory Technologist,Accepted,Not rejected,75.0,False,False
SP102663,2025-03-05,10-19,Female,Emergency,Blood,Urea,Afternoon,Clinical Officer,Accepted,Not rejected,90.0,False,False
SP103642,2025-08-25,60+,Female,Outpatient,Urine,Urine Culture,Afternoon,Phlebotomist,Accepted,Not rejected,81.0,False,False
SP100008,2025-06-09,40-49,Male,Emergency,Urine,Urinalysis,Afternoon,Nurse,Accepted,Not rejected,70.0,False,False
SP102081,2025-08-31,20-29,Female,Inpatient,Sputum,AFB,Afternoon,Nurse,Rejected,Delayed transport,63.0,False,False
SP100121,2025-05-27,0-9,Male,Pediatrics,Blood,LFT,Morning,Phlebotomist,Accepted,Not rejected,83.0,False,False
SP103394,2025-03-17,60+,Female,Outpatient,Urine,Urine Culture,Afternoon,Clinical Officer,Accepted,Not rejected,94.0,False,False
SP100510,2025-10-08,40-49,Female,Inpatient,Urine,Urinalysis,Night,Clinical Officer,Accepted,Not rejected,41.0,False,False
SP104277,2025-12-10,10-19,Female,Outpatient,Blood,Creatinine,Morning,Nurse,Accepted,Not rejected,63.0,False,False
SP103279,2025-11-11,30-39,Male,Outpatient,Blood,Creatinine,Night,Clinical Officer,Accepted,Not rejected,91.0,False,False
SP104505,2025-11-24,10-19,Male,Outpatient,Swab,Throat Culture,Afternoon,Nurse,Accepted,Not rejected,75.0,False,False
SP101136,2025-11-14,60+,Male,Pediatrics,Urine,Urinalysis,Afternoon,Nurse,Accepted,Not rejected,103.0,False,True
SP101754,2025-03-06,20-29,Female,Pediatrics,Urine,Urinalysis,Morning,Clinical Officer,Accepted,Not rejected,57.0,False,True
SP102810,2025-08-08,50-59,Female,Unknown,Blood,CBC,Morning,Nurse,Accepted,Not rejected,84.0,False,False
SP101440,2025-11-27,0-9,Female,Outpatient,Blood,Creatinine,Afternoon,Nurse,Accepted,Not rejected,66.0,False,False
SP102969,2025-02-12,50-59,Male,ICU,Blood,Glucose,Morning,Phlebotomist,Accepted,Not rejected,103.0,False,False
SP101766,2025-05-08,50-59,Female,Outpatient,Blood,Urea,Morning,Laboratory Technologist,Accepted,Not rejected,71.0,False,False
SP103870,2025-03-01,60+,Male,ICU,Blood,Urea,Night,Laboratory Technologist,Accepted,Not rejected,75.0,False,False
SP104484,2025-02-15,0-9,Female,Outpatient,Blood,CBC,Afternoon,Laboratory Technologist,Accepted,Not rejected,75.0,False,False
SP103001,2025-11-16,30-39,Female,Maternity,Urine,Urinalysis,Morning,Nurse,Accepted,Not rejected,13.0,False,False
SP104331,2025-10-11,40-49,Female,Maternity,Blood,Urea,Night,Nurse,Accepted,Not rejected,107.0,False,False
SP101157,2025-01-19,60+,Male,Inpatient,Sputum,Gram Stain,Afternoon,Phlebotomist,Accepted,Not rejected,10.0,False,False
SP100464,2025-02-10,50-59,Male,Inpatient,Stool,Culture,Morning,Nurse,Accepted,Not rejected,122.0,False,False
SP103209,2025-02-24,30-39,Male,Pediatrics,Blood,Glucose,Night,Nurse,Accepted,Not rejected,46.0,False,True
SP104954,2025-05-17,20-29,Female,Outpatient,Urine,Urinalysis,Morning,Nurse,Accepted,Not rejected,59.0,False,False
SP103974,2025-03-24,Unknown,Male,Pediatrics,Urine,Urinalysis,Morning,Nurse,Accepted,Not rejected,91.0,False,True
SP102288,2025-06-30,20-29,Female,Pediatrics,Blood,LFT,Afternoon,Clinical Officer,Accepted,Not rejected,114.0,False,True
SP100780,2025-08-23,30-39,Female,Inpatient,Swab,Throat Culture,Night,Clinical Officer,Accepted,Not rejected,124.0,False,False
SP100929,2025-10-06,30-39,Female,Outpatient,Blood,Glucose,Morning,Laboratory Technologist,Accepted,Not rejected,68.0,False,False
SP102296,2025-09-06,10-19,Female,ICU,Blood,Creatinine,Afternoon,Laboratory Technologist,Accepted,Not rejected,86.0,False,False
SP102416,2025-11-27,30-39,Male,Pediatrics,Blood,Urea,Afternoon,Clinical Officer,Accepted,Not rejected,53.0,False,True
SP101797,2025-10-18,40-49,Male,Outpatient,CSF,CSF Analysis,Afternoon,Clinical Officer,Accepted,Not rejected,58.0,False,False
SP102530,2025-07-21,40-49,Male,Emergency,Sputum,AFB,Morning,Nurse,Accepted,Not rejected,82.0,False,False
SP101772,2025-06-17,30-39,Female,ICU,Blood,CBC,Afternoon,Phlebotomist,Accepted,Not rejected,46.0,False,False
SP100952,2025-08-29,20-29,Male,Emergency,Urine,Urine Culture,Morning,Laboratory Technologist,Accepted,Not rejected,28.0,False,False
SP104146,2025-05-18,0-9,Female,Pediatrics,Urine,Urine Culture,Afternoon,Laboratory Technologist,Accepted,Not rejected,66.0,False,False
SP101765,2025-05-23,20-29,Male,Outpatient,Swab,Wound Culture,Morning,Clinical Officer,Accepted,Not rejected,,False,False
SP100486,2025-06-07,20-29,Female,Inpatient,Blood,Creatinine,Afternoon,Phlebotomist,Accepted,Not rejected,50.0,False,False
SP100681,2025-05-10,10-19,Female,ICU,Blood,Glucose,Morning,Clinical Officer,Accepted,Not rejected,120.0,False,False
SP101208,2025-05-21,20-29,Female,Outpatient,Blood,Urea,Afternoon,Clinical Officer,Accepted,Not rejected,60.0,False,False
SP102935,2025-07-24,60+,Male,Emergency,Urine,Urinalysis,Afternoon,Nurse,Accepted,Not rejected,93.0,False,False
SP102644,2025-12-22,30-39,Female,ICU,Blood,LFT,Morning,Laboratory Technologist,Accepted,Not rejected,73.0,False,False
SP103310,2025-04-17,20-29,Female,ICU,Sputum,Culture,Night,Nurse,Accepted,Not rejected,41.0,False,False
SP102352,2025-06-12,10-19,Male,ICU,Swab,Throat Culture,Afternoon,Phlebotomist,Accepted,Not rejected,116.0,False,False
SP101789,2025-05-28,50-59,Female,Inpatient,Sputum,Culture,Morning,Laboratory Technologist,Accepted,Not rejected,39.0,False,False
SP100233,2025-08-21,10-19,Female,Inpatient,Blood,Urea,Afternoon,Phlebotomist,Accepted,Not rejected,111.0,False,False
SP100829,2025-08-03,40-49,Female,Outpatient,Stool,Culture,Morning,Laboratory Technologist,Accepted,Not rejected,93.0,False,False
SP100447,2025-02-22,50-59,Male,Inpatient,Blood,Urea,Morning,Laboratory Technologist,Accepted,Not rejected,51.0,False,False
SP101646,2025-08-16,40-49,Male,Inpatient,Urine,Urine Culture,Morning,Clinical Officer,Accepted,Not rejected,56.0,False,False
SP100840,2025-07-03,40-49,Female,Pediatrics,Urine,Urinalysis,Afternoon,Nurse,Accepted,Not rejected,12.0,False,True
SP104298,2025-01-15,0-9,Male,Outpatient,Urine,Urine Culture,Afternoon,Nurse,Accepted,Not rejected,73.0,False,False
SP104706,2025-05-22,60+,Male,Outpatient,Urine,Urinalysis,Morning,Nurse,Accepted,Not rejected,102.0,False,False
SP101144,2025-11-27,0-9,Male,Outpatient,Stool,Stool O&P,Night,Nurse,Rejected,Mislabeling,91.0,False,False
SP100048,2025-08-21,10-19,Female,ICU,Swab,Throat Culture,Night,Nurse,Accepted,Not rejected,115.0,False,False
SP100772,2025-06-21,10-19,Female,Outpatient,Urine,Urinalysis,Afternoon,Nurse,Accepted,Not rejected,126.0,False,False
